Fitter report for cnn_full_small
Fri Sep 11 02:23:52 2026
Quartus Prime Version 25.1std.0 Build 1129 10/21/2025 SC Lite Edition


---------------------
; Table of Contents ;
---------------------
  1. Legal Notice
  2. Fitter Summary
  3. Fitter Settings
  4. Parallel Compilation
  5. Fitter Netlist Optimizations
  6. Incremental Compilation Preservation Summary
  7. Incremental Compilation Partition Settings
  8. Incremental Compilation Placement Preservation
  9. Pin-Out File
 10. Fitter Resource Usage Summary
 11. Fitter Partition Statistics
 12. Input Pins
 13. Output Pins
 14. I/O Bank Usage
 15. All Package Pins
 16. I/O Assignment Warnings
 17. Fitter Resource Utilization by Entity
 18. Delay Chain Summary
 19. Pad To Core Delay Chain Fanout
 20. Control Signals
 21. Global & Other Fast Signals
 22. Fitter RAM Summary
 23. Fitter DSP Block Usage Summary
 24. DSP Block Details
 25. Routing Usage Summary
 26. I/O Rules Summary
 27. I/O Rules Details
 28. I/O Rules Matrix
 29. Fitter Device Options
 30. Operating Settings and Conditions
 31. Estimated Delay Added for Hold Timing Summary
 32. Estimated Delay Added for Hold Timing Details
 33. Fitter Messages



----------------
; Legal Notice ;
----------------
Copyright (C) 2025  Altera Corporation. All rights reserved.
Your use of Altera Corporation's design tools, logic functions 
and other software and tools, and any partner logic 
functions, and any output files from any of the foregoing 
(including device programming or simulation files), and any 
associated documentation or information are expressly subject 
to the terms and conditions of the Altera Program License 
Subscription Agreement, the Altera Quartus Prime License Agreement,
the Altera IP License Agreement, or other applicable license
agreement, including, without limitation, that your use is for
the sole purpose of programming logic devices manufactured by
Altera and sold by Altera or its authorized distributors.  Please
refer to the Altera Software License Subscription Agreements 
on the Quartus Prime software download page.



+-----------------------------------------------------------------------------------+
; Fitter Summary                                                                    ;
+---------------------------------+-------------------------------------------------+
; Fitter Status                   ; Successful - Fri Sep 11 02:23:52 2026           ;
; Quartus Prime Version           ; 25.1std.0 Build 1129 10/21/2025 SC Lite Edition ;
; Revision Name                   ; cnn_full_small                                  ;
; Top-level Entity Name           ; cnn_fpga_top                                    ;
; Family                          ; Cyclone V                                       ;
; Device                          ; 5CSXFC6D6F31I7                                  ;
; Timing Models                   ; Final                                           ;
; Logic utilization (in ALMs)     ; 1,145 / 41,910 ( 3 % )                          ;
; Total registers                 ; 889                                             ;
; Total pins                      ; 6 / 499 ( 1 % )                                 ;
; Total virtual pins              ; 0                                               ;
; Total block memory bits         ; 455,104 / 5,662,720 ( 8 % )                     ;
; Total RAM Blocks                ; 71 / 553 ( 13 % )                               ;
; Total DSP Blocks                ; 13 / 112 ( 12 % )                               ;
; Total HSSI RX PCSs              ; 0 / 9 ( 0 % )                                   ;
; Total HSSI PMA RX Deserializers ; 0 / 9 ( 0 % )                                   ;
; Total HSSI TX PCSs              ; 0 / 9 ( 0 % )                                   ;
; Total HSSI PMA TX Serializers   ; 0 / 9 ( 0 % )                                   ;
; Total PLLs                      ; 0 / 15 ( 0 % )                                  ;
; Total DLLs                      ; 0 / 4 ( 0 % )                                   ;
+---------------------------------+-------------------------------------------------+


+----------------------------------------------------------------------------------------------------------------------------------------------------+
; Fitter Settings                                                                                                                                    ;
+--------------------------------------------------------------------+---------------------------------------+---------------------------------------+
; Option                                                             ; Setting                               ; Default Value                         ;
+--------------------------------------------------------------------+---------------------------------------+---------------------------------------+
; Device                                                             ; 5CSXFC6D6F31I7                        ;                                       ;
; Maximum processors allowed for parallel compilation                ; 8                                     ;                                       ;
; Use smart compilation                                              ; Off                                   ; Off                                   ;
; Enable parallel Assembler and Timing Analyzer during compilation   ; On                                    ; On                                    ;
; Enable compact report table                                        ; Off                                   ; Off                                   ;
; Router Timing Optimization Level                                   ; Normal                                ; Normal                                ;
; Perform Clocking Topology Analysis During Routing                  ; Off                                   ; Off                                   ;
; Placement Effort Multiplier                                        ; 1.0                                   ; 1.0                                   ;
; Device initialization clock source                                 ; INIT_INTOSC                           ; INIT_INTOSC                           ;
; Optimize Hold Timing                                               ; All Paths                             ; All Paths                             ;
; Optimize Multi-Corner Timing                                       ; On                                    ; On                                    ;
; Auto RAM to MLAB Conversion                                        ; On                                    ; On                                    ;
; Equivalent RAM and MLAB Power Up                                   ; Auto                                  ; Auto                                  ;
; Equivalent RAM and MLAB Paused Read Capabilities                   ; Care                                  ; Care                                  ;
; Power Optimization During Fitting                                  ; Normal compilation                    ; Normal compilation                    ;
; SSN Optimization                                                   ; Off                                   ; Off                                   ;
; Optimize Timing                                                    ; Normal compilation                    ; Normal compilation                    ;
; Optimize Timing for ECOs                                           ; Off                                   ; Off                                   ;
; Regenerate Full Fit Report During ECO Compiles                     ; Off                                   ; Off                                   ;
; Optimize IOC Register Placement for Timing                         ; Normal                                ; Normal                                ;
; Final Placement Optimizations                                      ; Automatically                         ; Automatically                         ;
; Fitter Aggressive Routability Optimizations                        ; Automatically                         ; Automatically                         ;
; Fitter Initial Placement Seed                                      ; 1                                     ; 1                                     ;
; Periphery to Core Placement and Routing Optimization               ; Off                                   ; Off                                   ;
; Weak Pull-Up Resistor                                              ; Off                                   ; Off                                   ;
; Enable Bus-Hold Circuitry                                          ; Off                                   ; Off                                   ;
; Auto Packed Registers                                              ; Auto                                  ; Auto                                  ;
; Auto Delay Chains                                                  ; On                                    ; On                                    ;
; Auto Delay Chains for High Fanout Input Pins                       ; Off                                   ; Off                                   ;
; Treat Bidirectional Pin as Output Pin                              ; Off                                   ; Off                                   ;
; Perform Physical Synthesis for Combinational Logic for Fitting     ; Off                                   ; Off                                   ;
; Perform Physical Synthesis for Combinational Logic for Performance ; Off                                   ; Off                                   ;
; Perform Register Duplication for Performance                       ; Off                                   ; Off                                   ;
; Perform Register Retiming for Performance                          ; Off                                   ; Off                                   ;
; Perform Asynchronous Signal Pipelining                             ; Off                                   ; Off                                   ;
; Fitter Effort                                                      ; Auto Fit                              ; Auto Fit                              ;
; Physical Synthesis Effort Level                                    ; Normal                                ; Normal                                ;
; Logic Cell Insertion - Logic Duplication                           ; Auto                                  ; Auto                                  ;
; Auto Register Duplication                                          ; Auto                                  ; Auto                                  ;
; Auto Global Clock                                                  ; On                                    ; On                                    ;
; Auto Global Register Control Signals                               ; On                                    ; On                                    ;
; Reserve all unused pins                                            ; As input tri-stated with weak pull-up ; As input tri-stated with weak pull-up ;
; Synchronizer Identification                                        ; Auto                                  ; Auto                                  ;
; Enable Beneficial Skew Optimization                                ; On                                    ; On                                    ;
; Optimize Design for Metastability                                  ; On                                    ; On                                    ;
; Active Serial clock source                                         ; FREQ_100MHz                           ; FREQ_100MHz                           ;
; Force Fitter to Avoid Periphery Placement Warnings                 ; Off                                   ; Off                                   ;
; Clamping Diode                                                     ; Off                                   ; Off                                   ;
; Enable input tri-state on active configuration pins in user mode   ; Off                                   ; Off                                   ;
; Advanced Physical Optimization                                     ; On                                    ; On                                    ;
+--------------------------------------------------------------------+---------------------------------------+---------------------------------------+


+------------------------------------------+
; Parallel Compilation                     ;
+----------------------------+-------------+
; Processors                 ; Number      ;
+----------------------------+-------------+
; Number detected on machine ; 8           ;
; Maximum allowed            ; 8           ;
;                            ;             ;
; Average used               ; 1.19        ;
; Maximum used               ; 8           ;
;                            ;             ;
; Usage by Processor         ; % Time Used ;
;     Processor 1            ; 100.0%      ;
;     Processor 2            ;   3.3%      ;
;     Processor 3            ;   3.0%      ;
;     Processor 4            ;   2.9%      ;
;     Processor 5            ;   2.6%      ;
;     Processor 6            ;   2.6%      ;
;     Processor 7            ;   2.5%      ;
;     Processor 8            ;   2.4%      ;
+----------------------------+-------------+


+-----------------------------------------------------------------------------------------------------------------------------------------------------------------------------------------------------------------------------------------------------------------------------------+
; Fitter Netlist Optimizations                                                                                                                                                                                                                                                      ;
+------------------------------------------------+-----------------+---------------------------------------------------+----------------------------+-----------+----------------+-------------------------------------------------------+------------------+-----------------------+
; Node                                           ; Action          ; Operation                                         ; Reason                     ; Node Port ; Node Port Name ; Destination Node                                      ; Destination Port ; Destination Port Name ;
+------------------------------------------------+-----------------+---------------------------------------------------+----------------------------+-----------+----------------+-------------------------------------------------------+------------------+-----------------------+
; CLOCK_50~inputCLKENA0                          ; Created         ; Placement                                         ; Fitter Periphery Placement ;           ;                ;                                                       ;                  ;                       ;
; cnn_small_core:u_core|class_idx[0]             ; Packed Register ; Register Packing                                  ; Timing optimization        ; Q         ;                ; cnn_small_core:u_core|Mult9~8                         ; AY               ;                       ;
; cnn_small_core:u_core|class_idx[0]             ; Duplicated      ; Register Packing                                  ; Timing optimization        ; Q         ;                ; cnn_small_core:u_core|class_idx[0]~_Duplicate_1       ; Q                ;                       ;
; cnn_small_core:u_core|class_idx[0]~SCLR_LUT    ; Created         ; Register Packing                                  ; Timing optimization        ;           ;                ;                                                       ;                  ;                       ;
; cnn_small_core:u_core|class_idx[1]             ; Packed Register ; Register Packing                                  ; Timing optimization        ; Q         ;                ; cnn_small_core:u_core|Mult9~8                         ; AY               ;                       ;
; cnn_small_core:u_core|class_idx[1]             ; Duplicated      ; Register Packing                                  ; Timing optimization        ; Q         ;                ; cnn_small_core:u_core|class_idx[1]~_Duplicate_1       ; Q                ;                       ;
; cnn_small_core:u_core|class_idx[1]~SCLR_LUT    ; Created         ; Register Packing                                  ; Timing optimization        ;           ;                ;                                                       ;                  ;                       ;
; cnn_small_core:u_core|class_idx[2]             ; Packed Register ; Register Packing                                  ; Timing optimization        ; Q         ;                ; cnn_small_core:u_core|Mult9~8                         ; AY               ;                       ;
; cnn_small_core:u_core|class_idx[2]             ; Duplicated      ; Register Packing                                  ; Timing optimization        ; Q         ;                ; cnn_small_core:u_core|class_idx[2]~_Duplicate_1       ; Q                ;                       ;
; cnn_small_core:u_core|class_idx[2]~SCLR_LUT    ; Created         ; Register Packing                                  ; Timing optimization        ;           ;                ;                                                       ;                  ;                       ;
; cnn_small_core:u_core|class_idx[3]             ; Packed Register ; Register Packing                                  ; Timing optimization        ; Q         ;                ; cnn_small_core:u_core|Mult9~8                         ; AY               ;                       ;
; cnn_small_core:u_core|class_idx[3]             ; Duplicated      ; Register Packing                                  ; Timing optimization        ; Q         ;                ; cnn_small_core:u_core|class_idx[3]~_Duplicate_1       ; Q                ;                       ;
; cnn_small_core:u_core|class_idx[3]~SCLR_LUT    ; Created         ; Register Packing                                  ; Timing optimization        ;           ;                ;                                                       ;                  ;                       ;
; cnn_small_core:u_core|class_idx[4]             ; Packed Register ; Register Packing                                  ; Timing optimization        ; Q         ;                ; cnn_small_core:u_core|Mult9~8                         ; AY               ;                       ;
; cnn_small_core:u_core|class_idx[4]             ; Duplicated      ; Register Packing                                  ; Timing optimization        ; Q         ;                ; cnn_small_core:u_core|class_idx[4]~_Duplicate_1       ; Q                ;                       ;
; cnn_small_core:u_core|class_idx[4]~SCLR_LUT    ; Created         ; Register Packing                                  ; Timing optimization        ;           ;                ;                                                       ;                  ;                       ;
; cnn_small_core:u_core|class_idx[5]             ; Packed Register ; Register Packing                                  ; Timing optimization        ; Q         ;                ; cnn_small_core:u_core|Mult9~8                         ; AY               ;                       ;
; cnn_small_core:u_core|class_idx[5]             ; Duplicated      ; Register Packing                                  ; Timing optimization        ; Q         ;                ; cnn_small_core:u_core|class_idx[5]~_Duplicate_1       ; Q                ;                       ;
; cnn_small_core:u_core|class_idx[5]~SCLR_LUT    ; Created         ; Register Packing                                  ; Timing optimization        ;           ;                ;                                                       ;                  ;                       ;
; cnn_small_core:u_core|class_idx[6]             ; Packed Register ; Register Packing                                  ; Timing optimization        ; Q         ;                ; cnn_small_core:u_core|Mult9~8                         ; AY               ;                       ;
; cnn_small_core:u_core|class_idx[6]             ; Duplicated      ; Register Packing                                  ; Timing optimization        ; Q         ;                ; cnn_small_core:u_core|class_idx[6]~_Duplicate_1       ; Q                ;                       ;
; cnn_small_core:u_core|class_idx[6]~SCLR_LUT    ; Created         ; Register Packing                                  ; Timing optimization        ;           ;                ;                                                       ;                  ;                       ;
; cnn_small_core:u_core|class_idx[7]             ; Packed Register ; Register Packing                                  ; Timing optimization        ; Q         ;                ; cnn_small_core:u_core|Mult9~8                         ; AY               ;                       ;
; cnn_small_core:u_core|class_idx[7]             ; Duplicated      ; Register Packing                                  ; Timing optimization        ; Q         ;                ; cnn_small_core:u_core|class_idx[7]~_Duplicate_1       ; Q                ;                       ;
; cnn_small_core:u_core|class_idx[7]~SCLR_LUT    ; Created         ; Register Packing                                  ; Timing optimization        ;           ;                ;                                                       ;                  ;                       ;
; cnn_small_core:u_core|class_idx[8]             ; Packed Register ; Register Packing                                  ; Timing optimization        ; Q         ;                ; cnn_small_core:u_core|Mult9~8                         ; AY               ;                       ;
; cnn_small_core:u_core|class_idx[8]             ; Duplicated      ; Register Packing                                  ; Timing optimization        ; Q         ;                ; cnn_small_core:u_core|class_idx[8]~_Duplicate_1       ; Q                ;                       ;
; cnn_small_core:u_core|class_idx[8]~SCLR_LUT    ; Created         ; Register Packing                                  ; Timing optimization        ;           ;                ;                                                       ;                  ;                       ;
; cnn_small_core:u_core|class_idx[9]             ; Packed Register ; Register Packing                                  ; Timing optimization        ; Q         ;                ; cnn_small_core:u_core|Mult9~8                         ; AY               ;                       ;
; cnn_small_core:u_core|class_idx[9]             ; Duplicated      ; Register Packing                                  ; Timing optimization        ; Q         ;                ; cnn_small_core:u_core|class_idx[9]~_Duplicate_1       ; Q                ;                       ;
; cnn_small_core:u_core|class_idx[9]~SCLR_LUT    ; Created         ; Register Packing                                  ; Timing optimization        ;           ;                ;                                                       ;                  ;                       ;
; cnn_small_core:u_core|class_idx[10]            ; Packed Register ; Register Packing                                  ; Timing optimization        ; Q         ;                ; cnn_small_core:u_core|Mult9~8                         ; AY               ;                       ;
; cnn_small_core:u_core|class_idx[10]            ; Duplicated      ; Register Packing                                  ; Timing optimization        ; Q         ;                ; cnn_small_core:u_core|class_idx[10]~_Duplicate_1      ; Q                ;                       ;
; cnn_small_core:u_core|class_idx[10]~SCLR_LUT   ; Created         ; Register Packing                                  ; Timing optimization        ;           ;                ;                                                       ;                  ;                       ;
; cnn_small_core:u_core|class_idx[11]            ; Packed Register ; Register Packing                                  ; Timing optimization        ; Q         ;                ; cnn_small_core:u_core|Mult9~8                         ; AY               ;                       ;
; cnn_small_core:u_core|class_idx[11]            ; Duplicated      ; Register Packing                                  ; Timing optimization        ; Q         ;                ; cnn_small_core:u_core|class_idx[11]~_Duplicate_1      ; Q                ;                       ;
; cnn_small_core:u_core|class_idx[11]~SCLR_LUT   ; Created         ; Register Packing                                  ; Timing optimization        ;           ;                ;                                                       ;                  ;                       ;
; cnn_small_core:u_core|class_idx[12]            ; Packed Register ; Register Packing                                  ; Timing optimization        ; Q         ;                ; cnn_small_core:u_core|Mult9~8                         ; AY               ;                       ;
; cnn_small_core:u_core|class_idx[12]            ; Duplicated      ; Register Packing                                  ; Timing optimization        ; Q         ;                ; cnn_small_core:u_core|class_idx[12]~_Duplicate_1      ; Q                ;                       ;
; cnn_small_core:u_core|class_idx[12]~SCLR_LUT   ; Created         ; Register Packing                                  ; Timing optimization        ;           ;                ;                                                       ;                  ;                       ;
; cnn_small_core:u_core|class_idx[13]            ; Packed Register ; Register Packing                                  ; Timing optimization        ; Q         ;                ; cnn_small_core:u_core|Mult9~8                         ; AY               ;                       ;
; cnn_small_core:u_core|class_idx[13]            ; Duplicated      ; Register Packing                                  ; Timing optimization        ; Q         ;                ; cnn_small_core:u_core|class_idx[13]~_Duplicate_1      ; Q                ;                       ;
; cnn_small_core:u_core|class_idx[13]~SCLR_LUT   ; Created         ; Register Packing                                  ; Timing optimization        ;           ;                ;                                                       ;                  ;                       ;
; cnn_small_core:u_core|class_idx[14]            ; Packed Register ; Register Packing                                  ; Timing optimization        ; Q         ;                ; cnn_small_core:u_core|Mult9~8                         ; AY               ;                       ;
; cnn_small_core:u_core|class_idx[14]            ; Duplicated      ; Register Packing                                  ; Timing optimization        ; Q         ;                ; cnn_small_core:u_core|class_idx[14]~_Duplicate_1      ; Q                ;                       ;
; cnn_small_core:u_core|class_idx[14]~SCLR_LUT   ; Created         ; Register Packing                                  ; Timing optimization        ;           ;                ;                                                       ;                  ;                       ;
; cnn_small_core:u_core|class_idx[15]            ; Packed Register ; Register Packing                                  ; Timing optimization        ; Q         ;                ; cnn_small_core:u_core|Mult9~8                         ; AY               ;                       ;
; cnn_small_core:u_core|class_idx[15]            ; Duplicated      ; Register Packing                                  ; Timing optimization        ; Q         ;                ; cnn_small_core:u_core|class_idx[15]~_Duplicate_1      ; Q                ;                       ;
; cnn_small_core:u_core|class_idx[15]~SCLR_LUT   ; Created         ; Register Packing                                  ; Timing optimization        ;           ;                ;                                                       ;                  ;                       ;
; cnn_small_core:u_core|class_idx[16]            ; Packed Register ; Register Packing                                  ; Timing optimization        ; Q         ;                ; cnn_small_core:u_core|Mult9~8                         ; AY               ;                       ;
; cnn_small_core:u_core|class_idx[16]            ; Duplicated      ; Register Packing                                  ; Timing optimization        ; Q         ;                ; cnn_small_core:u_core|class_idx[16]~_Duplicate_1      ; Q                ;                       ;
; cnn_small_core:u_core|class_idx[16]~SCLR_LUT   ; Created         ; Register Packing                                  ; Timing optimization        ;           ;                ;                                                       ;                  ;                       ;
; cnn_small_core:u_core|class_idx[17]            ; Packed Register ; Register Packing                                  ; Timing optimization        ; Q         ;                ; cnn_small_core:u_core|Mult9~8                         ; AY               ;                       ;
; cnn_small_core:u_core|class_idx[17]            ; Duplicated      ; Register Packing                                  ; Timing optimization        ; Q         ;                ; cnn_small_core:u_core|class_idx[17]~_Duplicate_1      ; Q                ;                       ;
; cnn_small_core:u_core|class_idx[17]~SCLR_LUT   ; Created         ; Register Packing                                  ; Timing optimization        ;           ;                ;                                                       ;                  ;                       ;
; cnn_small_core:u_core|in_ch[0]                 ; Packed Register ; Register Packing                                  ; Timing optimization        ; Q         ;                ; cnn_small_core:u_core|Mult4~8                         ; AY               ;                       ;
; cnn_small_core:u_core|in_ch[0]                 ; Duplicated      ; Register Packing                                  ; Timing optimization        ; Q         ;                ; cnn_small_core:u_core|in_ch[0]~_Duplicate_1           ; Q                ;                       ;
; cnn_small_core:u_core|in_ch[0]~SCLR_LUT        ; Created         ; Register Packing                                  ; Timing optimization        ;           ;                ;                                                       ;                  ;                       ;
; cnn_small_core:u_core|in_ch[1]                 ; Packed Register ; Register Packing                                  ; Timing optimization        ; Q         ;                ; cnn_small_core:u_core|Mult4~8                         ; AY               ;                       ;
; cnn_small_core:u_core|in_ch[1]                 ; Duplicated      ; Register Packing                                  ; Timing optimization        ; Q         ;                ; cnn_small_core:u_core|in_ch[1]~_Duplicate_1           ; Q                ;                       ;
; cnn_small_core:u_core|in_ch[1]~SCLR_LUT        ; Created         ; Register Packing                                  ; Timing optimization        ;           ;                ;                                                       ;                  ;                       ;
; cnn_small_core:u_core|in_ch[2]                 ; Packed Register ; Register Packing                                  ; Timing optimization        ; Q         ;                ; cnn_small_core:u_core|Mult4~8                         ; AY               ;                       ;
; cnn_small_core:u_core|in_ch[2]                 ; Duplicated      ; Register Packing                                  ; Timing optimization        ; Q         ;                ; cnn_small_core:u_core|in_ch[2]~_Duplicate_1           ; Q                ;                       ;
; cnn_small_core:u_core|in_ch[2]~SCLR_LUT        ; Created         ; Register Packing                                  ; Timing optimization        ;           ;                ;                                                       ;                  ;                       ;
; cnn_small_core:u_core|in_ch[3]                 ; Packed Register ; Register Packing                                  ; Timing optimization        ; Q         ;                ; cnn_small_core:u_core|Mult4~8                         ; AY               ;                       ;
; cnn_small_core:u_core|in_ch[3]                 ; Duplicated      ; Register Packing                                  ; Timing optimization        ; Q         ;                ; cnn_small_core:u_core|in_ch[3]~_Duplicate_1           ; Q                ;                       ;
; cnn_small_core:u_core|in_ch[3]~SCLR_LUT        ; Created         ; Register Packing                                  ; Timing optimization        ;           ;                ;                                                       ;                  ;                       ;
; cnn_small_core:u_core|in_ch[4]                 ; Packed Register ; Register Packing                                  ; Timing optimization        ; Q         ;                ; cnn_small_core:u_core|Mult4~8                         ; AY               ;                       ;
; cnn_small_core:u_core|in_ch[4]                 ; Duplicated      ; Register Packing                                  ; Timing optimization        ; Q         ;                ; cnn_small_core:u_core|in_ch[4]~_Duplicate_1           ; Q                ;                       ;
; cnn_small_core:u_core|in_ch[4]~SCLR_LUT        ; Created         ; Register Packing                                  ; Timing optimization        ;           ;                ;                                                       ;                  ;                       ;
; cnn_small_core:u_core|in_ch[5]                 ; Packed Register ; Register Packing                                  ; Timing optimization        ; Q         ;                ; cnn_small_core:u_core|Mult4~8                         ; AY               ;                       ;
; cnn_small_core:u_core|in_ch[5]                 ; Duplicated      ; Register Packing                                  ; Timing optimization        ; Q         ;                ; cnn_small_core:u_core|in_ch[5]~_Duplicate_1           ; Q                ;                       ;
; cnn_small_core:u_core|in_ch[5]~SCLR_LUT        ; Created         ; Register Packing                                  ; Timing optimization        ;           ;                ;                                                       ;                  ;                       ;
; cnn_small_core:u_core|in_ch[6]                 ; Packed Register ; Register Packing                                  ; Timing optimization        ; Q         ;                ; cnn_small_core:u_core|Mult4~8                         ; AY               ;                       ;
; cnn_small_core:u_core|in_ch[6]                 ; Duplicated      ; Register Packing                                  ; Timing optimization        ; Q         ;                ; cnn_small_core:u_core|in_ch[6]~_Duplicate_1           ; Q                ;                       ;
; cnn_small_core:u_core|in_ch[6]~SCLR_LUT        ; Created         ; Register Packing                                  ; Timing optimization        ;           ;                ;                                                       ;                  ;                       ;
; cnn_small_core:u_core|in_ch[7]                 ; Packed Register ; Register Packing                                  ; Timing optimization        ; Q         ;                ; cnn_small_core:u_core|Mult4~8                         ; AY               ;                       ;
; cnn_small_core:u_core|in_ch[7]                 ; Duplicated      ; Register Packing                                  ; Timing optimization        ; Q         ;                ; cnn_small_core:u_core|in_ch[7]~_Duplicate_1           ; Q                ;                       ;
; cnn_small_core:u_core|in_ch[7]~SCLR_LUT        ; Created         ; Register Packing                                  ; Timing optimization        ;           ;                ;                                                       ;                  ;                       ;
; cnn_small_core:u_core|in_ch[8]                 ; Packed Register ; Register Packing                                  ; Timing optimization        ; Q         ;                ; cnn_small_core:u_core|Mult4~8                         ; AY               ;                       ;
; cnn_small_core:u_core|in_ch[8]                 ; Duplicated      ; Register Packing                                  ; Timing optimization        ; Q         ;                ; cnn_small_core:u_core|in_ch[8]~_Duplicate_1           ; Q                ;                       ;
; cnn_small_core:u_core|in_ch[8]~SCLR_LUT        ; Created         ; Register Packing                                  ; Timing optimization        ;           ;                ;                                                       ;                  ;                       ;
; cnn_small_core:u_core|in_ch[9]                 ; Packed Register ; Register Packing                                  ; Timing optimization        ; Q         ;                ; cnn_small_core:u_core|Mult4~8                         ; AY               ;                       ;
; cnn_small_core:u_core|in_ch[9]                 ; Duplicated      ; Register Packing                                  ; Timing optimization        ; Q         ;                ; cnn_small_core:u_core|in_ch[9]~_Duplicate_1           ; Q                ;                       ;
; cnn_small_core:u_core|in_ch[9]~SCLR_LUT        ; Created         ; Register Packing                                  ; Timing optimization        ;           ;                ;                                                       ;                  ;                       ;
; cnn_small_core:u_core|in_ch[10]                ; Packed Register ; Register Packing                                  ; Timing optimization        ; Q         ;                ; cnn_small_core:u_core|Mult4~8                         ; AY               ;                       ;
; cnn_small_core:u_core|in_ch[10]                ; Duplicated      ; Register Packing                                  ; Timing optimization        ; Q         ;                ; cnn_small_core:u_core|in_ch[10]~_Duplicate_1          ; Q                ;                       ;
; cnn_small_core:u_core|in_ch[10]~SCLR_LUT       ; Created         ; Register Packing                                  ; Timing optimization        ;           ;                ;                                                       ;                  ;                       ;
; cnn_small_core:u_core|in_ch[11]                ; Packed Register ; Register Packing                                  ; Timing optimization        ; Q         ;                ; cnn_small_core:u_core|Mult4~8                         ; AY               ;                       ;
; cnn_small_core:u_core|in_ch[11]                ; Duplicated      ; Register Packing                                  ; Timing optimization        ; Q         ;                ; cnn_small_core:u_core|in_ch[11]~_Duplicate_1          ; Q                ;                       ;
; cnn_small_core:u_core|in_ch[11]~SCLR_LUT       ; Created         ; Register Packing                                  ; Timing optimization        ;           ;                ;                                                       ;                  ;                       ;
; cnn_small_core:u_core|in_ch[12]                ; Packed Register ; Register Packing                                  ; Timing optimization        ; Q         ;                ; cnn_small_core:u_core|Mult4~8                         ; AY               ;                       ;
; cnn_small_core:u_core|in_ch[12]                ; Duplicated      ; Register Packing                                  ; Timing optimization        ; Q         ;                ; cnn_small_core:u_core|in_ch[12]~_Duplicate_1          ; Q                ;                       ;
; cnn_small_core:u_core|in_ch[12]~SCLR_LUT       ; Created         ; Register Packing                                  ; Timing optimization        ;           ;                ;                                                       ;                  ;                       ;
; cnn_small_core:u_core|in_ch[13]                ; Packed Register ; Register Packing                                  ; Timing optimization        ; Q         ;                ; cnn_small_core:u_core|Mult4~8                         ; AY               ;                       ;
; cnn_small_core:u_core|in_ch[13]                ; Duplicated      ; Register Packing                                  ; Timing optimization        ; Q         ;                ; cnn_small_core:u_core|in_ch[13]~_Duplicate_1          ; Q                ;                       ;
; cnn_small_core:u_core|in_ch[13]~SCLR_LUT       ; Created         ; Register Packing                                  ; Timing optimization        ;           ;                ;                                                       ;                  ;                       ;
; cnn_small_core:u_core|in_ch[14]                ; Packed Register ; Register Packing                                  ; Timing optimization        ; Q         ;                ; cnn_small_core:u_core|Mult4~8                         ; AY               ;                       ;
; cnn_small_core:u_core|in_ch[14]                ; Duplicated      ; Register Packing                                  ; Timing optimization        ; Q         ;                ; cnn_small_core:u_core|in_ch[14]~_Duplicate_1          ; Q                ;                       ;
; cnn_small_core:u_core|in_ch[14]~SCLR_LUT       ; Created         ; Register Packing                                  ; Timing optimization        ;           ;                ;                                                       ;                  ;                       ;
; cnn_small_core:u_core|in_ch[15]                ; Packed Register ; Register Packing                                  ; Timing optimization        ; Q         ;                ; cnn_small_core:u_core|Mult4~8                         ; AY               ;                       ;
; cnn_small_core:u_core|in_ch[15]                ; Duplicated      ; Register Packing                                  ; Timing optimization        ; Q         ;                ; cnn_small_core:u_core|in_ch[15]~_Duplicate_1          ; Q                ;                       ;
; cnn_small_core:u_core|in_ch[15]~SCLR_LUT       ; Created         ; Register Packing                                  ; Timing optimization        ;           ;                ;                                                       ;                  ;                       ;
; cnn_small_core:u_core|in_ch[16]                ; Packed Register ; Register Packing                                  ; Timing optimization        ; Q         ;                ; cnn_small_core:u_core|Mult4~8                         ; AY               ;                       ;
; cnn_small_core:u_core|in_ch[16]                ; Duplicated      ; Register Packing                                  ; Timing optimization        ; Q         ;                ; cnn_small_core:u_core|in_ch[16]~_Duplicate_1          ; Q                ;                       ;
; cnn_small_core:u_core|in_ch[16]~SCLR_LUT       ; Created         ; Register Packing                                  ; Timing optimization        ;           ;                ;                                                       ;                  ;                       ;
; cnn_small_core:u_core|in_ch[17]                ; Packed Register ; Register Packing                                  ; Timing optimization        ; Q         ;                ; cnn_small_core:u_core|Mult4~8                         ; AY               ;                       ;
; cnn_small_core:u_core|in_ch[17]                ; Duplicated      ; Register Packing                                  ; Timing optimization        ; Q         ;                ; cnn_small_core:u_core|in_ch[17]~_Duplicate_1          ; Q                ;                       ;
; cnn_small_core:u_core|in_ch[17]~SCLR_LUT       ; Created         ; Register Packing                                  ; Timing optimization        ;           ;                ;                                                       ;                  ;                       ;
; cnn_small_core:u_core|out_f[0]                 ; Packed Register ; Register Packing                                  ; Timing optimization        ; Q         ;                ; cnn_small_core:u_core|Mult1~8                         ; AY               ;                       ;
; cnn_small_core:u_core|out_f[0]                 ; Duplicated      ; Register Packing                                  ; Timing optimization        ; Q         ;                ; cnn_small_core:u_core|out_f[0]~_Duplicate_1           ; Q                ;                       ;
; cnn_small_core:u_core|out_f[0]~SCLR_LUT        ; Created         ; Register Packing                                  ; Timing optimization        ;           ;                ;                                                       ;                  ;                       ;
; cnn_small_core:u_core|out_f[0]~_Duplicate_1    ; Packed Register ; Register Packing                                  ; Timing optimization        ; Q         ;                ; cnn_small_core:u_core|Mult7~8                         ; AY               ;                       ;
; cnn_small_core:u_core|out_f[0]~_Duplicate_1    ; Duplicated      ; Register Packing                                  ; Timing optimization        ; Q         ;                ; cnn_small_core:u_core|out_f[0]~_Duplicate_2           ; Q                ;                       ;
; cnn_small_core:u_core|out_f[1]                 ; Packed Register ; Register Packing                                  ; Timing optimization        ; Q         ;                ; cnn_small_core:u_core|Mult1~8                         ; AY               ;                       ;
; cnn_small_core:u_core|out_f[1]                 ; Duplicated      ; Register Packing                                  ; Timing optimization        ; Q         ;                ; cnn_small_core:u_core|out_f[1]~_Duplicate_1           ; Q                ;                       ;
; cnn_small_core:u_core|out_f[1]~SCLR_LUT        ; Created         ; Register Packing                                  ; Timing optimization        ;           ;                ;                                                       ;                  ;                       ;
; cnn_small_core:u_core|out_f[1]~_Duplicate_1    ; Packed Register ; Register Packing                                  ; Timing optimization        ; Q         ;                ; cnn_small_core:u_core|Mult7~8                         ; AY               ;                       ;
; cnn_small_core:u_core|out_f[1]~_Duplicate_1    ; Duplicated      ; Register Packing                                  ; Timing optimization        ; Q         ;                ; cnn_small_core:u_core|out_f[1]~_Duplicate_2           ; Q                ;                       ;
; cnn_small_core:u_core|out_f[2]                 ; Packed Register ; Register Packing                                  ; Timing optimization        ; Q         ;                ; cnn_small_core:u_core|Mult1~8                         ; AY               ;                       ;
; cnn_small_core:u_core|out_f[2]                 ; Duplicated      ; Register Packing                                  ; Timing optimization        ; Q         ;                ; cnn_small_core:u_core|out_f[2]~_Duplicate_1           ; Q                ;                       ;
; cnn_small_core:u_core|out_f[2]~SCLR_LUT        ; Created         ; Register Packing                                  ; Timing optimization        ;           ;                ;                                                       ;                  ;                       ;
; cnn_small_core:u_core|out_f[2]~_Duplicate_1    ; Packed Register ; Register Packing                                  ; Timing optimization        ; Q         ;                ; cnn_small_core:u_core|Mult7~8                         ; AY               ;                       ;
; cnn_small_core:u_core|out_f[2]~_Duplicate_1    ; Duplicated      ; Register Packing                                  ; Timing optimization        ; Q         ;                ; cnn_small_core:u_core|out_f[2]~_Duplicate_2           ; Q                ;                       ;
; cnn_small_core:u_core|out_f[3]                 ; Packed Register ; Register Packing                                  ; Timing optimization        ; Q         ;                ; cnn_small_core:u_core|Mult1~8                         ; AY               ;                       ;
; cnn_small_core:u_core|out_f[3]                 ; Duplicated      ; Register Packing                                  ; Timing optimization        ; Q         ;                ; cnn_small_core:u_core|out_f[3]~_Duplicate_1           ; Q                ;                       ;
; cnn_small_core:u_core|out_f[3]~SCLR_LUT        ; Created         ; Register Packing                                  ; Timing optimization        ;           ;                ;                                                       ;                  ;                       ;
; cnn_small_core:u_core|out_f[3]~_Duplicate_1    ; Packed Register ; Register Packing                                  ; Timing optimization        ; Q         ;                ; cnn_small_core:u_core|Mult7~8                         ; AY               ;                       ;
; cnn_small_core:u_core|out_f[3]~_Duplicate_1    ; Duplicated      ; Register Packing                                  ; Timing optimization        ; Q         ;                ; cnn_small_core:u_core|out_f[3]~_Duplicate_2           ; Q                ;                       ;
; cnn_small_core:u_core|out_f[4]                 ; Packed Register ; Register Packing                                  ; Timing optimization        ; Q         ;                ; cnn_small_core:u_core|Mult1~8                         ; AY               ;                       ;
; cnn_small_core:u_core|out_f[4]                 ; Duplicated      ; Register Packing                                  ; Timing optimization        ; Q         ;                ; cnn_small_core:u_core|out_f[4]~_Duplicate_1           ; Q                ;                       ;
; cnn_small_core:u_core|out_f[4]~SCLR_LUT        ; Created         ; Register Packing                                  ; Timing optimization        ;           ;                ;                                                       ;                  ;                       ;
; cnn_small_core:u_core|out_f[4]~_Duplicate_1    ; Packed Register ; Register Packing                                  ; Timing optimization        ; Q         ;                ; cnn_small_core:u_core|Mult7~8                         ; AY               ;                       ;
; cnn_small_core:u_core|out_f[4]~_Duplicate_1    ; Duplicated      ; Register Packing                                  ; Timing optimization        ; Q         ;                ; cnn_small_core:u_core|out_f[4]~_Duplicate_2           ; Q                ;                       ;
; cnn_small_core:u_core|out_f[5]                 ; Packed Register ; Register Packing                                  ; Timing optimization        ; Q         ;                ; cnn_small_core:u_core|Mult1~8                         ; AY               ;                       ;
; cnn_small_core:u_core|out_f[5]                 ; Duplicated      ; Register Packing                                  ; Timing optimization        ; Q         ;                ; cnn_small_core:u_core|out_f[5]~_Duplicate_1           ; Q                ;                       ;
; cnn_small_core:u_core|out_f[5]~SCLR_LUT        ; Created         ; Register Packing                                  ; Timing optimization        ;           ;                ;                                                       ;                  ;                       ;
; cnn_small_core:u_core|out_f[5]~_Duplicate_1    ; Packed Register ; Register Packing                                  ; Timing optimization        ; Q         ;                ; cnn_small_core:u_core|Mult7~8                         ; AY               ;                       ;
; cnn_small_core:u_core|out_f[5]~_Duplicate_1    ; Duplicated      ; Register Packing                                  ; Timing optimization        ; Q         ;                ; cnn_small_core:u_core|out_f[5]~_Duplicate_2           ; Q                ;                       ;
; cnn_small_core:u_core|out_f[6]                 ; Packed Register ; Register Packing                                  ; Timing optimization        ; Q         ;                ; cnn_small_core:u_core|Mult1~8                         ; AY               ;                       ;
; cnn_small_core:u_core|out_f[6]                 ; Duplicated      ; Register Packing                                  ; Timing optimization        ; Q         ;                ; cnn_small_core:u_core|out_f[6]~_Duplicate_1           ; Q                ;                       ;
; cnn_small_core:u_core|out_f[6]~SCLR_LUT        ; Created         ; Register Packing                                  ; Timing optimization        ;           ;                ;                                                       ;                  ;                       ;
; cnn_small_core:u_core|out_f[6]~_Duplicate_1    ; Packed Register ; Register Packing                                  ; Timing optimization        ; Q         ;                ; cnn_small_core:u_core|Mult7~8                         ; AY               ;                       ;
; cnn_small_core:u_core|out_f[6]~_Duplicate_1    ; Duplicated      ; Register Packing                                  ; Timing optimization        ; Q         ;                ; cnn_small_core:u_core|out_f[6]~_Duplicate_2           ; Q                ;                       ;
; cnn_small_core:u_core|out_f[7]                 ; Packed Register ; Register Packing                                  ; Timing optimization        ; Q         ;                ; cnn_small_core:u_core|Mult1~8                         ; AY               ;                       ;
; cnn_small_core:u_core|out_f[7]                 ; Duplicated      ; Register Packing                                  ; Timing optimization        ; Q         ;                ; cnn_small_core:u_core|out_f[7]~_Duplicate_1           ; Q                ;                       ;
; cnn_small_core:u_core|out_f[7]~SCLR_LUT        ; Created         ; Register Packing                                  ; Timing optimization        ;           ;                ;                                                       ;                  ;                       ;
; cnn_small_core:u_core|out_f[7]~_Duplicate_1    ; Packed Register ; Register Packing                                  ; Timing optimization        ; Q         ;                ; cnn_small_core:u_core|Mult7~8                         ; AY               ;                       ;
; cnn_small_core:u_core|out_f[7]~_Duplicate_1    ; Duplicated      ; Register Packing                                  ; Timing optimization        ; Q         ;                ; cnn_small_core:u_core|out_f[7]~_Duplicate_2           ; Q                ;                       ;
; cnn_small_core:u_core|out_f[8]                 ; Packed Register ; Register Packing                                  ; Timing optimization        ; Q         ;                ; cnn_small_core:u_core|Mult1~8                         ; AY               ;                       ;
; cnn_small_core:u_core|out_f[8]                 ; Duplicated      ; Register Packing                                  ; Timing optimization        ; Q         ;                ; cnn_small_core:u_core|out_f[8]~_Duplicate_1           ; Q                ;                       ;
; cnn_small_core:u_core|out_f[8]~SCLR_LUT        ; Created         ; Register Packing                                  ; Timing optimization        ;           ;                ;                                                       ;                  ;                       ;
; cnn_small_core:u_core|out_f[8]~_Duplicate_1    ; Packed Register ; Register Packing                                  ; Timing optimization        ; Q         ;                ; cnn_small_core:u_core|Mult7~8                         ; AY               ;                       ;
; cnn_small_core:u_core|out_f[8]~_Duplicate_1    ; Duplicated      ; Register Packing                                  ; Timing optimization        ; Q         ;                ; cnn_small_core:u_core|out_f[8]~_Duplicate_2           ; Q                ;                       ;
; cnn_small_core:u_core|out_f[9]                 ; Packed Register ; Register Packing                                  ; Timing optimization        ; Q         ;                ; cnn_small_core:u_core|Mult1~8                         ; AY               ;                       ;
; cnn_small_core:u_core|out_f[9]                 ; Duplicated      ; Register Packing                                  ; Timing optimization        ; Q         ;                ; cnn_small_core:u_core|out_f[9]~_Duplicate_1           ; Q                ;                       ;
; cnn_small_core:u_core|out_f[9]~SCLR_LUT        ; Created         ; Register Packing                                  ; Timing optimization        ;           ;                ;                                                       ;                  ;                       ;
; cnn_small_core:u_core|out_f[9]~_Duplicate_1    ; Packed Register ; Register Packing                                  ; Timing optimization        ; Q         ;                ; cnn_small_core:u_core|Mult7~8                         ; AY               ;                       ;
; cnn_small_core:u_core|out_f[9]~_Duplicate_1    ; Duplicated      ; Register Packing                                  ; Timing optimization        ; Q         ;                ; cnn_small_core:u_core|out_f[9]~_Duplicate_2           ; Q                ;                       ;
; cnn_small_core:u_core|out_f[10]                ; Packed Register ; Register Packing                                  ; Timing optimization        ; Q         ;                ; cnn_small_core:u_core|Mult1~8                         ; AY               ;                       ;
; cnn_small_core:u_core|out_f[10]                ; Duplicated      ; Register Packing                                  ; Timing optimization        ; Q         ;                ; cnn_small_core:u_core|out_f[10]~_Duplicate_1          ; Q                ;                       ;
; cnn_small_core:u_core|out_f[10]~SCLR_LUT       ; Created         ; Register Packing                                  ; Timing optimization        ;           ;                ;                                                       ;                  ;                       ;
; cnn_small_core:u_core|out_f[10]~_Duplicate_1   ; Packed Register ; Register Packing                                  ; Timing optimization        ; Q         ;                ; cnn_small_core:u_core|Mult7~8                         ; AY               ;                       ;
; cnn_small_core:u_core|out_f[10]~_Duplicate_1   ; Duplicated      ; Register Packing                                  ; Timing optimization        ; Q         ;                ; cnn_small_core:u_core|out_f[10]~_Duplicate_2          ; Q                ;                       ;
; cnn_small_core:u_core|out_f[11]                ; Packed Register ; Register Packing                                  ; Timing optimization        ; Q         ;                ; cnn_small_core:u_core|Mult1~8                         ; AY               ;                       ;
; cnn_small_core:u_core|out_f[11]                ; Duplicated      ; Register Packing                                  ; Timing optimization        ; Q         ;                ; cnn_small_core:u_core|out_f[11]~_Duplicate_1          ; Q                ;                       ;
; cnn_small_core:u_core|out_f[11]~SCLR_LUT       ; Created         ; Register Packing                                  ; Timing optimization        ;           ;                ;                                                       ;                  ;                       ;
; cnn_small_core:u_core|out_f[11]~_Duplicate_1   ; Packed Register ; Register Packing                                  ; Timing optimization        ; Q         ;                ; cnn_small_core:u_core|Mult7~8                         ; AY               ;                       ;
; cnn_small_core:u_core|out_f[11]~_Duplicate_1   ; Duplicated      ; Register Packing                                  ; Timing optimization        ; Q         ;                ; cnn_small_core:u_core|out_f[11]~_Duplicate_2          ; Q                ;                       ;
; cnn_small_core:u_core|out_f[12]                ; Packed Register ; Register Packing                                  ; Timing optimization        ; Q         ;                ; cnn_small_core:u_core|Mult1~8                         ; AY               ;                       ;
; cnn_small_core:u_core|out_f[12]                ; Duplicated      ; Register Packing                                  ; Timing optimization        ; Q         ;                ; cnn_small_core:u_core|out_f[12]~_Duplicate_1          ; Q                ;                       ;
; cnn_small_core:u_core|out_f[12]~SCLR_LUT       ; Created         ; Register Packing                                  ; Timing optimization        ;           ;                ;                                                       ;                  ;                       ;
; cnn_small_core:u_core|out_f[12]~_Duplicate_1   ; Packed Register ; Register Packing                                  ; Timing optimization        ; Q         ;                ; cnn_small_core:u_core|Mult7~8                         ; AY               ;                       ;
; cnn_small_core:u_core|out_f[12]~_Duplicate_1   ; Duplicated      ; Register Packing                                  ; Timing optimization        ; Q         ;                ; cnn_small_core:u_core|out_f[12]~_Duplicate_2          ; Q                ;                       ;
; cnn_small_core:u_core|out_f[13]                ; Packed Register ; Register Packing                                  ; Timing optimization        ; Q         ;                ; cnn_small_core:u_core|Mult1~8                         ; AY               ;                       ;
; cnn_small_core:u_core|out_f[13]                ; Duplicated      ; Register Packing                                  ; Timing optimization        ; Q         ;                ; cnn_small_core:u_core|out_f[13]~_Duplicate_1          ; Q                ;                       ;
; cnn_small_core:u_core|out_f[13]~SCLR_LUT       ; Created         ; Register Packing                                  ; Timing optimization        ;           ;                ;                                                       ;                  ;                       ;
; cnn_small_core:u_core|out_f[13]~_Duplicate_1   ; Packed Register ; Register Packing                                  ; Timing optimization        ; Q         ;                ; cnn_small_core:u_core|Mult7~8                         ; AY               ;                       ;
; cnn_small_core:u_core|out_f[13]~_Duplicate_1   ; Duplicated      ; Register Packing                                  ; Timing optimization        ; Q         ;                ; cnn_small_core:u_core|out_f[13]~_Duplicate_2          ; Q                ;                       ;
; cnn_small_core:u_core|out_f[14]                ; Packed Register ; Register Packing                                  ; Timing optimization        ; Q         ;                ; cnn_small_core:u_core|Mult1~8                         ; AY               ;                       ;
; cnn_small_core:u_core|out_f[14]                ; Duplicated      ; Register Packing                                  ; Timing optimization        ; Q         ;                ; cnn_small_core:u_core|out_f[14]~_Duplicate_1          ; Q                ;                       ;
; cnn_small_core:u_core|out_f[14]~SCLR_LUT       ; Created         ; Register Packing                                  ; Timing optimization        ;           ;                ;                                                       ;                  ;                       ;
; cnn_small_core:u_core|out_f[14]~_Duplicate_1   ; Packed Register ; Register Packing                                  ; Timing optimization        ; Q         ;                ; cnn_small_core:u_core|Mult7~8                         ; AY               ;                       ;
; cnn_small_core:u_core|out_f[14]~_Duplicate_1   ; Duplicated      ; Register Packing                                  ; Timing optimization        ; Q         ;                ; cnn_small_core:u_core|out_f[14]~_Duplicate_2          ; Q                ;                       ;
; cnn_small_core:u_core|out_f[15]                ; Packed Register ; Register Packing                                  ; Timing optimization        ; Q         ;                ; cnn_small_core:u_core|Mult1~8                         ; AY               ;                       ;
; cnn_small_core:u_core|out_f[15]                ; Duplicated      ; Register Packing                                  ; Timing optimization        ; Q         ;                ; cnn_small_core:u_core|out_f[15]~_Duplicate_1          ; Q                ;                       ;
; cnn_small_core:u_core|out_f[15]~SCLR_LUT       ; Created         ; Register Packing                                  ; Timing optimization        ;           ;                ;                                                       ;                  ;                       ;
; cnn_small_core:u_core|out_f[15]~_Duplicate_1   ; Packed Register ; Register Packing                                  ; Timing optimization        ; Q         ;                ; cnn_small_core:u_core|Mult7~8                         ; AY               ;                       ;
; cnn_small_core:u_core|out_f[15]~_Duplicate_1   ; Duplicated      ; Register Packing                                  ; Timing optimization        ; Q         ;                ; cnn_small_core:u_core|out_f[15]~_Duplicate_2          ; Q                ;                       ;
; cnn_small_core:u_core|out_f[16]                ; Packed Register ; Register Packing                                  ; Timing optimization        ; Q         ;                ; cnn_small_core:u_core|Mult1~8                         ; AY               ;                       ;
; cnn_small_core:u_core|out_f[16]                ; Duplicated      ; Register Packing                                  ; Timing optimization        ; Q         ;                ; cnn_small_core:u_core|out_f[16]~_Duplicate_1          ; Q                ;                       ;
; cnn_small_core:u_core|out_f[16]~SCLR_LUT       ; Created         ; Register Packing                                  ; Timing optimization        ;           ;                ;                                                       ;                  ;                       ;
; cnn_small_core:u_core|out_f[16]~_Duplicate_1   ; Packed Register ; Register Packing                                  ; Timing optimization        ; Q         ;                ; cnn_small_core:u_core|Mult7~8                         ; AY               ;                       ;
; cnn_small_core:u_core|out_f[16]~_Duplicate_1   ; Duplicated      ; Register Packing                                  ; Timing optimization        ; Q         ;                ; cnn_small_core:u_core|out_f[16]~_Duplicate_2          ; Q                ;                       ;
; cnn_small_core:u_core|out_f[17]                ; Packed Register ; Register Packing                                  ; Timing optimization        ; Q         ;                ; cnn_small_core:u_core|Mult1~8                         ; AY               ;                       ;
; cnn_small_core:u_core|out_f[17]                ; Duplicated      ; Register Packing                                  ; Timing optimization        ; Q         ;                ; cnn_small_core:u_core|out_f[17]~_Duplicate_1          ; Q                ;                       ;
; cnn_small_core:u_core|out_f[17]~SCLR_LUT       ; Created         ; Register Packing                                  ; Timing optimization        ;           ;                ;                                                       ;                  ;                       ;
; cnn_small_core:u_core|out_f[17]~_Duplicate_1   ; Packed Register ; Register Packing                                  ; Timing optimization        ; Q         ;                ; cnn_small_core:u_core|Mult7~8                         ; AY               ;                       ;
; cnn_small_core:u_core|out_f[17]~_Duplicate_1   ; Duplicated      ; Register Packing                                  ; Timing optimization        ; Q         ;                ; cnn_small_core:u_core|out_f[17]~_Duplicate_2          ; Q                ;                       ;
; cnn_small_core:u_core|pool_ch[0]               ; Packed Register ; Register Packing                                  ; Timing optimization        ; Q         ;                ; cnn_small_core:u_core|Mult3~8                         ; AY               ;                       ;
; cnn_small_core:u_core|pool_ch[0]               ; Duplicated      ; Register Packing                                  ; Timing optimization        ; Q         ;                ; cnn_small_core:u_core|pool_ch[0]~_Duplicate_1         ; Q                ;                       ;
; cnn_small_core:u_core|pool_ch[0]~SCLR_LUT      ; Created         ; Register Packing                                  ; Timing optimization        ;           ;                ;                                                       ;                  ;                       ;
; cnn_small_core:u_core|pool_ch[0]~_Duplicate_1  ; Packed Register ; Register Packing                                  ; Timing optimization        ; Q         ;                ; cnn_small_core:u_core|Mult2~8                         ; AY               ;                       ;
; cnn_small_core:u_core|pool_ch[0]~_Duplicate_1  ; Duplicated      ; Register Packing                                  ; Timing optimization        ; Q         ;                ; cnn_small_core:u_core|pool_ch[0]~_Duplicate_2         ; Q                ;                       ;
; cnn_small_core:u_core|pool_ch[0]~_Duplicate_2  ; Packed Register ; Register Packing                                  ; Timing optimization        ; Q         ;                ; cnn_small_core:u_core|Mult8~8                         ; AY               ;                       ;
; cnn_small_core:u_core|pool_ch[0]~_Duplicate_2  ; Duplicated      ; Register Packing                                  ; Timing optimization        ; Q         ;                ; cnn_small_core:u_core|pool_ch[0]~_Duplicate_3         ; Q                ;                       ;
; cnn_small_core:u_core|pool_ch[1]               ; Packed Register ; Register Packing                                  ; Timing optimization        ; Q         ;                ; cnn_small_core:u_core|Mult3~8                         ; AY               ;                       ;
; cnn_small_core:u_core|pool_ch[1]               ; Duplicated      ; Register Packing                                  ; Timing optimization        ; Q         ;                ; cnn_small_core:u_core|pool_ch[1]~_Duplicate_1         ; Q                ;                       ;
; cnn_small_core:u_core|pool_ch[1]~SCLR_LUT      ; Created         ; Register Packing                                  ; Timing optimization        ;           ;                ;                                                       ;                  ;                       ;
; cnn_small_core:u_core|pool_ch[1]~_Duplicate_1  ; Packed Register ; Register Packing                                  ; Timing optimization        ; Q         ;                ; cnn_small_core:u_core|Mult2~8                         ; AY               ;                       ;
; cnn_small_core:u_core|pool_ch[1]~_Duplicate_1  ; Duplicated      ; Register Packing                                  ; Timing optimization        ; Q         ;                ; cnn_small_core:u_core|pool_ch[1]~_Duplicate_2         ; Q                ;                       ;
; cnn_small_core:u_core|pool_ch[1]~_Duplicate_2  ; Packed Register ; Register Packing                                  ; Timing optimization        ; Q         ;                ; cnn_small_core:u_core|Mult8~8                         ; AY               ;                       ;
; cnn_small_core:u_core|pool_ch[1]~_Duplicate_2  ; Duplicated      ; Register Packing                                  ; Timing optimization        ; Q         ;                ; cnn_small_core:u_core|pool_ch[1]~_Duplicate_3         ; Q                ;                       ;
; cnn_small_core:u_core|pool_ch[2]               ; Packed Register ; Register Packing                                  ; Timing optimization        ; Q         ;                ; cnn_small_core:u_core|Mult3~8                         ; AY               ;                       ;
; cnn_small_core:u_core|pool_ch[2]               ; Duplicated      ; Register Packing                                  ; Timing optimization        ; Q         ;                ; cnn_small_core:u_core|pool_ch[2]~_Duplicate_1         ; Q                ;                       ;
; cnn_small_core:u_core|pool_ch[2]~SCLR_LUT      ; Created         ; Register Packing                                  ; Timing optimization        ;           ;                ;                                                       ;                  ;                       ;
; cnn_small_core:u_core|pool_ch[2]~_Duplicate_1  ; Packed Register ; Register Packing                                  ; Timing optimization        ; Q         ;                ; cnn_small_core:u_core|Mult2~8                         ; AY               ;                       ;
; cnn_small_core:u_core|pool_ch[2]~_Duplicate_1  ; Duplicated      ; Register Packing                                  ; Timing optimization        ; Q         ;                ; cnn_small_core:u_core|pool_ch[2]~_Duplicate_2         ; Q                ;                       ;
; cnn_small_core:u_core|pool_ch[2]~_Duplicate_2  ; Packed Register ; Register Packing                                  ; Timing optimization        ; Q         ;                ; cnn_small_core:u_core|Mult8~8                         ; AY               ;                       ;
; cnn_small_core:u_core|pool_ch[2]~_Duplicate_2  ; Duplicated      ; Register Packing                                  ; Timing optimization        ; Q         ;                ; cnn_small_core:u_core|pool_ch[2]~_Duplicate_3         ; Q                ;                       ;
; cnn_small_core:u_core|pool_ch[3]               ; Packed Register ; Register Packing                                  ; Timing optimization        ; Q         ;                ; cnn_small_core:u_core|Mult3~8                         ; AY               ;                       ;
; cnn_small_core:u_core|pool_ch[3]               ; Duplicated      ; Register Packing                                  ; Timing optimization        ; Q         ;                ; cnn_small_core:u_core|pool_ch[3]~_Duplicate_1         ; Q                ;                       ;
; cnn_small_core:u_core|pool_ch[3]~SCLR_LUT      ; Created         ; Register Packing                                  ; Timing optimization        ;           ;                ;                                                       ;                  ;                       ;
; cnn_small_core:u_core|pool_ch[3]~_Duplicate_1  ; Packed Register ; Register Packing                                  ; Timing optimization        ; Q         ;                ; cnn_small_core:u_core|Mult2~8                         ; AY               ;                       ;
; cnn_small_core:u_core|pool_ch[3]~_Duplicate_1  ; Duplicated      ; Register Packing                                  ; Timing optimization        ; Q         ;                ; cnn_small_core:u_core|pool_ch[3]~_Duplicate_2         ; Q                ;                       ;
; cnn_small_core:u_core|pool_ch[3]~_Duplicate_2  ; Packed Register ; Register Packing                                  ; Timing optimization        ; Q         ;                ; cnn_small_core:u_core|Mult8~8                         ; AY               ;                       ;
; cnn_small_core:u_core|pool_ch[3]~_Duplicate_2  ; Duplicated      ; Register Packing                                  ; Timing optimization        ; Q         ;                ; cnn_small_core:u_core|pool_ch[3]~_Duplicate_3         ; Q                ;                       ;
; cnn_small_core:u_core|pool_ch[4]               ; Packed Register ; Register Packing                                  ; Timing optimization        ; Q         ;                ; cnn_small_core:u_core|Mult3~8                         ; AY               ;                       ;
; cnn_small_core:u_core|pool_ch[4]               ; Duplicated      ; Register Packing                                  ; Timing optimization        ; Q         ;                ; cnn_small_core:u_core|pool_ch[4]~_Duplicate_1         ; Q                ;                       ;
; cnn_small_core:u_core|pool_ch[4]~SCLR_LUT      ; Created         ; Register Packing                                  ; Timing optimization        ;           ;                ;                                                       ;                  ;                       ;
; cnn_small_core:u_core|pool_ch[4]~_Duplicate_1  ; Packed Register ; Register Packing                                  ; Timing optimization        ; Q         ;                ; cnn_small_core:u_core|Mult2~8                         ; AY               ;                       ;
; cnn_small_core:u_core|pool_ch[4]~_Duplicate_1  ; Duplicated      ; Register Packing                                  ; Timing optimization        ; Q         ;                ; cnn_small_core:u_core|pool_ch[4]~_Duplicate_2         ; Q                ;                       ;
; cnn_small_core:u_core|pool_ch[4]~_Duplicate_2  ; Packed Register ; Register Packing                                  ; Timing optimization        ; Q         ;                ; cnn_small_core:u_core|Mult8~8                         ; AY               ;                       ;
; cnn_small_core:u_core|pool_ch[4]~_Duplicate_2  ; Duplicated      ; Register Packing                                  ; Timing optimization        ; Q         ;                ; cnn_small_core:u_core|pool_ch[4]~_Duplicate_3         ; Q                ;                       ;
; cnn_small_core:u_core|pool_ch[5]               ; Packed Register ; Register Packing                                  ; Timing optimization        ; Q         ;                ; cnn_small_core:u_core|Mult3~8                         ; AY               ;                       ;
; cnn_small_core:u_core|pool_ch[5]               ; Duplicated      ; Register Packing                                  ; Timing optimization        ; Q         ;                ; cnn_small_core:u_core|pool_ch[5]~_Duplicate_1         ; Q                ;                       ;
; cnn_small_core:u_core|pool_ch[5]~SCLR_LUT      ; Created         ; Register Packing                                  ; Timing optimization        ;           ;                ;                                                       ;                  ;                       ;
; cnn_small_core:u_core|pool_ch[5]~_Duplicate_1  ; Packed Register ; Register Packing                                  ; Timing optimization        ; Q         ;                ; cnn_small_core:u_core|Mult2~8                         ; AY               ;                       ;
; cnn_small_core:u_core|pool_ch[5]~_Duplicate_1  ; Duplicated      ; Register Packing                                  ; Timing optimization        ; Q         ;                ; cnn_small_core:u_core|pool_ch[5]~_Duplicate_2         ; Q                ;                       ;
; cnn_small_core:u_core|pool_ch[5]~_Duplicate_2  ; Packed Register ; Register Packing                                  ; Timing optimization        ; Q         ;                ; cnn_small_core:u_core|Mult8~8                         ; AY               ;                       ;
; cnn_small_core:u_core|pool_ch[5]~_Duplicate_2  ; Duplicated      ; Register Packing                                  ; Timing optimization        ; Q         ;                ; cnn_small_core:u_core|pool_ch[5]~_Duplicate_3         ; Q                ;                       ;
; cnn_small_core:u_core|pool_ch[6]               ; Packed Register ; Register Packing                                  ; Timing optimization        ; Q         ;                ; cnn_small_core:u_core|Mult3~8                         ; AY               ;                       ;
; cnn_small_core:u_core|pool_ch[6]               ; Duplicated      ; Register Packing                                  ; Timing optimization        ; Q         ;                ; cnn_small_core:u_core|pool_ch[6]~_Duplicate_1         ; Q                ;                       ;
; cnn_small_core:u_core|pool_ch[6]~SCLR_LUT      ; Created         ; Register Packing                                  ; Timing optimization        ;           ;                ;                                                       ;                  ;                       ;
; cnn_small_core:u_core|pool_ch[6]~_Duplicate_1  ; Packed Register ; Register Packing                                  ; Timing optimization        ; Q         ;                ; cnn_small_core:u_core|Mult2~8                         ; AY               ;                       ;
; cnn_small_core:u_core|pool_ch[6]~_Duplicate_1  ; Duplicated      ; Register Packing                                  ; Timing optimization        ; Q         ;                ; cnn_small_core:u_core|pool_ch[6]~_Duplicate_2         ; Q                ;                       ;
; cnn_small_core:u_core|pool_ch[6]~_Duplicate_2  ; Packed Register ; Register Packing                                  ; Timing optimization        ; Q         ;                ; cnn_small_core:u_core|Mult8~8                         ; AY               ;                       ;
; cnn_small_core:u_core|pool_ch[6]~_Duplicate_2  ; Duplicated      ; Register Packing                                  ; Timing optimization        ; Q         ;                ; cnn_small_core:u_core|pool_ch[6]~_Duplicate_3         ; Q                ;                       ;
; cnn_small_core:u_core|pool_ch[7]               ; Packed Register ; Register Packing                                  ; Timing optimization        ; Q         ;                ; cnn_small_core:u_core|Mult3~8                         ; AY               ;                       ;
; cnn_small_core:u_core|pool_ch[7]               ; Duplicated      ; Register Packing                                  ; Timing optimization        ; Q         ;                ; cnn_small_core:u_core|pool_ch[7]~_Duplicate_1         ; Q                ;                       ;
; cnn_small_core:u_core|pool_ch[7]~SCLR_LUT      ; Created         ; Register Packing                                  ; Timing optimization        ;           ;                ;                                                       ;                  ;                       ;
; cnn_small_core:u_core|pool_ch[7]~_Duplicate_1  ; Packed Register ; Register Packing                                  ; Timing optimization        ; Q         ;                ; cnn_small_core:u_core|Mult2~8                         ; AY               ;                       ;
; cnn_small_core:u_core|pool_ch[7]~_Duplicate_1  ; Duplicated      ; Register Packing                                  ; Timing optimization        ; Q         ;                ; cnn_small_core:u_core|pool_ch[7]~_Duplicate_2         ; Q                ;                       ;
; cnn_small_core:u_core|pool_ch[7]~_Duplicate_2  ; Packed Register ; Register Packing                                  ; Timing optimization        ; Q         ;                ; cnn_small_core:u_core|Mult8~8                         ; AY               ;                       ;
; cnn_small_core:u_core|pool_ch[7]~_Duplicate_2  ; Duplicated      ; Register Packing                                  ; Timing optimization        ; Q         ;                ; cnn_small_core:u_core|pool_ch[7]~_Duplicate_3         ; Q                ;                       ;
; cnn_small_core:u_core|pool_ch[8]               ; Packed Register ; Register Packing                                  ; Timing optimization        ; Q         ;                ; cnn_small_core:u_core|Mult3~8                         ; AY               ;                       ;
; cnn_small_core:u_core|pool_ch[8]               ; Duplicated      ; Register Packing                                  ; Timing optimization        ; Q         ;                ; cnn_small_core:u_core|pool_ch[8]~_Duplicate_1         ; Q                ;                       ;
; cnn_small_core:u_core|pool_ch[8]~SCLR_LUT      ; Created         ; Register Packing                                  ; Timing optimization        ;           ;                ;                                                       ;                  ;                       ;
; cnn_small_core:u_core|pool_ch[8]~_Duplicate_1  ; Packed Register ; Register Packing                                  ; Timing optimization        ; Q         ;                ; cnn_small_core:u_core|Mult2~8                         ; AY               ;                       ;
; cnn_small_core:u_core|pool_ch[8]~_Duplicate_1  ; Duplicated      ; Register Packing                                  ; Timing optimization        ; Q         ;                ; cnn_small_core:u_core|pool_ch[8]~_Duplicate_2         ; Q                ;                       ;
; cnn_small_core:u_core|pool_ch[8]~_Duplicate_2  ; Packed Register ; Register Packing                                  ; Timing optimization        ; Q         ;                ; cnn_small_core:u_core|Mult8~8                         ; AY               ;                       ;
; cnn_small_core:u_core|pool_ch[8]~_Duplicate_2  ; Duplicated      ; Register Packing                                  ; Timing optimization        ; Q         ;                ; cnn_small_core:u_core|pool_ch[8]~_Duplicate_3         ; Q                ;                       ;
; cnn_small_core:u_core|pool_ch[9]               ; Packed Register ; Register Packing                                  ; Timing optimization        ; Q         ;                ; cnn_small_core:u_core|Mult3~8                         ; AY               ;                       ;
; cnn_small_core:u_core|pool_ch[9]               ; Duplicated      ; Register Packing                                  ; Timing optimization        ; Q         ;                ; cnn_small_core:u_core|pool_ch[9]~_Duplicate_1         ; Q                ;                       ;
; cnn_small_core:u_core|pool_ch[9]~SCLR_LUT      ; Created         ; Register Packing                                  ; Timing optimization        ;           ;                ;                                                       ;                  ;                       ;
; cnn_small_core:u_core|pool_ch[9]~_Duplicate_1  ; Packed Register ; Register Packing                                  ; Timing optimization        ; Q         ;                ; cnn_small_core:u_core|Mult2~8                         ; AY               ;                       ;
; cnn_small_core:u_core|pool_ch[9]~_Duplicate_1  ; Duplicated      ; Register Packing                                  ; Timing optimization        ; Q         ;                ; cnn_small_core:u_core|pool_ch[9]~_Duplicate_2         ; Q                ;                       ;
; cnn_small_core:u_core|pool_ch[9]~_Duplicate_2  ; Packed Register ; Register Packing                                  ; Timing optimization        ; Q         ;                ; cnn_small_core:u_core|Mult8~8                         ; AY               ;                       ;
; cnn_small_core:u_core|pool_ch[9]~_Duplicate_2  ; Duplicated      ; Register Packing                                  ; Timing optimization        ; Q         ;                ; cnn_small_core:u_core|pool_ch[9]~_Duplicate_3         ; Q                ;                       ;
; cnn_small_core:u_core|pool_ch[10]              ; Packed Register ; Register Packing                                  ; Timing optimization        ; Q         ;                ; cnn_small_core:u_core|Mult3~8                         ; AY               ;                       ;
; cnn_small_core:u_core|pool_ch[10]              ; Duplicated      ; Register Packing                                  ; Timing optimization        ; Q         ;                ; cnn_small_core:u_core|pool_ch[10]~_Duplicate_1        ; Q                ;                       ;
; cnn_small_core:u_core|pool_ch[10]~SCLR_LUT     ; Created         ; Register Packing                                  ; Timing optimization        ;           ;                ;                                                       ;                  ;                       ;
; cnn_small_core:u_core|pool_ch[10]~_Duplicate_1 ; Packed Register ; Register Packing                                  ; Timing optimization        ; Q         ;                ; cnn_small_core:u_core|Mult2~8                         ; AY               ;                       ;
; cnn_small_core:u_core|pool_ch[10]~_Duplicate_1 ; Duplicated      ; Register Packing                                  ; Timing optimization        ; Q         ;                ; cnn_small_core:u_core|pool_ch[10]~_Duplicate_2        ; Q                ;                       ;
; cnn_small_core:u_core|pool_ch[10]~_Duplicate_2 ; Packed Register ; Register Packing                                  ; Timing optimization        ; Q         ;                ; cnn_small_core:u_core|Mult8~8                         ; AY               ;                       ;
; cnn_small_core:u_core|pool_ch[10]~_Duplicate_2 ; Duplicated      ; Register Packing                                  ; Timing optimization        ; Q         ;                ; cnn_small_core:u_core|pool_ch[10]~_Duplicate_3        ; Q                ;                       ;
; cnn_small_core:u_core|pool_ch[11]              ; Packed Register ; Register Packing                                  ; Timing optimization        ; Q         ;                ; cnn_small_core:u_core|Mult3~8                         ; AY               ;                       ;
; cnn_small_core:u_core|pool_ch[11]              ; Duplicated      ; Register Packing                                  ; Timing optimization        ; Q         ;                ; cnn_small_core:u_core|pool_ch[11]~_Duplicate_1        ; Q                ;                       ;
; cnn_small_core:u_core|pool_ch[11]~SCLR_LUT     ; Created         ; Register Packing                                  ; Timing optimization        ;           ;                ;                                                       ;                  ;                       ;
; cnn_small_core:u_core|pool_ch[11]~_Duplicate_1 ; Packed Register ; Register Packing                                  ; Timing optimization        ; Q         ;                ; cnn_small_core:u_core|Mult2~8                         ; AY               ;                       ;
; cnn_small_core:u_core|pool_ch[11]~_Duplicate_1 ; Duplicated      ; Register Packing                                  ; Timing optimization        ; Q         ;                ; cnn_small_core:u_core|pool_ch[11]~_Duplicate_2        ; Q                ;                       ;
; cnn_small_core:u_core|pool_ch[11]~_Duplicate_2 ; Packed Register ; Register Packing                                  ; Timing optimization        ; Q         ;                ; cnn_small_core:u_core|Mult8~8                         ; AY               ;                       ;
; cnn_small_core:u_core|pool_ch[11]~_Duplicate_2 ; Duplicated      ; Register Packing                                  ; Timing optimization        ; Q         ;                ; cnn_small_core:u_core|pool_ch[11]~_Duplicate_3        ; Q                ;                       ;
; cnn_small_core:u_core|pool_ch[12]              ; Packed Register ; Register Packing                                  ; Timing optimization        ; Q         ;                ; cnn_small_core:u_core|Mult3~8                         ; AY               ;                       ;
; cnn_small_core:u_core|pool_ch[12]              ; Duplicated      ; Register Packing                                  ; Timing optimization        ; Q         ;                ; cnn_small_core:u_core|pool_ch[12]~_Duplicate_1        ; Q                ;                       ;
; cnn_small_core:u_core|pool_ch[12]~SCLR_LUT     ; Created         ; Register Packing                                  ; Timing optimization        ;           ;                ;                                                       ;                  ;                       ;
; cnn_small_core:u_core|pool_ch[12]~_Duplicate_1 ; Packed Register ; Register Packing                                  ; Timing optimization        ; Q         ;                ; cnn_small_core:u_core|Mult2~8                         ; AY               ;                       ;
; cnn_small_core:u_core|pool_ch[12]~_Duplicate_1 ; Duplicated      ; Register Packing                                  ; Timing optimization        ; Q         ;                ; cnn_small_core:u_core|pool_ch[12]~_Duplicate_2        ; Q                ;                       ;
; cnn_small_core:u_core|pool_ch[12]~_Duplicate_2 ; Packed Register ; Register Packing                                  ; Timing optimization        ; Q         ;                ; cnn_small_core:u_core|Mult8~8                         ; AY               ;                       ;
; cnn_small_core:u_core|pool_ch[12]~_Duplicate_2 ; Duplicated      ; Register Packing                                  ; Timing optimization        ; Q         ;                ; cnn_small_core:u_core|pool_ch[12]~_Duplicate_3        ; Q                ;                       ;
; cnn_small_core:u_core|pool_ch[13]              ; Packed Register ; Register Packing                                  ; Timing optimization        ; Q         ;                ; cnn_small_core:u_core|Mult3~8                         ; AY               ;                       ;
; cnn_small_core:u_core|pool_ch[13]              ; Duplicated      ; Register Packing                                  ; Timing optimization        ; Q         ;                ; cnn_small_core:u_core|pool_ch[13]~_Duplicate_1        ; Q                ;                       ;
; cnn_small_core:u_core|pool_ch[13]~SCLR_LUT     ; Created         ; Register Packing                                  ; Timing optimization        ;           ;                ;                                                       ;                  ;                       ;
; cnn_small_core:u_core|pool_ch[13]~_Duplicate_1 ; Packed Register ; Register Packing                                  ; Timing optimization        ; Q         ;                ; cnn_small_core:u_core|Mult2~8                         ; AY               ;                       ;
; cnn_small_core:u_core|pool_ch[13]~_Duplicate_1 ; Duplicated      ; Register Packing                                  ; Timing optimization        ; Q         ;                ; cnn_small_core:u_core|pool_ch[13]~_Duplicate_2        ; Q                ;                       ;
; cnn_small_core:u_core|pool_ch[13]~_Duplicate_2 ; Packed Register ; Register Packing                                  ; Timing optimization        ; Q         ;                ; cnn_small_core:u_core|Mult8~8                         ; AY               ;                       ;
; cnn_small_core:u_core|pool_ch[13]~_Duplicate_2 ; Duplicated      ; Register Packing                                  ; Timing optimization        ; Q         ;                ; cnn_small_core:u_core|pool_ch[13]~_Duplicate_3        ; Q                ;                       ;
; cnn_small_core:u_core|pool_ch[14]              ; Packed Register ; Register Packing                                  ; Timing optimization        ; Q         ;                ; cnn_small_core:u_core|Mult3~8                         ; AY               ;                       ;
; cnn_small_core:u_core|pool_ch[14]              ; Duplicated      ; Register Packing                                  ; Timing optimization        ; Q         ;                ; cnn_small_core:u_core|pool_ch[14]~_Duplicate_1        ; Q                ;                       ;
; cnn_small_core:u_core|pool_ch[14]~SCLR_LUT     ; Created         ; Register Packing                                  ; Timing optimization        ;           ;                ;                                                       ;                  ;                       ;
; cnn_small_core:u_core|pool_ch[14]~_Duplicate_1 ; Packed Register ; Register Packing                                  ; Timing optimization        ; Q         ;                ; cnn_small_core:u_core|Mult2~8                         ; AY               ;                       ;
; cnn_small_core:u_core|pool_ch[14]~_Duplicate_1 ; Duplicated      ; Register Packing                                  ; Timing optimization        ; Q         ;                ; cnn_small_core:u_core|pool_ch[14]~_Duplicate_2        ; Q                ;                       ;
; cnn_small_core:u_core|pool_ch[14]~_Duplicate_2 ; Packed Register ; Register Packing                                  ; Timing optimization        ; Q         ;                ; cnn_small_core:u_core|Mult8~8                         ; AY               ;                       ;
; cnn_small_core:u_core|pool_ch[14]~_Duplicate_2 ; Duplicated      ; Register Packing                                  ; Timing optimization        ; Q         ;                ; cnn_small_core:u_core|pool_ch[14]~_Duplicate_3        ; Q                ;                       ;
; cnn_small_core:u_core|pool_ch[15]              ; Packed Register ; Register Packing                                  ; Timing optimization        ; Q         ;                ; cnn_small_core:u_core|Mult3~8                         ; AY               ;                       ;
; cnn_small_core:u_core|pool_ch[15]              ; Duplicated      ; Register Packing                                  ; Timing optimization        ; Q         ;                ; cnn_small_core:u_core|pool_ch[15]~_Duplicate_1        ; Q                ;                       ;
; cnn_small_core:u_core|pool_ch[15]~SCLR_LUT     ; Created         ; Register Packing                                  ; Timing optimization        ;           ;                ;                                                       ;                  ;                       ;
; cnn_small_core:u_core|pool_ch[15]~_Duplicate_1 ; Packed Register ; Register Packing                                  ; Timing optimization        ; Q         ;                ; cnn_small_core:u_core|Mult2~8                         ; AY               ;                       ;
; cnn_small_core:u_core|pool_ch[15]~_Duplicate_1 ; Duplicated      ; Register Packing                                  ; Timing optimization        ; Q         ;                ; cnn_small_core:u_core|pool_ch[15]~_Duplicate_2        ; Q                ;                       ;
; cnn_small_core:u_core|pool_ch[15]~_Duplicate_2 ; Packed Register ; Register Packing                                  ; Timing optimization        ; Q         ;                ; cnn_small_core:u_core|Mult8~8                         ; AY               ;                       ;
; cnn_small_core:u_core|pool_ch[15]~_Duplicate_2 ; Duplicated      ; Register Packing                                  ; Timing optimization        ; Q         ;                ; cnn_small_core:u_core|pool_ch[15]~_Duplicate_3        ; Q                ;                       ;
; cnn_small_core:u_core|pool_ch[16]              ; Packed Register ; Register Packing                                  ; Timing optimization        ; Q         ;                ; cnn_small_core:u_core|Mult3~8                         ; AY               ;                       ;
; cnn_small_core:u_core|pool_ch[16]              ; Duplicated      ; Register Packing                                  ; Timing optimization        ; Q         ;                ; cnn_small_core:u_core|pool_ch[16]~_Duplicate_1        ; Q                ;                       ;
; cnn_small_core:u_core|pool_ch[16]~SCLR_LUT     ; Created         ; Register Packing                                  ; Timing optimization        ;           ;                ;                                                       ;                  ;                       ;
; cnn_small_core:u_core|pool_ch[16]~_Duplicate_1 ; Packed Register ; Register Packing                                  ; Timing optimization        ; Q         ;                ; cnn_small_core:u_core|Mult2~8                         ; AY               ;                       ;
; cnn_small_core:u_core|pool_ch[16]~_Duplicate_1 ; Duplicated      ; Register Packing                                  ; Timing optimization        ; Q         ;                ; cnn_small_core:u_core|pool_ch[16]~_Duplicate_2        ; Q                ;                       ;
; cnn_small_core:u_core|pool_ch[16]~_Duplicate_2 ; Packed Register ; Register Packing                                  ; Timing optimization        ; Q         ;                ; cnn_small_core:u_core|Mult8~8                         ; AY               ;                       ;
; cnn_small_core:u_core|pool_ch[16]~_Duplicate_2 ; Duplicated      ; Register Packing                                  ; Timing optimization        ; Q         ;                ; cnn_small_core:u_core|pool_ch[16]~_Duplicate_3        ; Q                ;                       ;
; cnn_small_core:u_core|pool_ch[17]              ; Packed Register ; Register Packing                                  ; Timing optimization        ; Q         ;                ; cnn_small_core:u_core|Mult3~8                         ; AY               ;                       ;
; cnn_small_core:u_core|pool_ch[17]              ; Duplicated      ; Register Packing                                  ; Timing optimization        ; Q         ;                ; cnn_small_core:u_core|pool_ch[17]~_Duplicate_1        ; Q                ;                       ;
; cnn_small_core:u_core|pool_ch[17]~SCLR_LUT     ; Created         ; Register Packing                                  ; Timing optimization        ;           ;                ;                                                       ;                  ;                       ;
; cnn_small_core:u_core|pool_ch[17]~_Duplicate_1 ; Packed Register ; Register Packing                                  ; Timing optimization        ; Q         ;                ; cnn_small_core:u_core|Mult2~8                         ; AY               ;                       ;
; cnn_small_core:u_core|pool_ch[17]~_Duplicate_1 ; Duplicated      ; Register Packing                                  ; Timing optimization        ; Q         ;                ; cnn_small_core:u_core|pool_ch[17]~_Duplicate_2        ; Q                ;                       ;
; cnn_small_core:u_core|pool_ch[17]~_Duplicate_2 ; Packed Register ; Register Packing                                  ; Timing optimization        ; Q         ;                ; cnn_small_core:u_core|Mult8~8                         ; AY               ;                       ;
; cnn_small_core:u_core|pool_ch[17]~_Duplicate_2 ; Duplicated      ; Register Packing                                  ; Timing optimization        ; Q         ;                ; cnn_small_core:u_core|pool_ch[17]~_Duplicate_3        ; Q                ;                       ;
; cnn_small_core:u_core|acc[0]                   ; Duplicated      ; Router Logic Cell Insertion and Logic Duplication ; Routability optimization   ;           ;                ; cnn_small_core:u_core|acc[0]~DUPLICATE                ;                  ;                       ;
; cnn_small_core:u_core|acc[3]                   ; Duplicated      ; Router Logic Cell Insertion and Logic Duplication ; Routability optimization   ;           ;                ; cnn_small_core:u_core|acc[3]~DUPLICATE                ;                  ;                       ;
; cnn_small_core:u_core|acc[5]                   ; Duplicated      ; Router Logic Cell Insertion and Logic Duplication ; Routability optimization   ;           ;                ; cnn_small_core:u_core|acc[5]~DUPLICATE                ;                  ;                       ;
; cnn_small_core:u_core|acc[6]                   ; Duplicated      ; Router Logic Cell Insertion and Logic Duplication ; Routability optimization   ;           ;                ; cnn_small_core:u_core|acc[6]~DUPLICATE                ;                  ;                       ;
; cnn_small_core:u_core|acc[7]                   ; Duplicated      ; Router Logic Cell Insertion and Logic Duplication ; Routability optimization   ;           ;                ; cnn_small_core:u_core|acc[7]~DUPLICATE                ;                  ;                       ;
; cnn_small_core:u_core|acc[25]                  ; Duplicated      ; Router Logic Cell Insertion and Logic Duplication ; Routability optimization   ;           ;                ; cnn_small_core:u_core|acc[25]~DUPLICATE               ;                  ;                       ;
; cnn_small_core:u_core|acc[35]                  ; Duplicated      ; Router Logic Cell Insertion and Logic Duplication ; Routability optimization   ;           ;                ; cnn_small_core:u_core|acc[35]~DUPLICATE               ;                  ;                       ;
; cnn_small_core:u_core|acc[42]                  ; Duplicated      ; Router Logic Cell Insertion and Logic Duplication ; Routability optimization   ;           ;                ; cnn_small_core:u_core|acc[42]~DUPLICATE               ;                  ;                       ;
; cnn_small_core:u_core|acc[51]                  ; Duplicated      ; Router Logic Cell Insertion and Logic Duplication ; Routability optimization   ;           ;                ; cnn_small_core:u_core|acc[51]~DUPLICATE               ;                  ;                       ;
; cnn_small_core:u_core|acc[53]                  ; Duplicated      ; Router Logic Cell Insertion and Logic Duplication ; Routability optimization   ;           ;                ; cnn_small_core:u_core|acc[53]~DUPLICATE               ;                  ;                       ;
; cnn_small_core:u_core|acc[55]                  ; Duplicated      ; Router Logic Cell Insertion and Logic Duplication ; Routability optimization   ;           ;                ; cnn_small_core:u_core|acc[55]~DUPLICATE               ;                  ;                       ;
; cnn_small_core:u_core|class_idx[23]            ; Duplicated      ; Router Logic Cell Insertion and Logic Duplication ; Routability optimization   ;           ;                ; cnn_small_core:u_core|class_idx[23]~DUPLICATE         ;                  ;                       ;
; cnn_small_core:u_core|class_idx[28]            ; Duplicated      ; Router Logic Cell Insertion and Logic Duplication ; Routability optimization   ;           ;                ; cnn_small_core:u_core|class_idx[28]~DUPLICATE         ;                  ;                       ;
; cnn_small_core:u_core|fc_feature[11]           ; Duplicated      ; Router Logic Cell Insertion and Logic Duplication ; Routability optimization   ;           ;                ; cnn_small_core:u_core|fc_feature[11]~DUPLICATE        ;                  ;                       ;
; cnn_small_core:u_core|fc_feature[14]           ; Duplicated      ; Router Logic Cell Insertion and Logic Duplication ; Routability optimization   ;           ;                ; cnn_small_core:u_core|fc_feature[14]~DUPLICATE        ;                  ;                       ;
; cnn_small_core:u_core|fc_feature[17]           ; Duplicated      ; Router Logic Cell Insertion and Logic Duplication ; Routability optimization   ;           ;                ; cnn_small_core:u_core|fc_feature[17]~DUPLICATE        ;                  ;                       ;
; cnn_small_core:u_core|fc_feature[31]           ; Duplicated      ; Router Logic Cell Insertion and Logic Duplication ; Routability optimization   ;           ;                ; cnn_small_core:u_core|fc_feature[31]~DUPLICATE        ;                  ;                       ;
; cnn_small_core:u_core|in_ch[18]                ; Duplicated      ; Router Logic Cell Insertion and Logic Duplication ; Routability optimization   ;           ;                ; cnn_small_core:u_core|in_ch[18]~DUPLICATE             ;                  ;                       ;
; cnn_small_core:u_core|in_ch[29]                ; Duplicated      ; Router Logic Cell Insertion and Logic Duplication ; Routability optimization   ;           ;                ; cnn_small_core:u_core|in_ch[29]~DUPLICATE             ;                  ;                       ;
; cnn_small_core:u_core|out_c[0]                 ; Duplicated      ; Router Logic Cell Insertion and Logic Duplication ; Routability optimization   ;           ;                ; cnn_small_core:u_core|out_c[0]~DUPLICATE              ;                  ;                       ;
; cnn_small_core:u_core|out_c[3]                 ; Duplicated      ; Router Logic Cell Insertion and Logic Duplication ; Routability optimization   ;           ;                ; cnn_small_core:u_core|out_c[3]~DUPLICATE              ;                  ;                       ;
; cnn_small_core:u_core|out_c[5]                 ; Duplicated      ; Router Logic Cell Insertion and Logic Duplication ; Routability optimization   ;           ;                ; cnn_small_core:u_core|out_c[5]~DUPLICATE              ;                  ;                       ;
; cnn_small_core:u_core|out_c[12]                ; Duplicated      ; Router Logic Cell Insertion and Logic Duplication ; Routability optimization   ;           ;                ; cnn_small_core:u_core|out_c[12]~DUPLICATE             ;                  ;                       ;
; cnn_small_core:u_core|out_c[31]                ; Duplicated      ; Router Logic Cell Insertion and Logic Duplication ; Routability optimization   ;           ;                ; cnn_small_core:u_core|out_c[31]~DUPLICATE             ;                  ;                       ;
; cnn_small_core:u_core|out_f[3]~_Duplicate_2    ; Duplicated      ; Router Logic Cell Insertion and Logic Duplication ; Routability optimization   ;           ;                ; cnn_small_core:u_core|out_f[3]~_Duplicate_2DUPLICATE  ;                  ;                       ;
; cnn_small_core:u_core|out_f[15]~_Duplicate_2   ; Duplicated      ; Router Logic Cell Insertion and Logic Duplication ; Routability optimization   ;           ;                ; cnn_small_core:u_core|out_f[15]~_Duplicate_2DUPLICATE ;                  ;                       ;
; cnn_small_core:u_core|out_f[19]                ; Duplicated      ; Router Logic Cell Insertion and Logic Duplication ; Routability optimization   ;           ;                ; cnn_small_core:u_core|out_f[19]~DUPLICATE             ;                  ;                       ;
; cnn_small_core:u_core|out_r[1]                 ; Duplicated      ; Router Logic Cell Insertion and Logic Duplication ; Routability optimization   ;           ;                ; cnn_small_core:u_core|out_r[1]~DUPLICATE              ;                  ;                       ;
; cnn_small_core:u_core|out_r[2]                 ; Duplicated      ; Router Logic Cell Insertion and Logic Duplication ; Routability optimization   ;           ;                ; cnn_small_core:u_core|out_r[2]~DUPLICATE              ;                  ;                       ;
; cnn_small_core:u_core|out_r[4]                 ; Duplicated      ; Router Logic Cell Insertion and Logic Duplication ; Routability optimization   ;           ;                ; cnn_small_core:u_core|out_r[4]~DUPLICATE              ;                  ;                       ;
; cnn_small_core:u_core|out_r[6]                 ; Duplicated      ; Router Logic Cell Insertion and Logic Duplication ; Routability optimization   ;           ;                ; cnn_small_core:u_core|out_r[6]~DUPLICATE              ;                  ;                       ;
; cnn_small_core:u_core|out_r[11]                ; Duplicated      ; Router Logic Cell Insertion and Logic Duplication ; Routability optimization   ;           ;                ; cnn_small_core:u_core|out_r[11]~DUPLICATE             ;                  ;                       ;
; cnn_small_core:u_core|out_r[12]                ; Duplicated      ; Router Logic Cell Insertion and Logic Duplication ; Routability optimization   ;           ;                ; cnn_small_core:u_core|out_r[12]~DUPLICATE             ;                  ;                       ;
; cnn_small_core:u_core|out_r[15]                ; Duplicated      ; Router Logic Cell Insertion and Logic Duplication ; Routability optimization   ;           ;                ; cnn_small_core:u_core|out_r[15]~DUPLICATE             ;                  ;                       ;
; cnn_small_core:u_core|out_r[16]                ; Duplicated      ; Router Logic Cell Insertion and Logic Duplication ; Routability optimization   ;           ;                ; cnn_small_core:u_core|out_r[16]~DUPLICATE             ;                  ;                       ;
; cnn_small_core:u_core|out_r[17]                ; Duplicated      ; Router Logic Cell Insertion and Logic Duplication ; Routability optimization   ;           ;                ; cnn_small_core:u_core|out_r[17]~DUPLICATE             ;                  ;                       ;
; cnn_small_core:u_core|out_r[22]                ; Duplicated      ; Router Logic Cell Insertion and Logic Duplication ; Routability optimization   ;           ;                ; cnn_small_core:u_core|out_r[22]~DUPLICATE             ;                  ;                       ;
; cnn_small_core:u_core|p1_raddr[7]              ; Duplicated      ; Router Logic Cell Insertion and Logic Duplication ; Routability optimization   ;           ;                ; cnn_small_core:u_core|p1_raddr[7]~DUPLICATE           ;                  ;                       ;
; cnn_small_core:u_core|pool_c[1]                ; Duplicated      ; Router Logic Cell Insertion and Logic Duplication ; Routability optimization   ;           ;                ; cnn_small_core:u_core|pool_c[1]~DUPLICATE             ;                  ;                       ;
; cnn_small_core:u_core|pool_c[5]                ; Duplicated      ; Router Logic Cell Insertion and Logic Duplication ; Routability optimization   ;           ;                ; cnn_small_core:u_core|pool_c[5]~DUPLICATE             ;                  ;                       ;
; cnn_small_core:u_core|pool_c[6]                ; Duplicated      ; Router Logic Cell Insertion and Logic Duplication ; Routability optimization   ;           ;                ; cnn_small_core:u_core|pool_c[6]~DUPLICATE             ;                  ;                       ;
; cnn_small_core:u_core|pool_c[8]                ; Duplicated      ; Router Logic Cell Insertion and Logic Duplication ; Routability optimization   ;           ;                ; cnn_small_core:u_core|pool_c[8]~DUPLICATE             ;                  ;                       ;
; cnn_small_core:u_core|pool_c[11]               ; Duplicated      ; Router Logic Cell Insertion and Logic Duplication ; Routability optimization   ;           ;                ; cnn_small_core:u_core|pool_c[11]~DUPLICATE            ;                  ;                       ;
; cnn_small_core:u_core|pool_c[13]               ; Duplicated      ; Router Logic Cell Insertion and Logic Duplication ; Routability optimization   ;           ;                ; cnn_small_core:u_core|pool_c[13]~DUPLICATE            ;                  ;                       ;
; cnn_small_core:u_core|pool_c[15]               ; Duplicated      ; Router Logic Cell Insertion and Logic Duplication ; Routability optimization   ;           ;                ; cnn_small_core:u_core|pool_c[15]~DUPLICATE            ;                  ;                       ;
; cnn_small_core:u_core|pool_c[19]               ; Duplicated      ; Router Logic Cell Insertion and Logic Duplication ; Routability optimization   ;           ;                ; cnn_small_core:u_core|pool_c[19]~DUPLICATE            ;                  ;                       ;
; cnn_small_core:u_core|pool_c[22]               ; Duplicated      ; Router Logic Cell Insertion and Logic Duplication ; Routability optimization   ;           ;                ; cnn_small_core:u_core|pool_c[22]~DUPLICATE            ;                  ;                       ;
; cnn_small_core:u_core|pool_c[28]               ; Duplicated      ; Router Logic Cell Insertion and Logic Duplication ; Routability optimization   ;           ;                ; cnn_small_core:u_core|pool_c[28]~DUPLICATE            ;                  ;                       ;
; cnn_small_core:u_core|pool_ch[19]              ; Duplicated      ; Router Logic Cell Insertion and Logic Duplication ; Routability optimization   ;           ;                ; cnn_small_core:u_core|pool_ch[19]~DUPLICATE           ;                  ;                       ;
; cnn_small_core:u_core|pool_ch[31]              ; Duplicated      ; Router Logic Cell Insertion and Logic Duplication ; Routability optimization   ;           ;                ; cnn_small_core:u_core|pool_ch[31]~DUPLICATE           ;                  ;                       ;
; cnn_small_core:u_core|pool_max[5]              ; Duplicated      ; Router Logic Cell Insertion and Logic Duplication ; Routability optimization   ;           ;                ; cnn_small_core:u_core|pool_max[5]~DUPLICATE           ;                  ;                       ;
; cnn_small_core:u_core|pool_max[6]              ; Duplicated      ; Router Logic Cell Insertion and Logic Duplication ; Routability optimization   ;           ;                ; cnn_small_core:u_core|pool_max[6]~DUPLICATE           ;                  ;                       ;
; cnn_small_core:u_core|pool_max[14]             ; Duplicated      ; Router Logic Cell Insertion and Logic Duplication ; Routability optimization   ;           ;                ; cnn_small_core:u_core|pool_max[14]~DUPLICATE          ;                  ;                       ;
; cnn_small_core:u_core|pool_max[22]             ; Duplicated      ; Router Logic Cell Insertion and Logic Duplication ; Routability optimization   ;           ;                ; cnn_small_core:u_core|pool_max[22]~DUPLICATE          ;                  ;                       ;
; cnn_small_core:u_core|pool_max[23]             ; Duplicated      ; Router Logic Cell Insertion and Logic Duplication ; Routability optimization   ;           ;                ; cnn_small_core:u_core|pool_max[23]~DUPLICATE          ;                  ;                       ;
; cnn_small_core:u_core|pool_max[30]             ; Duplicated      ; Router Logic Cell Insertion and Logic Duplication ; Routability optimization   ;           ;                ; cnn_small_core:u_core|pool_max[30]~DUPLICATE          ;                  ;                       ;
; cnn_small_core:u_core|pool_r[5]                ; Duplicated      ; Router Logic Cell Insertion and Logic Duplication ; Routability optimization   ;           ;                ; cnn_small_core:u_core|pool_r[5]~DUPLICATE             ;                  ;                       ;
; cnn_small_core:u_core|pool_r[7]                ; Duplicated      ; Router Logic Cell Insertion and Logic Duplication ; Routability optimization   ;           ;                ; cnn_small_core:u_core|pool_r[7]~DUPLICATE             ;                  ;                       ;
; cnn_small_core:u_core|pool_r[11]               ; Duplicated      ; Router Logic Cell Insertion and Logic Duplication ; Routability optimization   ;           ;                ; cnn_small_core:u_core|pool_r[11]~DUPLICATE            ;                  ;                       ;
; cnn_small_core:u_core|pool_r[13]               ; Duplicated      ; Router Logic Cell Insertion and Logic Duplication ; Routability optimization   ;           ;                ; cnn_small_core:u_core|pool_r[13]~DUPLICATE            ;                  ;                       ;
; cnn_small_core:u_core|pool_r[15]               ; Duplicated      ; Router Logic Cell Insertion and Logic Duplication ; Routability optimization   ;           ;                ; cnn_small_core:u_core|pool_r[15]~DUPLICATE            ;                  ;                       ;
; cnn_small_core:u_core|pool_r[16]               ; Duplicated      ; Router Logic Cell Insertion and Logic Duplication ; Routability optimization   ;           ;                ; cnn_small_core:u_core|pool_r[16]~DUPLICATE            ;                  ;                       ;
; cnn_small_core:u_core|state.C1M                ; Duplicated      ; Router Logic Cell Insertion and Logic Duplication ; Routability optimization   ;           ;                ; cnn_small_core:u_core|state.C1M~DUPLICATE             ;                  ;                       ;
; cnn_small_core:u_core|state.C2M                ; Duplicated      ; Router Logic Cell Insertion and Logic Duplication ; Routability optimization   ;           ;                ; cnn_small_core:u_core|state.C2M~DUPLICATE             ;                  ;                       ;
; cnn_small_core:u_core|state.FCS                ; Duplicated      ; Router Logic Cell Insertion and Logic Duplication ; Routability optimization   ;           ;                ; cnn_small_core:u_core|state.FCS~DUPLICATE             ;                  ;                       ;
; cnn_small_core:u_core|state.IDLE               ; Duplicated      ; Router Logic Cell Insertion and Logic Duplication ; Routability optimization   ;           ;                ; cnn_small_core:u_core|state.IDLE~DUPLICATE            ;                  ;                       ;
; cnn_small_core:u_core|state.P1R2               ; Duplicated      ; Router Logic Cell Insertion and Logic Duplication ; Routability optimization   ;           ;                ; cnn_small_core:u_core|state.P1R2~DUPLICATE            ;                  ;                       ;
; cnn_small_core:u_core|state.P1WR               ; Duplicated      ; Router Logic Cell Insertion and Logic Duplication ; Routability optimization   ;           ;                ; cnn_small_core:u_core|state.P1WR~DUPLICATE            ;                  ;                       ;
+------------------------------------------------+-----------------+---------------------------------------------------+----------------------------+-----------+----------------+-------------------------------------------------------+------------------+-----------------------+


+---------------------------------------------------------------------------------------------------+
; Incremental Compilation Preservation Summary                                                      ;
+---------------------+---------------------+----------------------------+--------------------------+
; Type                ; Total [A + B]       ; From Design Partitions [A] ; From Rapid Recompile [B] ;
+---------------------+---------------------+----------------------------+--------------------------+
; Placement (by node) ;                     ;                            ;                          ;
;     -- Requested    ; 0.00 % ( 0 / 2925 ) ; 0.00 % ( 0 / 2925 )        ; 0.00 % ( 0 / 2925 )      ;
;     -- Achieved     ; 0.00 % ( 0 / 2925 ) ; 0.00 % ( 0 / 2925 )        ; 0.00 % ( 0 / 2925 )      ;
;                     ;                     ;                            ;                          ;
; Routing (by net)    ;                     ;                            ;                          ;
;     -- Requested    ; 0.00 % ( 0 / 0 )    ; 0.00 % ( 0 / 0 )           ; 0.00 % ( 0 / 0 )         ;
;     -- Achieved     ; 0.00 % ( 0 / 0 )    ; 0.00 % ( 0 / 0 )           ; 0.00 % ( 0 / 0 )         ;
+---------------------+---------------------+----------------------------+--------------------------+


+----------------------------------------------------------------------------------------------------------------------------------------------------------------------------------------+
; Incremental Compilation Partition Settings                                                                                                                                             ;
+--------------------------------+----------------+-------------------+-------------------------+------------------------+------------------------------+--------------------------------+
; Partition Name                 ; Partition Type ; Netlist Type Used ; Preservation Level Used ; Netlist Type Requested ; Preservation Level Requested ; Contents                       ;
+--------------------------------+----------------+-------------------+-------------------------+------------------------+------------------------------+--------------------------------+
; Top                            ; User-created   ; Source File       ; N/A                     ; Source File            ; N/A                          ;                                ;
; hard_block:auto_generated_inst ; Auto-generated ; Source File       ; N/A                     ; Source File            ; N/A                          ; hard_block:auto_generated_inst ;
+--------------------------------+----------------+-------------------+-------------------------+------------------------+------------------------------+--------------------------------+


+------------------------------------------------------------------------------------------------------------------------------------+
; Incremental Compilation Placement Preservation                                                                                     ;
+--------------------------------+-----------------------+-------------------------+-------------------+---------------------+-------+
; Partition Name                 ; Preservation Achieved ; Preservation Level Used ; Netlist Type Used ; Preservation Method ; Notes ;
+--------------------------------+-----------------------+-------------------------+-------------------+---------------------+-------+
; Top                            ; 0.00 % ( 0 / 2925 )   ; N/A                     ; Source File       ; N/A                 ;       ;
; hard_block:auto_generated_inst ; 0.00 % ( 0 / 0 )      ; N/A                     ; Source File       ; N/A                 ;       ;
+--------------------------------+-----------------------+-------------------------+-------------------+---------------------+-------+


+--------------+
; Pin-Out File ;
+--------------+
The pin-out file can be found in /home/raone/DE10_Project/cnn_full_small/cnn_full_small.pin.


+---------------------------------------------------------------------------------------------+
; Fitter Resource Usage Summary                                                               ;
+-------------------------------------------------------------+-----------------------+-------+
; Resource                                                    ; Usage                 ; %     ;
+-------------------------------------------------------------+-----------------------+-------+
; Logic utilization (ALMs needed / total ALMs on device)      ; 1,145 / 41,910        ; 3 %   ;
; ALMs needed [=A-B+C]                                        ; 1,145                 ;       ;
;     [A] ALMs used in final placement [=a+b+c+d]             ; 1,172 / 41,910        ; 3 %   ;
;         [a] ALMs used for LUT logic and registers           ; 377                   ;       ;
;         [b] ALMs used for LUT logic                         ; 761                   ;       ;
;         [c] ALMs used for registers                         ; 34                    ;       ;
;         [d] ALMs used for memory (up to half of total ALMs) ; 0                     ;       ;
;     [B] Estimate of ALMs recoverable by dense packing       ; 46 / 41,910           ; < 1 % ;
;     [C] Estimate of ALMs unavailable [=a+b+c+d]             ; 19 / 41,910           ; < 1 % ;
;         [a] Due to location constrained logic               ; 0                     ;       ;
;         [b] Due to LAB-wide signal conflicts                ; 0                     ;       ;
;         [c] Due to LAB input limits                         ; 19                    ;       ;
;         [d] Due to virtual I/Os                             ; 0                     ;       ;
;                                                             ;                       ;       ;
; Difficulty packing design                                   ; Low                   ;       ;
;                                                             ;                       ;       ;
; Total LABs:  partially or completely used                   ; 160 / 4,191           ; 4 %   ;
;     -- Logic LABs                                           ; 160                   ;       ;
;     -- Memory LABs (up to half of total LABs)               ; 0                     ;       ;
;                                                             ;                       ;       ;
; Combinational ALUT usage for logic                          ; 1,990                 ;       ;
;     -- 7 input functions                                    ; 1                     ;       ;
;     -- 6 input functions                                    ; 283                   ;       ;
;     -- 5 input functions                                    ; 122                   ;       ;
;     -- 4 input functions                                    ; 123                   ;       ;
;     -- <=3 input functions                                  ; 1,461                 ;       ;
; Combinational ALUT usage for route-throughs                 ; 25                    ;       ;
;                                                             ;                       ;       ;
; Dedicated logic registers                                   ; 889                   ;       ;
;     -- By type:                                             ;                       ;       ;
;         -- Primary logic registers                          ; 821 / 83,820          ; < 1 % ;
;         -- Secondary logic registers                        ; 68 / 83,820           ; < 1 % ;
;     -- By function:                                         ;                       ;       ;
;         -- Design implementation registers                  ; 821                   ;       ;
;         -- Routing optimization registers                   ; 68                    ;       ;
;                                                             ;                       ;       ;
; Virtual pins                                                ; 0                     ;       ;
; I/O pins                                                    ; 6 / 499               ; 1 %   ;
;     -- Clock pins                                           ; 1 / 11                ; 9 %   ;
;     -- Dedicated input pins                                 ; 0 / 39                ; 0 %   ;
;                                                             ;                       ;       ;
; Hard processor system peripheral utilization                ;                       ;       ;
;     -- Boot from FPGA                                       ; 0 / 1 ( 0 % )         ;       ;
;     -- Clock resets                                         ; 0 / 1 ( 0 % )         ;       ;
;     -- Cross trigger                                        ; 0 / 1 ( 0 % )         ;       ;
;     -- S2F AXI                                              ; 0 / 1 ( 0 % )         ;       ;
;     -- F2S AXI                                              ; 0 / 1 ( 0 % )         ;       ;
;     -- AXI Lightweight                                      ; 0 / 1 ( 0 % )         ;       ;
;     -- SDRAM                                                ; 0 / 1 ( 0 % )         ;       ;
;     -- Interrupts                                           ; 0 / 1 ( 0 % )         ;       ;
;     -- JTAG                                                 ; 0 / 1 ( 0 % )         ;       ;
;     -- Loan I/O                                             ; 0 / 1 ( 0 % )         ;       ;
;     -- MPU event standby                                    ; 0 / 1 ( 0 % )         ;       ;
;     -- MPU general purpose                                  ; 0 / 1 ( 0 % )         ;       ;
;     -- STM event                                            ; 0 / 1 ( 0 % )         ;       ;
;     -- TPIU trace                                           ; 0 / 1 ( 0 % )         ;       ;
;     -- DMA                                                  ; 0 / 1 ( 0 % )         ;       ;
;     -- CAN                                                  ; 0 / 2 ( 0 % )         ;       ;
;     -- EMAC                                                 ; 0 / 2 ( 0 % )         ;       ;
;     -- I2C                                                  ; 0 / 4 ( 0 % )         ;       ;
;     -- NAND Flash                                           ; 0 / 1 ( 0 % )         ;       ;
;     -- QSPI                                                 ; 0 / 1 ( 0 % )         ;       ;
;     -- SDMMC                                                ; 0 / 1 ( 0 % )         ;       ;
;     -- SPI Master                                           ; 0 / 2 ( 0 % )         ;       ;
;     -- SPI Slave                                            ; 0 / 2 ( 0 % )         ;       ;
;     -- UART                                                 ; 0 / 2 ( 0 % )         ;       ;
;     -- USB                                                  ; 0 / 2 ( 0 % )         ;       ;
;                                                             ;                       ;       ;
; M10K blocks                                                 ; 71 / 553              ; 13 %  ;
; Total MLAB memory bits                                      ; 0                     ;       ;
; Total block memory bits                                     ; 455,104 / 5,662,720   ; 8 %   ;
; Total block memory implementation bits                      ; 727,040 / 5,662,720   ; 13 %  ;
;                                                             ;                       ;       ;
; Total DSP Blocks                                            ; 13 / 112              ; 12 %  ;
;                                                             ;                       ;       ;
; Fractional PLLs                                             ; 0 / 6                 ; 0 %   ;
; Global signals                                              ; 1                     ;       ;
;     -- Global clocks                                        ; 1 / 16                ; 6 %   ;
;     -- Quadrant clocks                                      ; 0 / 66                ; 0 %   ;
;     -- Horizontal periphery clocks                          ; 0 / 18                ; 0 %   ;
; SERDES Transmitters                                         ; 0 / 100               ; 0 %   ;
; SERDES Receivers                                            ; 0 / 100               ; 0 %   ;
; JTAGs                                                       ; 0 / 1                 ; 0 %   ;
; ASMI blocks                                                 ; 0 / 1                 ; 0 %   ;
; CRC blocks                                                  ; 0 / 1                 ; 0 %   ;
; Remote update blocks                                        ; 0 / 1                 ; 0 %   ;
; Oscillator blocks                                           ; 0 / 1                 ; 0 %   ;
; Hard IPs                                                    ; 0 / 2                 ; 0 %   ;
; Standard RX PCSs                                            ; 0 / 9                 ; 0 %   ;
; HSSI PMA RX Deserializers                                   ; 0 / 9                 ; 0 %   ;
; Standard TX PCSs                                            ; 0 / 9                 ; 0 %   ;
; HSSI PMA TX Serializers                                     ; 0 / 9                 ; 0 %   ;
; Channel PLLs                                                ; 0 / 9                 ; 0 %   ;
; Impedance control blocks                                    ; 0 / 4                 ; 0 %   ;
; Hard Memory Controllers                                     ; 0 / 2                 ; 0 %   ;
; Average interconnect usage (total/H/V)                      ; 1.7% / 1.7% / 1.4%    ;       ;
; Peak interconnect usage (total/H/V)                         ; 17.4% / 18.3% / 14.5% ;       ;
; Maximum fan-out                                             ; 967                   ;       ;
; Highest non-global fan-out                                  ; 307                   ;       ;
; Total fan-out                                               ; 11885                 ;       ;
; Average fan-out                                             ; 3.96                  ;       ;
+-------------------------------------------------------------+-----------------------+-------+


+----------------------------------------------------------------------------------------------------------------------+
; Fitter Partition Statistics                                                                                          ;
+-------------------------------------------------------------+-----------------------+--------------------------------+
; Statistic                                                   ; Top                   ; hard_block:auto_generated_inst ;
+-------------------------------------------------------------+-----------------------+--------------------------------+
; Logic utilization (ALMs needed / total ALMs on device)      ; 1145 / 41910 ( 3 % )  ; 0 / 41910 ( 0 % )              ;
; ALMs needed [=A-B+C]                                        ; 1145                  ; 0                              ;
;     [A] ALMs used in final placement [=a+b+c+d]             ; 1172 / 41910 ( 3 % )  ; 0 / 41910 ( 0 % )              ;
;         [a] ALMs used for LUT logic and registers           ; 377                   ; 0                              ;
;         [b] ALMs used for LUT logic                         ; 761                   ; 0                              ;
;         [c] ALMs used for registers                         ; 34                    ; 0                              ;
;         [d] ALMs used for memory (up to half of total ALMs) ; 0                     ; 0                              ;
;     [B] Estimate of ALMs recoverable by dense packing       ; 46 / 41910 ( < 1 % )  ; 0 / 41910 ( 0 % )              ;
;     [C] Estimate of ALMs unavailable [=a+b+c+d]             ; 19 / 41910 ( < 1 % )  ; 0 / 41910 ( 0 % )              ;
;         [a] Due to location constrained logic               ; 0                     ; 0                              ;
;         [b] Due to LAB-wide signal conflicts                ; 0                     ; 0                              ;
;         [c] Due to LAB input limits                         ; 19                    ; 0                              ;
;         [d] Due to virtual I/Os                             ; 0                     ; 0                              ;
;                                                             ;                       ;                                ;
; Difficulty packing design                                   ; Low                   ; Low                            ;
;                                                             ;                       ;                                ;
; Total LABs:  partially or completely used                   ; 160 / 4191 ( 4 % )    ; 0 / 4191 ( 0 % )               ;
;     -- Logic LABs                                           ; 160                   ; 0                              ;
;     -- Memory LABs (up to half of total LABs)               ; 0                     ; 0                              ;
;                                                             ;                       ;                                ;
; Combinational ALUT usage for logic                          ; 1990                  ; 0                              ;
;     -- 7 input functions                                    ; 1                     ; 0                              ;
;     -- 6 input functions                                    ; 283                   ; 0                              ;
;     -- 5 input functions                                    ; 122                   ; 0                              ;
;     -- 4 input functions                                    ; 123                   ; 0                              ;
;     -- <=3 input functions                                  ; 1461                  ; 0                              ;
; Combinational ALUT usage for route-throughs                 ; 25                    ; 0                              ;
; Memory ALUT usage                                           ; 0                     ; 0                              ;
;     -- 64-address deep                                      ; 0                     ; 0                              ;
;     -- 32-address deep                                      ; 0                     ; 0                              ;
;                                                             ;                       ;                                ;
; Dedicated logic registers                                   ; 0                     ; 0                              ;
;     -- By type:                                             ;                       ;                                ;
;         -- Primary logic registers                          ; 821 / 83820 ( < 1 % ) ; 0 / 83820 ( 0 % )              ;
;         -- Secondary logic registers                        ; 68 / 83820 ( < 1 % )  ; 0 / 83820 ( 0 % )              ;
;     -- By function:                                         ;                       ;                                ;
;         -- Design implementation registers                  ; 821                   ; 0                              ;
;         -- Routing optimization registers                   ; 68                    ; 0                              ;
;                                                             ;                       ;                                ;
;                                                             ;                       ;                                ;
; Virtual pins                                                ; 0                     ; 0                              ;
; I/O pins                                                    ; 6                     ; 0                              ;
; I/O registers                                               ; 0                     ; 0                              ;
; Total block memory bits                                     ; 455104                ; 0                              ;
; Total block memory implementation bits                      ; 727040                ; 0                              ;
; M10K block                                                  ; 71 / 553 ( 12 % )     ; 0 / 553 ( 0 % )                ;
; DSP block                                                   ; 13 / 112 ( 11 % )     ; 0 / 112 ( 0 % )                ;
; Clock enable block                                          ; 1 / 116 ( < 1 % )     ; 0 / 116 ( 0 % )                ;
;                                                             ;                       ;                                ;
; Connections                                                 ;                       ;                                ;
;     -- Input Connections                                    ; 0                     ; 0                              ;
;     -- Registered Input Connections                         ; 0                     ; 0                              ;
;     -- Output Connections                                   ; 0                     ; 0                              ;
;     -- Registered Output Connections                        ; 0                     ; 0                              ;
;                                                             ;                       ;                                ;
; Internal Connections                                        ;                       ;                                ;
;     -- Total Connections                                    ; 13264                 ; 0                              ;
;     -- Registered Connections                               ; 5137                  ; 0                              ;
;                                                             ;                       ;                                ;
; External Connections                                        ;                       ;                                ;
;     -- Top                                                  ; 0                     ; 0                              ;
;     -- hard_block:auto_generated_inst                       ; 0                     ; 0                              ;
;                                                             ;                       ;                                ;
; Partition Interface                                         ;                       ;                                ;
;     -- Input Ports                                          ; 2                     ; 0                              ;
;     -- Output Ports                                         ; 4                     ; 0                              ;
;     -- Bidir Ports                                          ; 0                     ; 0                              ;
;                                                             ;                       ;                                ;
; Registered Ports                                            ;                       ;                                ;
;     -- Registered Input Ports                               ; 0                     ; 0                              ;
;     -- Registered Output Ports                              ; 0                     ; 0                              ;
;                                                             ;                       ;                                ;
; Port Connectivity                                           ;                       ;                                ;
;     -- Input Ports driven by GND                            ; 0                     ; 0                              ;
;     -- Output Ports driven by GND                           ; 0                     ; 0                              ;
;     -- Input Ports driven by VCC                            ; 0                     ; 0                              ;
;     -- Output Ports driven by VCC                           ; 0                     ; 0                              ;
;     -- Input Ports with no Source                           ; 0                     ; 0                              ;
;     -- Output Ports with no Source                          ; 0                     ; 0                              ;
;     -- Input Ports with no Fanout                           ; 0                     ; 0                              ;
;     -- Output Ports with no Fanout                          ; 0                     ; 0                              ;
+-------------------------------------------------------------+-----------------------+--------------------------------+


+-----------------------------------------------------------------------------------------------------------------------------------------------------------------------------------------------------------------------------------------------------------------------------------------+
; Input Pins                                                                                                                                                                                                                                                                              ;
+----------+-------+----------+--------------+--------------+--------------+-----------------------+--------------------+--------+----------------+-----------------+----------+--------------+--------------+-------------+---------------------------+----------------------+-----------+
; Name     ; Pin # ; I/O Bank ; X coordinate ; Y coordinate ; Z coordinate ; Combinational Fan-Out ; Registered Fan-Out ; Global ; Input Register ; PCI I/O Enabled ; Bus Hold ; Weak Pull Up ; I/O Standard ; Termination ; Termination Control Block ; Location assigned by ; Slew Rate ;
+----------+-------+----------+--------------+--------------+--------------+-----------------------+--------------------+--------+----------------+-----------------+----------+--------------+--------------+-------------+---------------------------+----------------------+-----------+
; CLOCK_50 ; AF14  ; 3B       ; 32           ; 0            ; 0            ; 967                   ; 0                  ; yes    ; no             ; no              ; no       ; Off          ; 3.3-V LVTTL  ; Off         ; --                        ; User                 ; no        ;
; KEY[0]   ; AJ4   ; 3B       ; 22           ; 0            ; 34           ; 307                   ; 0                  ; no     ; no             ; no              ; no       ; Off          ; 3.3-V LVTTL  ; Off         ; --                        ; User                 ; no        ;
+----------+-------+----------+--------------+--------------+--------------+-----------------------+--------------------+--------+----------------+-----------------+----------+--------------+--------------+-------------+---------------------------+----------------------+-----------+


+------------------------------------------------------------------------------------------------------------------------------------------------------------------------------------------------------------------------------------------------------------------------------------------------------------------------------------------------------------------------------------------------------------------------------------------------------------------------+
; Output Pins                                                                                                                                                                                                                                                                                                                                                                                                                                                            ;
+---------+-------+----------+--------------+--------------+--------------+-----------------+------------------------+-----------+-----------------+------------+---------------+----------+--------------+--------------+------------------+-------------+---------------------------+----------------------------+-----------------------------+---------------------+-----------------------------+----------------------+----------------------+---------------------+
; Name    ; Pin # ; I/O Bank ; X coordinate ; Y coordinate ; Z coordinate ; Output Register ; Output Enable Register ; Slew Rate ; PCI I/O Enabled ; Open Drain ; TRI Primitive ; Bus Hold ; Weak Pull Up ; I/O Standard ; Current Strength ; Termination ; Termination Control Block ; Output Buffer Pre-emphasis ; Voltage Output Differential ; Output Buffer Delay ; Output Buffer Delay Control ; Location assigned by ; Output Enable Source ; Output Enable Group ;
+---------+-------+----------+--------------+--------------+--------------+-----------------+------------------------+-----------+-----------------+------------+---------------+----------+--------------+--------------+------------------+-------------+---------------------------+----------------------------+-----------------------------+---------------------+-----------------------------+----------------------+----------------------+---------------------+
; LEDR[0] ; AA24  ; 5A       ; 89           ; 11           ; 43           ; no              ; no                     ; 1         ; no              ; no         ; no            ; no       ; Off          ; 3.3-V LVTTL  ; 16mA             ; Off         ; --                        ; no                         ; no                          ; 0                   ; Off                         ; User                 ; -                    ; -                   ;
; LEDR[1] ; AB23  ; 5A       ; 89           ; 9            ; 20           ; no              ; no                     ; 1         ; no              ; no         ; no            ; no       ; Off          ; 3.3-V LVTTL  ; 16mA             ; Off         ; --                        ; no                         ; no                          ; 0                   ; Off                         ; User                 ; -                    ; -                   ;
; LEDR[2] ; AC23  ; 4A       ; 86           ; 0            ; 17           ; no              ; no                     ; 1         ; no              ; no         ; no            ; no       ; Off          ; 3.3-V LVTTL  ; 16mA             ; Off         ; --                        ; no                         ; no                          ; 0                   ; Off                         ; User                 ; -                    ; -                   ;
; LEDR[3] ; AD24  ; 4A       ; 88           ; 0            ; 35           ; no              ; no                     ; 1         ; no              ; no         ; no            ; no       ; Off          ; 3.3-V LVTTL  ; 16mA             ; Off         ; --                        ; no                         ; no                          ; 0                   ; Off                         ; User                 ; -                    ; -                   ;
+---------+-------+----------+--------------+--------------+--------------+-----------------+------------------------+-----------+-----------------+------------+---------------+----------+--------------+--------------+------------------+-------------+---------------------------+----------------------------+-----------------------------+---------------------+-----------------------------+----------------------+----------------------+---------------------+


+--------------------------------------------------------------------------+
; I/O Bank Usage                                                           ;
+----------+----------------+---------------+--------------+---------------+
; I/O Bank ; Usage          ; VCCIO Voltage ; VREF Voltage ; VCCPD Voltage ;
+----------+----------------+---------------+--------------+---------------+
; B2L      ; 0 / 14 ( 0 % ) ; --            ; --           ; --            ;
; B1L      ; 0 / 14 ( 0 % ) ; --            ; --           ; --            ;
; B0L      ; 0 / 14 ( 0 % ) ; --            ; --           ; --            ;
; 3A       ; 0 / 32 ( 0 % ) ; 2.5V          ; --           ; 2.5V          ;
; 3B       ; 2 / 48 ( 4 % ) ; 3.3V          ; --           ; 3.3V          ;
; 4A       ; 2 / 80 ( 3 % ) ; 3.3V          ; --           ; 3.3V          ;
; 5A       ; 2 / 32 ( 6 % ) ; 3.3V          ; --           ; 3.3V          ;
; 5B       ; 0 / 16 ( 0 % ) ; 2.5V          ; --           ; 2.5V          ;
; 6B       ; 0 / 44 ( 0 % ) ; 2.5V          ; --           ; 2.5V          ;
; 6A       ; 0 / 56 ( 0 % ) ; 2.5V          ; --           ; 2.5V          ;
; 7A       ; 0 / 19 ( 0 % ) ; 2.5V          ; --           ; 2.5V          ;
; 7B       ; 0 / 22 ( 0 % ) ; 2.5V          ; --           ; 2.5V          ;
; 7C       ; 0 / 12 ( 0 % ) ; 2.5V          ; --           ; 2.5V          ;
; 7D       ; 0 / 14 ( 0 % ) ; 2.5V          ; --           ; 2.5V          ;
; 8A       ; 0 / 80 ( 0 % ) ; 2.5V          ; --           ; 2.5V          ;
+----------+----------------+---------------+--------------+---------------+


+-----------------------------------------------------------------------------------------------------------------------------------------------------------------------------------+
; All Package Pins                                                                                                                                                                  ;
+----------+------------+----------------+---------------------------------+--------+--------------+---------------------+--------------+-----------------+----------+--------------+
; Location ; Pad Number ; I/O Bank       ; Pin Name/Usage                  ; Dir.   ; I/O Standard ; Voltage             ; I/O Type     ; User Assignment ; Bus Hold ; Weak Pull Up ;
+----------+------------+----------------+---------------------------------+--------+--------------+---------------------+--------------+-----------------+----------+--------------+
; A2       ;            ;                ; GND                             ; gnd    ;              ;                     ; --           ;                 ; --       ; --           ;
; A3       ; 493        ; 8A             ; RESERVED_INPUT_WITH_WEAK_PULLUP ;        ;              ;                     ; Column I/O   ;                 ; no       ; On           ;
; A4       ; 491        ; 8A             ; RESERVED_INPUT_WITH_WEAK_PULLUP ;        ;              ;                     ; Column I/O   ;                 ; no       ; On           ;
; A5       ; 489        ; 8A             ; RESERVED_INPUT_WITH_WEAK_PULLUP ;        ;              ;                     ; Column I/O   ;                 ; no       ; On           ;
; A6       ; 487        ; 8A             ; RESERVED_INPUT_WITH_WEAK_PULLUP ;        ;              ;                     ; Column I/O   ;                 ; no       ; On           ;
; A7       ;            ; 8A             ; VCCIO8A                         ; power  ;              ; 2.5V                ; --           ;                 ; --       ; --           ;
; A8       ; 473        ; 8A             ; RESERVED_INPUT_WITH_WEAK_PULLUP ;        ;              ;                     ; Column I/O   ;                 ; no       ; On           ;
; A9       ; 471        ; 8A             ; RESERVED_INPUT_WITH_WEAK_PULLUP ;        ;              ;                     ; Column I/O   ;                 ; no       ; On           ;
; A10      ; 465        ; 8A             ; RESERVED_INPUT_WITH_WEAK_PULLUP ;        ;              ;                     ; Column I/O   ;                 ; no       ; On           ;
; A11      ; 463        ; 8A             ; RESERVED_INPUT_WITH_WEAK_PULLUP ;        ;              ;                     ; Column I/O   ;                 ; no       ; On           ;
; A12      ;            ;                ; GND                             ; gnd    ;              ;                     ; --           ;                 ; --       ; --           ;
; A13      ; 461        ; 8A             ; RESERVED_INPUT_WITH_WEAK_PULLUP ;        ;              ;                     ; Column I/O   ;                 ; no       ; On           ;
; A14      ; 455        ; 7D             ; RESERVED_INPUT_WITH_WEAK_PULLUP ;        ;              ;                     ; Column I/O   ;                 ; no       ; On           ;
; A15      ; 447        ; 7D             ; RESERVED_INPUT_WITH_WEAK_PULLUP ;        ;              ;                     ; Column I/O   ;                 ; no       ; On           ;
; A16      ; 439        ; 7C             ; RESERVED_INPUT_WITH_WEAK_PULLUP ;        ;              ;                     ; Column I/O   ;                 ; no       ; On           ;
; A17      ;            ;                ; GND                             ; gnd    ;              ;                     ; --           ;                 ; --       ; --           ;
; A18      ; 425        ; 7B             ; RESERVED_INPUT_WITH_WEAK_PULLUP ;        ;              ;                     ; Column I/O   ;                 ; no       ; On           ;
; A19      ; 423        ; 7B             ; RESERVED_INPUT_WITH_WEAK_PULLUP ;        ;              ;                     ; Column I/O   ;                 ; no       ; On           ;
; A20      ; 415        ; 7B             ; RESERVED_INPUT_WITH_WEAK_PULLUP ;        ;              ;                     ; Column I/O   ;                 ; no       ; On           ;
; A21      ; 411        ; 7B             ; RESERVED_INPUT_WITH_WEAK_PULLUP ;        ;              ;                     ; Column I/O   ;                 ; no       ; On           ;
; A22      ;            ;                ; GND                             ; gnd    ;              ;                     ; --           ;                 ; --       ; --           ;
; A23      ; 395        ; 7A             ; RESERVED_INPUT_WITH_WEAK_PULLUP ;        ;              ;                     ; Column I/O   ;                 ; no       ; On           ;
; A24      ; 391        ; 7A             ; RESERVED_INPUT_WITH_WEAK_PULLUP ;        ;              ;                     ; Column I/O   ;                 ; no       ; On           ;
; A25      ; 389        ; 7A             ; RESERVED_INPUT_WITH_WEAK_PULLUP ;        ;              ;                     ; Column I/O   ;                 ; no       ; On           ;
; A26      ; 382        ; 7A             ; ^GND                            ;        ;              ;                     ; --           ;                 ; --       ; --           ;
; A27      ;            ;                ; GND                             ; gnd    ;              ;                     ; --           ;                 ; --       ; --           ;
; A28      ; 380        ; 7A             ; ^HPS_TRST                       ;        ;              ;                     ; --           ;                 ; --       ; --           ;
; A29      ; 378        ; 7A             ; ^HPS_TMS                        ;        ;              ;                     ; --           ;                 ; --       ; --           ;
; AA1      ; 31         ; B0L            ; GND                             ;        ;              ;                     ; --           ;                 ; --       ; --           ;
; AA2      ; 30         ; B0L            ; GND                             ;        ;              ;                     ; --           ;                 ; --       ; --           ;
; AA3      ;            ;                ; GND                             ; gnd    ;              ;                     ; --           ;                 ; --       ; --           ;
; AA4      ;            ;                ; GND                             ; gnd    ;              ;                     ; --           ;                 ; --       ; --           ;
; AA5      ;            ; --             ; VCCE_GXBL                       ; power  ;              ; 1.1V                ; --           ;                 ; --       ; --           ;
; AA6      ;            ;                ; GND                             ; gnd    ;              ;                     ; --           ;                 ; --       ; --           ;
; AA7      ;            ;                ; DNU                             ;        ;              ;                     ; --           ;                 ; --       ; --           ;
; AA8      ;            ; --             ; VCCA_FPLL                       ; power  ;              ; 2.5V                ; --           ;                 ; --       ; --           ;
; AA9      ;            ;                ; GND                             ; gnd    ;              ;                     ; --           ;                 ; --       ; --           ;
; AA10     ;            ; 3A             ; VCCPD3A                         ; power  ;              ; 2.5V                ; --           ;                 ; --       ; --           ;
; AA11     ;            ;                ; GND                             ; gnd    ;              ;                     ; --           ;                 ; --       ; --           ;
; AA12     ; 74         ; 3A             ; RESERVED_INPUT_WITH_WEAK_PULLUP ;        ;              ;                     ; Column I/O   ;                 ; no       ; On           ;
; AA13     ; 90         ; 3B             ; RESERVED_INPUT_WITH_WEAK_PULLUP ;        ;              ;                     ; Column I/O   ;                 ; no       ; On           ;
; AA14     ; 122        ; 3B             ; RESERVED_INPUT_WITH_WEAK_PULLUP ;        ;              ;                     ; Column I/O   ;                 ; no       ; On           ;
; AA15     ; 120        ; 3B             ; RESERVED_INPUT_WITH_WEAK_PULLUP ;        ;              ;                     ; Column I/O   ;                 ; no       ; On           ;
; AA16     ; 146        ; 4A             ; RESERVED_INPUT_WITH_WEAK_PULLUP ;        ;              ;                     ; Column I/O   ;                 ; no       ; On           ;
; AA17     ;            ; 4A             ; VCCIO4A                         ; power  ;              ; 3.3V                ; --           ;                 ; --       ; --           ;
; AA18     ; 168        ; 4A             ; RESERVED_INPUT_WITH_WEAK_PULLUP ;        ;              ;                     ; Column I/O   ;                 ; no       ; On           ;
; AA19     ; 176        ; 4A             ; RESERVED_INPUT_WITH_WEAK_PULLUP ;        ;              ;                     ; Column I/O   ;                 ; no       ; On           ;
; AA20     ; 200        ; 4A             ; RESERVED_INPUT_WITH_WEAK_PULLUP ;        ;              ;                     ; Column I/O   ;                 ; no       ; On           ;
; AA21     ; 210        ; 4A             ; RESERVED_INPUT_WITH_WEAK_PULLUP ;        ;              ;                     ; Column I/O   ;                 ; no       ; On           ;
; AA22     ;            ;                ; GND                             ; gnd    ;              ;                     ; --           ;                 ; --       ; --           ;
; AA23     ;            ; --             ; VCCPGM                          ; power  ;              ; 1.8V/2.5V/3.0V/3.3V ; --           ;                 ; --       ; --           ;
; AA24     ; 228        ; 5A             ; LEDR[0]                         ; output ; 3.3-V LVTTL  ;                     ; Row I/O      ; Y               ; no       ; Off          ;
; AA25     ; 224        ; 5A             ; RESERVED_INPUT_WITH_WEAK_PULLUP ;        ;              ;                     ; Row I/O      ;                 ; no       ; On           ;
; AA26     ; 252        ; 5B             ; RESERVED_INPUT_WITH_WEAK_PULLUP ;        ;              ;                     ; Row I/O      ;                 ; no       ; On           ;
; AA27     ;            ; 5B             ; VCCIO5B                         ; power  ;              ; 2.5V                ; --           ;                 ; --       ; --           ;
; AA28     ; 251        ; 5B             ; RESERVED_INPUT_WITH_WEAK_PULLUP ;        ;              ;                     ; Row I/O      ;                 ; no       ; On           ;
; AA29     ;            ; 5B             ; VREFB5BN0                       ; power  ;              ;                     ; --           ;                 ; --       ; --           ;
; AA30     ; 250        ; 5B             ; RESERVED_INPUT_WITH_WEAK_PULLUP ;        ;              ;                     ; Row I/O      ;                 ; no       ; On           ;
; AB1      ;            ;                ; GND                             ; gnd    ;              ;                     ; --           ;                 ; --       ; --           ;
; AB2      ;            ;                ; GND                             ; gnd    ;              ;                     ; --           ;                 ; --       ; --           ;
; AB3      ; 32         ; B0L            ; GXB_NC                          ;        ;              ;                     ; --           ;                 ; --       ; --           ;
; AB4      ; 33         ; B0L            ; GXB_NC                          ;        ;              ;                     ; --           ;                 ; --       ; --           ;
; AB5      ;            ;                ; GND                             ; gnd    ;              ;                     ; --           ;                 ; --       ; --           ;
; AB6      ;            ; --             ; VCCH_GXBL                       ; power  ;              ; 2.5V                ; --           ;                 ; --       ; --           ;
; AB7      ;            ;                ; GND                             ; gnd    ;              ;                     ; --           ;                 ; --       ; --           ;
; AB8      ; 43         ; 3A             ; ^nCSO, DATA4                    ;        ;              ;                     ; Weak Pull Up ;                 ; --       ; On           ;
; AB9      ; 42         ; 3A             ; #TDO                            ; output ;              ;                     ; --           ;                 ; --       ; --           ;
; AB10     ;            ; --             ; VCCPGM                          ; power  ;              ; 1.8V/2.5V/3.0V/3.3V ; --           ;                 ; --       ; --           ;
; AB11     ;            ; --             ; VCC_AUX                         ; power  ;              ; 2.5V                ; --           ;                 ; --       ; --           ;
; AB12     ; 72         ; 3A             ; RESERVED_INPUT_WITH_WEAK_PULLUP ;        ;              ;                     ; Column I/O   ;                 ; no       ; On           ;
; AB13     ; 88         ; 3B             ; RESERVED_INPUT_WITH_WEAK_PULLUP ;        ;              ;                     ; Column I/O   ;                 ; no       ; On           ;
; AB14     ;            ; 3B             ; VCCIO3B                         ; power  ;              ; 3.3V                ; --           ;                 ; --       ; --           ;
; AB15     ; 106        ; 3B             ; RESERVED_INPUT_WITH_WEAK_PULLUP ;        ;              ;                     ; Column I/O   ;                 ; no       ; On           ;
; AB16     ;            ; --             ; VCC_AUX                         ; power  ;              ; 2.5V                ; --           ;                 ; --       ; --           ;
; AB17     ; 144        ; 4A             ; RESERVED_INPUT_WITH_WEAK_PULLUP ;        ;              ;                     ; Column I/O   ;                 ; no       ; On           ;
; AB18     ;            ; 3B, 4A         ; VCCPD3B4A                       ; power  ;              ; 3.3V                ; --           ;                 ; --       ; --           ;
; AB19     ;            ;                ; GND                             ; gnd    ;              ;                     ; --           ;                 ; --       ; --           ;
; AB20     ;            ; 3B, 4A         ; VCCPD3B4A                       ; power  ;              ; 3.3V                ; --           ;                 ; --       ; --           ;
; AB21     ; 208        ; 4A             ; RESERVED_INPUT_WITH_WEAK_PULLUP ;        ;              ;                     ; Column I/O   ;                 ; no       ; On           ;
; AB22     ; 225        ; 5A             ; RESERVED_INPUT_WITH_WEAK_PULLUP ;        ;              ;                     ; Row I/O      ;                 ; no       ; On           ;
; AB23     ; 227        ; 5A             ; LEDR[1]                         ; output ; 3.3-V LVTTL  ;                     ; Row I/O      ; Y               ; no       ; Off          ;
; AB24     ;            ; 5A             ; VCCIO5A                         ; power  ;              ; 3.3V                ; --           ;                 ; --       ; --           ;
; AB25     ; 230        ; 5A             ; RESERVED_INPUT_WITH_WEAK_PULLUP ;        ;              ;                     ; Row I/O      ;                 ; no       ; On           ;
; AB26     ; 226        ; 5A             ; RESERVED_INPUT_WITH_WEAK_PULLUP ;        ;              ;                     ; Row I/O      ;                 ; no       ; On           ;
; AB27     ; 254        ; 5B             ; RESERVED_INPUT_WITH_WEAK_PULLUP ;        ;              ;                     ; Row I/O      ;                 ; no       ; On           ;
; AB28     ; 249        ; 5B             ; RESERVED_INPUT_WITH_WEAK_PULLUP ;        ;              ;                     ; Row I/O      ;                 ; no       ; On           ;
; AB29     ;            ;                ; GND                             ; gnd    ;              ;                     ; --           ;                 ; --       ; --           ;
; AB30     ; 248        ; 5B             ; RESERVED_INPUT_WITH_WEAK_PULLUP ;        ;              ;                     ; Row I/O      ;                 ; no       ; On           ;
; AC1      ; 35         ; B0L            ; GND                             ;        ;              ;                     ; --           ;                 ; --       ; --           ;
; AC2      ; 34         ; B0L            ; GND                             ;        ;              ;                     ; --           ;                 ; --       ; --           ;
; AC3      ;            ;                ; GND                             ; gnd    ;              ;                     ; --           ;                 ; --       ; --           ;
; AC4      ;            ;                ; GND                             ; gnd    ;              ;                     ; --           ;                 ; --       ; --           ;
; AC5      ; 46         ; 3A             ; #TCK                            ; input  ;              ;                     ; --           ;                 ; --       ; --           ;
; AC6      ;            ;                ; GND                             ; gnd    ;              ;                     ; --           ;                 ; --       ; --           ;
; AC7      ; 45         ; 3A             ; ^AS_DATA3, DATA3                ;        ;              ;                     ; Weak Pull Up ;                 ; --       ; On           ;
; AC8      ;            ;                ; GND                             ; gnd    ;              ;                     ; --           ;                 ; --       ; --           ;
; AC9      ; 58         ; 3A             ; RESERVED_INPUT_WITH_WEAK_PULLUP ;        ;              ;                     ; Column I/O   ;                 ; no       ; On           ;
; AC10     ;            ; 3A             ; VCCPD3A                         ; power  ;              ; 2.5V                ; --           ;                 ; --       ; --           ;
; AC11     ;            ; 3A             ; VCCIO3A                         ; power  ;              ; 2.5V                ; --           ;                 ; --       ; --           ;
; AC12     ; 82         ; 3A             ; RESERVED_INPUT_WITH_WEAK_PULLUP ;        ;              ;                     ; Column I/O   ;                 ; no       ; On           ;
; AC13     ;            ; 3B, 4A         ; VCCPD3B4A                       ; power  ;              ; 3.3V                ; --           ;                 ; --       ; --           ;
; AC14     ; 104        ; 3B             ; RESERVED_INPUT_WITH_WEAK_PULLUP ;        ;              ;                     ; Column I/O   ;                 ; no       ; On           ;
; AC15     ;            ; 3B, 4A         ; VCCPD3B4A                       ; power  ;              ; 3.3V                ; --           ;                 ; --       ; --           ;
; AC16     ;            ;                ; GND                             ; gnd    ;              ;                     ; --           ;                 ; --       ; --           ;
; AC17     ;            ; 3B, 4A         ; VCCPD3B4A                       ; power  ;              ; 3.3V                ; --           ;                 ; --       ; --           ;
; AC18     ; 162        ; 4A             ; RESERVED_INPUT_WITH_WEAK_PULLUP ;        ;              ;                     ; Column I/O   ;                 ; no       ; On           ;
; AC19     ;            ; 3B, 4A         ; VCCPD3B4A                       ; power  ;              ; 3.3V                ; --           ;                 ; --       ; --           ;
; AC20     ; 186        ; 4A             ; RESERVED_INPUT_WITH_WEAK_PULLUP ;        ;              ;                     ; Column I/O   ;                 ; no       ; On           ;
; AC21     ;            ; 4A             ; VCCIO4A                         ; power  ;              ; 3.3V                ; --           ;                 ; --       ; --           ;
; AC22     ; 207        ; 4A             ; RESERVED_INPUT_WITH_WEAK_PULLUP ;        ;              ;                     ; Column I/O   ;                 ; no       ; On           ;
; AC23     ; 205        ; 4A             ; LEDR[2]                         ; output ; 3.3-V LVTTL  ;                     ; Column I/O   ; Y               ; no       ; Off          ;
; AC24     ;            ; 5A             ; VREFB5AN0                       ; power  ;              ;                     ; --           ;                 ; --       ; --           ;
; AC25     ; 215        ; 5A             ; RESERVED_INPUT_WITH_WEAK_PULLUP ;        ;              ;                     ; Row I/O      ;                 ; no       ; On           ;
; AC26     ;            ;                ; GND                             ; gnd    ;              ;                     ; --           ;                 ; --       ; --           ;
; AC27     ; 242        ; 5A             ; RESERVED_INPUT_WITH_WEAK_PULLUP ;        ;              ;                     ; Row I/O      ;                 ; no       ; On           ;
; AC28     ; 245        ; 5B             ; RESERVED_INPUT_WITH_WEAK_PULLUP ;        ;              ;                     ; Row I/O      ;                 ; no       ; On           ;
; AC29     ; 247        ; 5B             ; RESERVED_INPUT_WITH_WEAK_PULLUP ;        ;              ;                     ; Row I/O      ;                 ; no       ; On           ;
; AC30     ; 259        ; 5B             ; RESERVED_INPUT_WITH_WEAK_PULLUP ;        ;              ;                     ; Row I/O      ;                 ; no       ; On           ;
; AD1      ;            ;                ; GND                             ; gnd    ;              ;                     ; --           ;                 ; --       ; --           ;
; AD2      ;            ;                ; GND                             ; gnd    ;              ;                     ; --           ;                 ; --       ; --           ;
; AD3      ; 36         ; B0L            ; GXB_NC                          ;        ;              ;                     ; --           ;                 ; --       ; --           ;
; AD4      ; 37         ; B0L            ; GXB_NC                          ;        ;              ;                     ; --           ;                 ; --       ; --           ;
; AD5      ;            ;                ; GND                             ; gnd    ;              ;                     ; --           ;                 ; --       ; --           ;
; AD6      ;            ; 3A             ; VREFB3AN0                       ; power  ;              ;                     ; --           ;                 ; --       ; --           ;
; AD7      ; 62         ; 3A             ; RESERVED_INPUT_WITH_WEAK_PULLUP ;        ;              ;                     ; Column I/O   ;                 ; no       ; On           ;
; AD8      ;            ; 3A             ; VCCIO3A                         ; power  ;              ; 2.5V                ; --           ;                 ; --       ; --           ;
; AD9      ; 55         ; 3A             ; RESERVED_INPUT_WITH_WEAK_PULLUP ;        ;              ;                     ; Column I/O   ;                 ; no       ; On           ;
; AD10     ; 56         ; 3A             ; RESERVED_INPUT_WITH_WEAK_PULLUP ;        ;              ;                     ; Column I/O   ;                 ; no       ; On           ;
; AD11     ; 54         ; 3A             ; RESERVED_INPUT_WITH_WEAK_PULLUP ;        ;              ;                     ; Column I/O   ;                 ; no       ; On           ;
; AD12     ; 80         ; 3A             ; RESERVED_INPUT_WITH_WEAK_PULLUP ;        ;              ;                     ; Column I/O   ;                 ; no       ; On           ;
; AD13     ;            ; 3B             ; VCCIO3B                         ; power  ;              ; 3.3V                ; --           ;                 ; --       ; --           ;
; AD14     ; 98         ; 3B             ; RESERVED_INPUT_WITH_WEAK_PULLUP ;        ;              ;                     ; Column I/O   ;                 ; no       ; On           ;
; AD15     ;            ;                ; DNU                             ;        ;              ;                     ; --           ;                 ; --       ; --           ;
; AD16     ;            ; 3B, 4A         ; VCCPD3B4A                       ; power  ;              ; 3.3V                ; --           ;                 ; --       ; --           ;
; AD17     ; 160        ; 4A             ; RESERVED_INPUT_WITH_WEAK_PULLUP ;        ;              ;                     ; Column I/O   ;                 ; no       ; On           ;
; AD18     ;            ; 4A             ; VCCIO4A                         ; power  ;              ; 3.3V                ; --           ;                 ; --       ; --           ;
; AD19     ; 184        ; 4A             ; RESERVED_INPUT_WITH_WEAK_PULLUP ;        ;              ;                     ; Column I/O   ;                 ; no       ; On           ;
; AD20     ; 199        ; 4A             ; RESERVED_INPUT_WITH_WEAK_PULLUP ;        ;              ;                     ; Column I/O   ;                 ; no       ; On           ;
; AD21     ; 197        ; 4A             ; RESERVED_INPUT_WITH_WEAK_PULLUP ;        ;              ;                     ; Column I/O   ;                 ; no       ; On           ;
; AD22     ;            ; --             ; VCC_AUX                         ; power  ;              ; 2.5V                ; --           ;                 ; --       ; --           ;
; AD23     ;            ;                ; GND                             ; gnd    ;              ;                     ; --           ;                 ; --       ; --           ;
; AD24     ; 211        ; 4A             ; LEDR[3]                         ; output ; 3.3-V LVTTL  ;                     ; Column I/O   ; Y               ; no       ; Off          ;
; AD25     ; 213        ; 5A             ; RESERVED_INPUT_WITH_WEAK_PULLUP ;        ;              ;                     ; Row I/O      ;                 ; no       ; On           ;
; AD26     ; 240        ; 5A             ; RESERVED_INPUT_WITH_WEAK_PULLUP ;        ;              ;                     ; Row I/O      ;                 ; no       ; On           ;
; AD27     ; 222        ; 5A             ; RESERVED_INPUT_WITH_WEAK_PULLUP ;        ;              ;                     ; Row I/O      ;                 ; no       ; On           ;
; AD28     ;            ; 5A             ; VCCIO5A                         ; power  ;              ; 3.3V                ; --           ;                 ; --       ; --           ;
; AD29     ; 255        ; 5B             ; RESERVED_INPUT_WITH_WEAK_PULLUP ;        ;              ;                     ; Row I/O      ;                 ; no       ; On           ;
; AD30     ; 257        ; 5B             ; RESERVED_INPUT_WITH_WEAK_PULLUP ;        ;              ;                     ; Row I/O      ;                 ; no       ; On           ;
; AE1      ; 39         ; B0L            ; GND                             ;        ;              ;                     ; --           ;                 ; --       ; --           ;
; AE2      ; 38         ; B0L            ; GND                             ;        ;              ;                     ; --           ;                 ; --       ; --           ;
; AE3      ;            ;                ; GND                             ; gnd    ;              ;                     ; --           ;                 ; --       ; --           ;
; AE4      ;            ;                ; GND                             ; gnd    ;              ;                     ; --           ;                 ; --       ; --           ;
; AE5      ; 49         ; 3A             ; ^AS_DATA1, DATA1                ;        ;              ;                     ; Weak Pull Up ;                 ; --       ; On           ;
; AE6      ; 51         ; 3A             ; ^AS_DATA0, ASDO, DATA0          ;        ;              ;                     ; Weak Pull Up ;                 ; --       ; On           ;
; AE7      ; 60         ; 3A             ; RESERVED_INPUT_WITH_WEAK_PULLUP ;        ;              ;                     ; Column I/O   ;                 ; no       ; On           ;
; AE8      ; 47         ; 3A             ; ^AS_DATA2, DATA2                ;        ;              ;                     ; Weak Pull Up ;                 ; --       ; On           ;
; AE9      ; 53         ; 3A             ; RESERVED_INPUT_WITH_WEAK_PULLUP ;        ;              ;                     ; Column I/O   ;                 ; no       ; On           ;
; AE10     ;            ;                ; GND                             ; gnd    ;              ;                     ; --           ;                 ; --       ; --           ;
; AE11     ; 59         ; 3A             ; RESERVED_INPUT_WITH_WEAK_PULLUP ;        ;              ;                     ; Column I/O   ;                 ; no       ; On           ;
; AE12     ; 52         ; 3A             ; RESERVED_INPUT_WITH_WEAK_PULLUP ;        ;              ;                     ; Column I/O   ;                 ; no       ; On           ;
; AE13     ; 95         ; 3B             ; RESERVED_INPUT_WITH_WEAK_PULLUP ;        ;              ;                     ; Column I/O   ;                 ; no       ; On           ;
; AE14     ; 96         ; 3B             ; RESERVED_INPUT_WITH_WEAK_PULLUP ;        ;              ;                     ; Column I/O   ;                 ; no       ; On           ;
; AE15     ;            ; 3B             ; VCCIO3B                         ; power  ;              ; 3.3V                ; --           ;                 ; --       ; --           ;
; AE16     ; 139        ; 4A             ; RESERVED_INPUT_WITH_WEAK_PULLUP ;        ;              ;                     ; Column I/O   ;                 ; no       ; On           ;
; AE17     ; 135        ; 4A             ; RESERVED_INPUT_WITH_WEAK_PULLUP ;        ;              ;                     ; Column I/O   ;                 ; no       ; On           ;
; AE18     ; 167        ; 4A             ; RESERVED_INPUT_WITH_WEAK_PULLUP ;        ;              ;                     ; Column I/O   ;                 ; no       ; On           ;
; AE19     ; 165        ; 4A             ; RESERVED_INPUT_WITH_WEAK_PULLUP ;        ;              ;                     ; Column I/O   ;                 ; no       ; On           ;
; AE20     ;            ;                ; GND                             ; gnd    ;              ;                     ; --           ;                 ; --       ; --           ;
; AE21     ;            ; 3B, 4A         ; VCCPD3B4A                       ; power  ;              ; 3.3V                ; --           ;                 ; --       ; --           ;
; AE22     ; 191        ; 4A             ; RESERVED_INPUT_WITH_WEAK_PULLUP ;        ;              ;                     ; Column I/O   ;                 ; no       ; On           ;
; AE23     ; 189        ; 4A             ; RESERVED_INPUT_WITH_WEAK_PULLUP ;        ;              ;                     ; Column I/O   ;                 ; no       ; On           ;
; AE24     ; 209        ; 4A             ; RESERVED_INPUT_WITH_WEAK_PULLUP ;        ;              ;                     ; Column I/O   ;                 ; no       ; On           ;
; AE25     ;            ; 4A             ; VCCIO4A                         ; power  ;              ; 3.3V                ; --           ;                 ; --       ; --           ;
; AE26     ; 220        ; 5A             ; RESERVED_INPUT_WITH_WEAK_PULLUP ;        ;              ;                     ; Row I/O      ;                 ; no       ; On           ;
; AE27     ; 229        ; 5A             ; RESERVED_INPUT_WITH_WEAK_PULLUP ;        ;              ;                     ; Row I/O      ;                 ; no       ; On           ;
; AE28     ; 231        ; 5A             ; RESERVED_INPUT_WITH_WEAK_PULLUP ;        ;              ;                     ; Row I/O      ;                 ; no       ; On           ;
; AE29     ; 253        ; 5B             ; RESERVED_INPUT_WITH_WEAK_PULLUP ;        ;              ;                     ; Row I/O      ;                 ; no       ; On           ;
; AE30     ;            ; 5B             ; VCCIO5B                         ; power  ;              ; 2.5V                ; --           ;                 ; --       ; --           ;
; AF1      ;            ;                ; GND                             ; gnd    ;              ;                     ; --           ;                 ; --       ; --           ;
; AF2      ;            ;                ; GND                             ; gnd    ;              ;                     ; --           ;                 ; --       ; --           ;
; AF3      ;            ;                ; GND                             ; gnd    ;              ;                     ; --           ;                 ; --       ; --           ;
; AF4      ; 66         ; 3A             ; RESERVED_INPUT_WITH_WEAK_PULLUP ;        ;              ;                     ; Column I/O   ;                 ; no       ; On           ;
; AF5      ; 64         ; 3A             ; RESERVED_INPUT_WITH_WEAK_PULLUP ;        ;              ;                     ; Column I/O   ;                 ; no       ; On           ;
; AF6      ; 75         ; 3A             ; RESERVED_INPUT_WITH_WEAK_PULLUP ;        ;              ;                     ; Column I/O   ;                 ; no       ; On           ;
; AF7      ;            ; 3A             ; VCCIO3A                         ; power  ;              ; 2.5V                ; --           ;                 ; --       ; --           ;
; AF8      ; 70         ; 3A             ; RESERVED_INPUT_WITH_WEAK_PULLUP ;        ;              ;                     ; Column I/O   ;                 ; no       ; On           ;
; AF9      ; 67         ; 3A             ; RESERVED_INPUT_WITH_WEAK_PULLUP ;        ;              ;                     ; Column I/O   ;                 ; no       ; On           ;
; AF10     ; 57         ; 3A             ; RESERVED_INPUT_WITH_WEAK_PULLUP ;        ;              ;                     ; Column I/O   ;                 ; no       ; On           ;
; AF11     ; 87         ; 3B             ; RESERVED_INPUT_WITH_WEAK_PULLUP ;        ;              ;                     ; Column I/O   ;                 ; no       ; On           ;
; AF12     ;            ;                ; GND                             ; gnd    ;              ;                     ; --           ;                 ; --       ; --           ;
; AF13     ; 93         ; 3B             ; RESERVED_INPUT_WITH_WEAK_PULLUP ;        ;              ;                     ; Column I/O   ;                 ; no       ; On           ;
; AF14     ; 114        ; 3B             ; CLOCK_50                        ; input  ; 3.3-V LVTTL  ;                     ; Column I/O   ; Y               ; no       ; Off          ;
; AF15     ; 112        ; 3B             ; RESERVED_INPUT_WITH_WEAK_PULLUP ;        ;              ;                     ; Column I/O   ;                 ; no       ; On           ;
; AF16     ; 137        ; 4A             ; RESERVED_INPUT_WITH_WEAK_PULLUP ;        ;              ;                     ; Column I/O   ;                 ; no       ; On           ;
; AF17     ;            ;                ; GND                             ; gnd    ;              ;                     ; --           ;                 ; --       ; --           ;
; AF18     ; 133        ; 4A             ; RESERVED_INPUT_WITH_WEAK_PULLUP ;        ;              ;                     ; Column I/O   ;                 ; no       ; On           ;
; AF19     ; 159        ; 4A             ; RESERVED_INPUT_WITH_WEAK_PULLUP ;        ;              ;                     ; Column I/O   ;                 ; no       ; On           ;
; AF20     ; 175        ; 4A             ; RESERVED_INPUT_WITH_WEAK_PULLUP ;        ;              ;                     ; Column I/O   ;                 ; no       ; On           ;
; AF21     ; 173        ; 4A             ; RESERVED_INPUT_WITH_WEAK_PULLUP ;        ;              ;                     ; Column I/O   ;                 ; no       ; On           ;
; AF22     ;            ; 4A             ; VCCIO4A                         ; power  ;              ; 3.3V                ; --           ;                 ; --       ; --           ;
; AF23     ; 183        ; 4A             ; RESERVED_INPUT_WITH_WEAK_PULLUP ;        ;              ;                     ; Column I/O   ;                 ; no       ; On           ;
; AF24     ; 181        ; 4A             ; RESERVED_INPUT_WITH_WEAK_PULLUP ;        ;              ;                     ; Column I/O   ;                 ; no       ; On           ;
; AF25     ; 206        ; 4A             ; RESERVED_INPUT_WITH_WEAK_PULLUP ;        ;              ;                     ; Column I/O   ;                 ; no       ; On           ;
; AF26     ; 204        ; 4A             ; RESERVED_INPUT_WITH_WEAK_PULLUP ;        ;              ;                     ; Column I/O   ;                 ; no       ; On           ;
; AF27     ;            ;                ; GND                             ; gnd    ;              ;                     ; --           ;                 ; --       ; --           ;
; AF28     ; 235        ; 5A             ; RESERVED_INPUT_WITH_WEAK_PULLUP ;        ;              ;                     ; Row I/O      ;                 ; no       ; On           ;
; AF29     ; 237        ; 5A             ; RESERVED_INPUT_WITH_WEAK_PULLUP ;        ;              ;                     ; Row I/O      ;                 ; no       ; On           ;
; AF30     ; 239        ; 5A             ; RESERVED_INPUT_WITH_WEAK_PULLUP ;        ;              ;                     ; Row I/O      ;                 ; no       ; On           ;
; AG1      ; 71         ; 3A             ; RESERVED_INPUT_WITH_WEAK_PULLUP ;        ;              ;                     ; Column I/O   ;                 ; no       ; On           ;
; AG2      ; 83         ; 3A             ; RESERVED_INPUT_WITH_WEAK_PULLUP ;        ;              ;                     ; Column I/O   ;                 ; no       ; On           ;
; AG3      ; 63         ; 3A             ; RESERVED_INPUT_WITH_WEAK_PULLUP ;        ;              ;                     ; Column I/O   ;                 ; no       ; On           ;
; AG4      ;            ; 3A             ; VCCIO3A                         ; power  ;              ; 2.5V                ; --           ;                 ; --       ; --           ;
; AG5      ; 78         ; 3A             ; RESERVED_INPUT_WITH_WEAK_PULLUP ;        ;              ;                     ; Column I/O   ;                 ; no       ; On           ;
; AG6      ; 73         ; 3A             ; RESERVED_INPUT_WITH_WEAK_PULLUP ;        ;              ;                     ; Column I/O   ;                 ; no       ; On           ;
; AG7      ; 68         ; 3A             ; RESERVED_INPUT_WITH_WEAK_PULLUP ;        ;              ;                     ; Column I/O   ;                 ; no       ; On           ;
; AG8      ; 65         ; 3A             ; RESERVED_INPUT_WITH_WEAK_PULLUP ;        ;              ;                     ; Column I/O   ;                 ; no       ; On           ;
; AG9      ;            ;                ; GND                             ; gnd    ;              ;                     ; --           ;                 ; --       ; --           ;
; AG10     ; 86         ; 3B             ; RESERVED_INPUT_WITH_WEAK_PULLUP ;        ;              ;                     ; Column I/O   ;                 ; no       ; On           ;
; AG11     ; 85         ; 3B             ; RESERVED_INPUT_WITH_WEAK_PULLUP ;        ;              ;                     ; Column I/O   ;                 ; no       ; On           ;
; AG12     ; 103        ; 3B             ; RESERVED_INPUT_WITH_WEAK_PULLUP ;        ;              ;                     ; Column I/O   ;                 ; no       ; On           ;
; AG13     ; 101        ; 3B             ; RESERVED_INPUT_WITH_WEAK_PULLUP ;        ;              ;                     ; Column I/O   ;                 ; no       ; On           ;
; AG14     ;            ;                ; GND                             ; gnd    ;              ;                     ; --           ;                 ; --       ; --           ;
; AG15     ; 127        ; 3B             ; RESERVED_INPUT_WITH_WEAK_PULLUP ;        ;              ;                     ; Column I/O   ;                 ; no       ; On           ;
; AG16     ; 134        ; 4A             ; RESERVED_INPUT_WITH_WEAK_PULLUP ;        ;              ;                     ; Column I/O   ;                 ; no       ; On           ;
; AG17     ; 132        ; 4A             ; RESERVED_INPUT_WITH_WEAK_PULLUP ;        ;              ;                     ; Column I/O   ;                 ; no       ; On           ;
; AG18     ; 150        ; 4A             ; RESERVED_INPUT_WITH_WEAK_PULLUP ;        ;              ;                     ; Column I/O   ;                 ; no       ; On           ;
; AG19     ;            ; 4A             ; VCCIO4A                         ; power  ;              ; 3.3V                ; --           ;                 ; --       ; --           ;
; AG20     ; 157        ; 4A             ; RESERVED_INPUT_WITH_WEAK_PULLUP ;        ;              ;                     ; Column I/O   ;                 ; no       ; On           ;
; AG21     ; 143        ; 4A             ; RESERVED_INPUT_WITH_WEAK_PULLUP ;        ;              ;                     ; Column I/O   ;                 ; no       ; On           ;
; AG22     ; 166        ; 4A             ; RESERVED_INPUT_WITH_WEAK_PULLUP ;        ;              ;                     ; Column I/O   ;                 ; no       ; On           ;
; AG23     ; 163        ; 4A             ; RESERVED_INPUT_WITH_WEAK_PULLUP ;        ;              ;                     ; Column I/O   ;                 ; no       ; On           ;
; AG24     ;            ;                ; GND                             ; gnd    ;              ;                     ; --           ;                 ; --       ; --           ;
; AG25     ; 190        ; 4A             ; RESERVED_INPUT_WITH_WEAK_PULLUP ;        ;              ;                     ; Column I/O   ;                 ; no       ; On           ;
; AG26     ; 203        ; 4A             ; RESERVED_INPUT_WITH_WEAK_PULLUP ;        ;              ;                     ; Column I/O   ;                 ; no       ; On           ;
; AG27     ; 212        ; 5A             ; RESERVED_INPUT_WITH_WEAK_PULLUP ;        ;              ;                     ; Row I/O      ;                 ; no       ; On           ;
; AG28     ; 233        ; 5A             ; RESERVED_INPUT_WITH_WEAK_PULLUP ;        ;              ;                     ; Row I/O      ;                 ; no       ; On           ;
; AG29     ;            ; 5A             ; VCCIO5A                         ; power  ;              ; 3.3V                ; --           ;                 ; --       ; --           ;
; AG30     ; 243        ; 5A             ; RESERVED_INPUT_WITH_WEAK_PULLUP ;        ;              ;                     ; Row I/O      ;                 ; no       ; On           ;
; AH1      ;            ;                ; GND                             ; gnd    ;              ;                     ; --           ;                 ; --       ; --           ;
; AH2      ; 69         ; 3A             ; RESERVED_INPUT_WITH_WEAK_PULLUP ;        ;              ;                     ; Column I/O   ;                 ; no       ; On           ;
; AH3      ; 81         ; 3A             ; RESERVED_INPUT_WITH_WEAK_PULLUP ;        ;              ;                     ; Column I/O   ;                 ; no       ; On           ;
; AH4      ; 61         ; 3A             ; RESERVED_INPUT_WITH_WEAK_PULLUP ;        ;              ;                     ; Column I/O   ;                 ; no       ; On           ;
; AH5      ; 76         ; 3A             ; RESERVED_INPUT_WITH_WEAK_PULLUP ;        ;              ;                     ; Column I/O   ;                 ; no       ; On           ;
; AH6      ;            ;                ; GND                             ; gnd    ;              ;                     ; --           ;                 ; --       ; --           ;
; AH7      ; 115        ; 3B             ; RESERVED_INPUT_WITH_WEAK_PULLUP ;        ;              ;                     ; Column I/O   ;                 ; no       ; On           ;
; AH8      ; 113        ; 3B             ; RESERVED_INPUT_WITH_WEAK_PULLUP ;        ;              ;                     ; Column I/O   ;                 ; no       ; On           ;
; AH9      ; 84         ; 3B             ; RESERVED_INPUT_WITH_WEAK_PULLUP ;        ;              ;                     ; Column I/O   ;                 ; no       ; On           ;
; AH10     ; 118        ; 3B             ; RESERVED_INPUT_WITH_WEAK_PULLUP ;        ;              ;                     ; Column I/O   ;                 ; no       ; On           ;
; AH11     ;            ;                ; GND                             ; gnd    ;              ;                     ; --           ;                 ; --       ; --           ;
; AH12     ; 126        ; 3B             ; RESERVED_INPUT_WITH_WEAK_PULLUP ;        ;              ;                     ; Column I/O   ;                 ; no       ; On           ;
; AH13     ; 111        ; 3B             ; RESERVED_INPUT_WITH_WEAK_PULLUP ;        ;              ;                     ; Column I/O   ;                 ; no       ; On           ;
; AH14     ; 109        ; 3B             ; RESERVED_INPUT_WITH_WEAK_PULLUP ;        ;              ;                     ; Column I/O   ;                 ; no       ; On           ;
; AH15     ; 125        ; 3B             ; RESERVED_INPUT_WITH_WEAK_PULLUP ;        ;              ;                     ; Column I/O   ;                 ; no       ; On           ;
; AH16     ;            ; 4A             ; VCCIO4A                         ; power  ;              ; 3.3V                ; --           ;                 ; --       ; --           ;
; AH17     ; 147        ; 4A             ; RESERVED_INPUT_WITH_WEAK_PULLUP ;        ;              ;                     ; Column I/O   ;                 ; no       ; On           ;
; AH18     ; 145        ; 4A             ; RESERVED_INPUT_WITH_WEAK_PULLUP ;        ;              ;                     ; Column I/O   ;                 ; no       ; On           ;
; AH19     ; 148        ; 4A             ; RESERVED_INPUT_WITH_WEAK_PULLUP ;        ;              ;                     ; Column I/O   ;                 ; no       ; On           ;
; AH20     ; 141        ; 4A             ; RESERVED_INPUT_WITH_WEAK_PULLUP ;        ;              ;                     ; Column I/O   ;                 ; no       ; On           ;
; AH21     ;            ;                ; GND                             ; gnd    ;              ;                     ; --           ;                 ; --       ; --           ;
; AH22     ; 164        ; 4A             ; RESERVED_INPUT_WITH_WEAK_PULLUP ;        ;              ;                     ; Column I/O   ;                 ; no       ; On           ;
; AH23     ; 174        ; 4A             ; RESERVED_INPUT_WITH_WEAK_PULLUP ;        ;              ;                     ; Column I/O   ;                 ; no       ; On           ;
; AH24     ; 161        ; 4A             ; RESERVED_INPUT_WITH_WEAK_PULLUP ;        ;              ;                     ; Column I/O   ;                 ; no       ; On           ;
; AH25     ; 188        ; 4A             ; RESERVED_INPUT_WITH_WEAK_PULLUP ;        ;              ;                     ; Column I/O   ;                 ; no       ; On           ;
; AH26     ;            ; 4A             ; VCCIO4A                         ; power  ;              ; 3.3V                ; --           ;                 ; --       ; --           ;
; AH27     ; 201        ; 4A             ; RESERVED_INPUT_WITH_WEAK_PULLUP ;        ;              ;                     ; Column I/O   ;                 ; no       ; On           ;
; AH28     ; 214        ; 5A             ; RESERVED_INPUT_WITH_WEAK_PULLUP ;        ;              ;                     ; Row I/O      ;                 ; no       ; On           ;
; AH29     ; 218        ; 5A             ; RESERVED_INPUT_WITH_WEAK_PULLUP ;        ;              ;                     ; Row I/O      ;                 ; no       ; On           ;
; AH30     ; 241        ; 5A             ; RESERVED_INPUT_WITH_WEAK_PULLUP ;        ;              ;                     ; Row I/O      ;                 ; no       ; On           ;
; AJ1      ; 79         ; 3A             ; RESERVED_INPUT_WITH_WEAK_PULLUP ;        ;              ;                     ; Column I/O   ;                 ; no       ; On           ;
; AJ2      ; 77         ; 3A             ; RESERVED_INPUT_WITH_WEAK_PULLUP ;        ;              ;                     ; Column I/O   ;                 ; no       ; On           ;
; AJ3      ;            ;                ; GND                             ; gnd    ;              ;                     ; --           ;                 ; --       ; --           ;
; AJ4      ; 94         ; 3B             ; KEY[0]                          ; input  ; 3.3-V LVTTL  ;                     ; Column I/O   ; Y               ; no       ; Off          ;
; AJ5      ; 99         ; 3B             ; RESERVED_INPUT_WITH_WEAK_PULLUP ;        ;              ;                     ; Column I/O   ;                 ; no       ; On           ;
; AJ6      ; 102        ; 3B             ; RESERVED_INPUT_WITH_WEAK_PULLUP ;        ;              ;                     ; Column I/O   ;                 ; no       ; On           ;
; AJ7      ; 100        ; 3B             ; RESERVED_INPUT_WITH_WEAK_PULLUP ;        ;              ;                     ; Column I/O   ;                 ; no       ; On           ;
; AJ8      ;            ; 3B             ; VCCIO3B                         ; power  ;              ; 3.3V                ; --           ;                 ; --       ; --           ;
; AJ9      ; 110        ; 3B             ; RESERVED_INPUT_WITH_WEAK_PULLUP ;        ;              ;                     ; Column I/O   ;                 ; no       ; On           ;
; AJ10     ; 116        ; 3B             ; RESERVED_INPUT_WITH_WEAK_PULLUP ;        ;              ;                     ; Column I/O   ;                 ; no       ; On           ;
; AJ11     ; 119        ; 3B             ; RESERVED_INPUT_WITH_WEAK_PULLUP ;        ;              ;                     ; Column I/O   ;                 ; no       ; On           ;
; AJ12     ; 124        ; 3B             ; RESERVED_INPUT_WITH_WEAK_PULLUP ;        ;              ;                     ; Column I/O   ;                 ; no       ; On           ;
; AJ13     ;            ; 3B             ; VCCIO3B                         ; power  ;              ; 3.3V                ; --           ;                 ; --       ; --           ;
; AJ14     ; 131        ; 3B             ; RESERVED_INPUT_WITH_WEAK_PULLUP ;        ;              ;                     ; Column I/O   ;                 ; no       ; On           ;
; AJ15     ;            ; 3B             ; VREFB3BN0                       ; power  ;              ;                     ; --           ;                 ; --       ; --           ;
; AJ16     ; 142        ; 4A             ; RESERVED_INPUT_WITH_WEAK_PULLUP ;        ;              ;                     ; Column I/O   ;                 ; no       ; On           ;
; AJ17     ; 151        ; 4A             ; RESERVED_INPUT_WITH_WEAK_PULLUP ;        ;              ;                     ; Column I/O   ;                 ; no       ; On           ;
; AJ18     ;            ;                ; GND                             ; gnd    ;              ;                     ; --           ;                 ; --       ; --           ;
; AJ19     ; 155        ; 4A             ; RESERVED_INPUT_WITH_WEAK_PULLUP ;        ;              ;                     ; Column I/O   ;                 ; no       ; On           ;
; AJ20     ; 158        ; 4A             ; RESERVED_INPUT_WITH_WEAK_PULLUP ;        ;              ;                     ; Column I/O   ;                 ; no       ; On           ;
; AJ21     ; 156        ; 4A             ; RESERVED_INPUT_WITH_WEAK_PULLUP ;        ;              ;                     ; Column I/O   ;                 ; no       ; On           ;
; AJ22     ; 172        ; 4A             ; RESERVED_INPUT_WITH_WEAK_PULLUP ;        ;              ;                     ; Column I/O   ;                 ; no       ; On           ;
; AJ23     ;            ; 4A             ; VCCIO4A                         ; power  ;              ; 3.3V                ; --           ;                 ; --       ; --           ;
; AJ24     ; 182        ; 4A             ; RESERVED_INPUT_WITH_WEAK_PULLUP ;        ;              ;                     ; Column I/O   ;                 ; no       ; On           ;
; AJ25     ; 180        ; 4A             ; RESERVED_INPUT_WITH_WEAK_PULLUP ;        ;              ;                     ; Column I/O   ;                 ; no       ; On           ;
; AJ26     ; 187        ; 4A             ; RESERVED_INPUT_WITH_WEAK_PULLUP ;        ;              ;                     ; Column I/O   ;                 ; no       ; On           ;
; AJ27     ; 195        ; 4A             ; RESERVED_INPUT_WITH_WEAK_PULLUP ;        ;              ;                     ; Column I/O   ;                 ; no       ; On           ;
; AJ28     ;            ;                ; GND                             ; gnd    ;              ;                     ; --           ;                 ; --       ; --           ;
; AJ29     ; 216        ; 5A             ; RESERVED_INPUT_WITH_WEAK_PULLUP ;        ;              ;                     ; Row I/O      ;                 ; no       ; On           ;
; AJ30     ;            ;                ; GND                             ; gnd    ;              ;                     ; --           ;                 ; --       ; --           ;
; AK2      ; 91         ; 3B             ; RESERVED_INPUT_WITH_WEAK_PULLUP ;        ;              ;                     ; Column I/O   ;                 ; no       ; On           ;
; AK3      ; 89         ; 3B             ; RESERVED_INPUT_WITH_WEAK_PULLUP ;        ;              ;                     ; Column I/O   ;                 ; no       ; On           ;
; AK4      ; 92         ; 3B             ; RESERVED_INPUT_WITH_WEAK_PULLUP ;        ;              ;                     ; Column I/O   ;                 ; no       ; On           ;
; AK5      ;            ;                ; GND                             ; gnd    ;              ;                     ; --           ;                 ; --       ; --           ;
; AK6      ; 97         ; 3B             ; RESERVED_INPUT_WITH_WEAK_PULLUP ;        ;              ;                     ; Column I/O   ;                 ; no       ; On           ;
; AK7      ; 107        ; 3B             ; RESERVED_INPUT_WITH_WEAK_PULLUP ;        ;              ;                     ; Column I/O   ;                 ; no       ; On           ;
; AK8      ; 105        ; 3B             ; RESERVED_INPUT_WITH_WEAK_PULLUP ;        ;              ;                     ; Column I/O   ;                 ; no       ; On           ;
; AK9      ; 108        ; 3B             ; RESERVED_INPUT_WITH_WEAK_PULLUP ;        ;              ;                     ; Column I/O   ;                 ; no       ; On           ;
; AK10     ;            ; 3B             ; VCCIO3B                         ; power  ;              ; 3.3V                ; --           ;                 ; --       ; --           ;
; AK11     ; 117        ; 3B             ; RESERVED_INPUT_WITH_WEAK_PULLUP ;        ;              ;                     ; Column I/O   ;                 ; no       ; On           ;
; AK12     ; 123        ; 3B             ; RESERVED_INPUT_WITH_WEAK_PULLUP ;        ;              ;                     ; Column I/O   ;                 ; no       ; On           ;
; AK13     ; 121        ; 3B             ; RESERVED_INPUT_WITH_WEAK_PULLUP ;        ;              ;                     ; Column I/O   ;                 ; no       ; On           ;
; AK14     ; 129        ; 3B             ; RESERVED_INPUT_WITH_WEAK_PULLUP ;        ;              ;                     ; Column I/O   ;                 ; no       ; On           ;
; AK15     ;            ;                ; GND                             ; gnd    ;              ;                     ; --           ;                 ; --       ; --           ;
; AK16     ; 140        ; 4A             ; RESERVED_INPUT_WITH_WEAK_PULLUP ;        ;              ;                     ; Column I/O   ;                 ; no       ; On           ;
; AK17     ;            ; 4A             ; VREFB4AN0                       ; power  ;              ;                     ; --           ;                 ; --       ; --           ;
; AK18     ; 149        ; 4A             ; RESERVED_INPUT_WITH_WEAK_PULLUP ;        ;              ;                     ; Column I/O   ;                 ; no       ; On           ;
; AK19     ; 153        ; 4A             ; RESERVED_INPUT_WITH_WEAK_PULLUP ;        ;              ;                     ; Column I/O   ;                 ; no       ; On           ;
; AK20     ;            ; 4A             ; VCCIO4A                         ; power  ;              ; 3.3V                ; --           ;                 ; --       ; --           ;
; AK21     ; 171        ; 4A             ; RESERVED_INPUT_WITH_WEAK_PULLUP ;        ;              ;                     ; Column I/O   ;                 ; no       ; On           ;
; AK22     ; 169        ; 4A             ; RESERVED_INPUT_WITH_WEAK_PULLUP ;        ;              ;                     ; Column I/O   ;                 ; no       ; On           ;
; AK23     ; 179        ; 4A             ; RESERVED_INPUT_WITH_WEAK_PULLUP ;        ;              ;                     ; Column I/O   ;                 ; no       ; On           ;
; AK24     ; 177        ; 4A             ; RESERVED_INPUT_WITH_WEAK_PULLUP ;        ;              ;                     ; Column I/O   ;                 ; no       ; On           ;
; AK25     ;            ;                ; GND                             ; gnd    ;              ;                     ; --           ;                 ; --       ; --           ;
; AK26     ; 185        ; 4A             ; RESERVED_INPUT_WITH_WEAK_PULLUP ;        ;              ;                     ; Column I/O   ;                 ; no       ; On           ;
; AK27     ; 193        ; 4A             ; RESERVED_INPUT_WITH_WEAK_PULLUP ;        ;              ;                     ; Column I/O   ;                 ; no       ; On           ;
; AK28     ; 198        ; 4A             ; RESERVED_INPUT_WITH_WEAK_PULLUP ;        ;              ;                     ; Column I/O   ;                 ; no       ; On           ;
; AK29     ; 196        ; 4A             ; RESERVED_INPUT_WITH_WEAK_PULLUP ;        ;              ;                     ; Column I/O   ;                 ; no       ; On           ;
; B1       ; 509        ; 8A             ; RESERVED_INPUT_WITH_WEAK_PULLUP ;        ;              ;                     ; Column I/O   ;                 ; no       ; On           ;
; B2       ; 507        ; 8A             ; RESERVED_INPUT_WITH_WEAK_PULLUP ;        ;              ;                     ; Column I/O   ;                 ; no       ; On           ;
; B3       ; 513        ; 8A             ; RESERVED_INPUT_WITH_WEAK_PULLUP ;        ;              ;                     ; Column I/O   ;                 ; no       ; On           ;
; B4       ;            ; 8A             ; VCCIO8A                         ; power  ;              ; 2.5V                ; --           ;                 ; --       ; --           ;
; B5       ; 512        ; 8A             ; RESERVED_INPUT_WITH_WEAK_PULLUP ;        ;              ;                     ; Column I/O   ;                 ; no       ; On           ;
; B6       ; 510        ; 8A             ; RESERVED_INPUT_WITH_WEAK_PULLUP ;        ;              ;                     ; Column I/O   ;                 ; no       ; On           ;
; B7       ; 477        ; 8A             ; RESERVED_INPUT_WITH_WEAK_PULLUP ;        ;              ;                     ; Column I/O   ;                 ; no       ; On           ;
; B8       ; 481        ; 8A             ; RESERVED_INPUT_WITH_WEAK_PULLUP ;        ;              ;                     ; Column I/O   ;                 ; no       ; On           ;
; B9       ;            ;                ; GND                             ; gnd    ;              ;                     ; --           ;                 ; --       ; --           ;
; B10      ;            ; 8A             ; VREFB8AN0                       ; power  ;              ;                     ; --           ;                 ; --       ; --           ;
; B11      ; 469        ; 8A             ; RESERVED_INPUT_WITH_WEAK_PULLUP ;        ;              ;                     ; Column I/O   ;                 ; no       ; On           ;
; B12      ; 464        ; 8A             ; RESERVED_INPUT_WITH_WEAK_PULLUP ;        ;              ;                     ; Column I/O   ;                 ; no       ; On           ;
; B13      ; 459        ; 8A             ; RESERVED_INPUT_WITH_WEAK_PULLUP ;        ;              ;                     ; Column I/O   ;                 ; no       ; On           ;
; B14      ;            ;                ; GND                             ; gnd    ;              ;                     ; --           ;                 ; --       ; --           ;
; B15      ; 451        ; 7D             ; RESERVED_INPUT_WITH_WEAK_PULLUP ;        ;              ;                     ; Column I/O   ;                 ; no       ; On           ;
; B16      ; 441        ; 7C             ; RESERVED_INPUT_WITH_WEAK_PULLUP ;        ;              ;                     ; Column I/O   ;                 ; no       ; On           ;
; B17      ; 431        ; 7C             ; RESERVED_INPUT_WITH_WEAK_PULLUP ;        ;              ;                     ; Column I/O   ;                 ; no       ; On           ;
; B18      ; 418        ; 7B             ; RESERVED_INPUT_WITH_WEAK_PULLUP ;        ;              ;                     ; Column I/O   ;                 ; no       ; On           ;
; B19      ;            ;                ; GND                             ; gnd    ;              ;                     ; --           ;                 ; --       ; --           ;
; B20      ; 417        ; 7B             ; RESERVED_INPUT_WITH_WEAK_PULLUP ;        ;              ;                     ; Column I/O   ;                 ; no       ; On           ;
; B21      ; 413        ; 7B             ; RESERVED_INPUT_WITH_WEAK_PULLUP ;        ;              ;                     ; Column I/O   ;                 ; no       ; On           ;
; B22      ; 399        ; 7A             ; RESERVED_INPUT_WITH_WEAK_PULLUP ;        ;              ;                     ; Column I/O   ;                 ; no       ; On           ;
; B23      ; 397        ; 7A             ; RESERVED_INPUT_WITH_WEAK_PULLUP ;        ;              ;                     ; Column I/O   ;                 ; no       ; On           ;
; B24      ;            ;                ; GND                             ; gnd    ;              ;                     ; --           ;                 ; --       ; --           ;
; B25      ; 387        ; 7A             ; RESERVED_INPUT_WITH_WEAK_PULLUP ;        ;              ;                     ; Column I/O   ;                 ; no       ; On           ;
; B26      ; 386        ; 7A             ; RESERVED_INPUT_WITH_WEAK_PULLUP ;        ;              ;                     ; Column I/O   ;                 ; no       ; On           ;
; B27      ; 381        ; 7A             ; ^HPS_TDI                        ;        ;              ;                     ; --           ;                 ; --       ; --           ;
; B28      ; 376        ; 7A             ; ^HPS_TDO                        ;        ;              ;                     ; --           ;                 ; --       ; --           ;
; B29      ;            ;                ; GND                             ; gnd    ;              ;                     ; --           ;                 ; --       ; --           ;
; B30      ; 365        ; 6A             ; RESERVED_INPUT_WITH_WEAK_PULLUP ;        ;              ;                     ; Row I/O      ;                 ; no       ; On           ;
; C1       ;            ;                ; GND                             ; gnd    ;              ;                     ; --           ;                 ; --       ; --           ;
; C2       ; 517        ; 8A             ; RESERVED_INPUT_WITH_WEAK_PULLUP ;        ;              ;                     ; Column I/O   ;                 ; no       ; On           ;
; C3       ; 511        ; 8A             ; RESERVED_INPUT_WITH_WEAK_PULLUP ;        ;              ;                     ; Column I/O   ;                 ; no       ; On           ;
; C4       ; 501        ; 8A             ; RESERVED_INPUT_WITH_WEAK_PULLUP ;        ;              ;                     ; Column I/O   ;                 ; no       ; On           ;
; C5       ; 497        ; 8A             ; RESERVED_INPUT_WITH_WEAK_PULLUP ;        ;              ;                     ; Column I/O   ;                 ; no       ; On           ;
; C6       ;            ;                ; GND                             ; gnd    ;              ;                     ; --           ;                 ; --       ; --           ;
; C7       ; 475        ; 8A             ; RESERVED_INPUT_WITH_WEAK_PULLUP ;        ;              ;                     ; Column I/O   ;                 ; no       ; On           ;
; C8       ; 479        ; 8A             ; RESERVED_INPUT_WITH_WEAK_PULLUP ;        ;              ;                     ; Column I/O   ;                 ; no       ; On           ;
; C9       ; 485        ; 8A             ; RESERVED_INPUT_WITH_WEAK_PULLUP ;        ;              ;                     ; Column I/O   ;                 ; no       ; On           ;
; C10      ; 483        ; 8A             ; RESERVED_INPUT_WITH_WEAK_PULLUP ;        ;              ;                     ; Column I/O   ;                 ; no       ; On           ;
; C11      ;            ; 8A             ; VCCIO8A                         ; power  ;              ; 2.5V                ; --           ;                 ; --       ; --           ;
; C12      ; 467        ; 8A             ; RESERVED_INPUT_WITH_WEAK_PULLUP ;        ;              ;                     ; Column I/O   ;                 ; no       ; On           ;
; C13      ; 462        ; 8A             ; RESERVED_INPUT_WITH_WEAK_PULLUP ;        ;              ;                     ; Column I/O   ;                 ; no       ; On           ;
; C14      ; 448        ; 7D             ; RESERVED_INPUT_WITH_WEAK_PULLUP ;        ;              ;                     ; Column I/O   ;                 ; no       ; On           ;
; C15      ; 453        ; 7D             ; RESERVED_INPUT_WITH_WEAK_PULLUP ;        ;              ;                     ; Column I/O   ;                 ; no       ; On           ;
; C16      ;            ;                ; GND                             ; gnd    ;              ;                     ; --           ;                 ; --       ; --           ;
; C17      ; 433        ; 7C             ; RESERVED_INPUT_WITH_WEAK_PULLUP ;        ;              ;                     ; Column I/O   ;                 ; no       ; On           ;
; C18      ; 435        ; 7C             ; RESERVED_INPUT_WITH_WEAK_PULLUP ;        ;              ;                     ; Column I/O   ;                 ; no       ; On           ;
; C19      ; 427        ; 7B             ; RESERVED_INPUT_WITH_WEAK_PULLUP ;        ;              ;                     ; Column I/O   ;                 ; no       ; On           ;
; C20      ; 421        ; 7B             ; RESERVED_INPUT_WITH_WEAK_PULLUP ;        ;              ;                     ; Column I/O   ;                 ; no       ; On           ;
; C21      ;            ;                ; GND                             ; gnd    ;              ;                     ; --           ;                 ; --       ; --           ;
; C22      ; 396        ; 7A             ; RESERVED_INPUT_WITH_WEAK_PULLUP ;        ;              ;                     ; Column I/O   ;                 ; no       ; On           ;
; C23      ; 401        ; 7A             ; RESERVED_INPUT_WITH_WEAK_PULLUP ;        ;              ;                     ; Column I/O   ;                 ; no       ; On           ;
; C24      ; 393        ; 7A             ; RESERVED_INPUT_WITH_WEAK_PULLUP ;        ;              ;                     ; Column I/O   ;                 ; no       ; On           ;
; C25      ; 388        ; 7A             ; RESERVED_INPUT_WITH_WEAK_PULLUP ;        ;              ;                     ; Column I/O   ;                 ; no       ; On           ;
; C26      ;            ;                ; GND                             ; gnd    ;              ;                     ; --           ;                 ; --       ; --           ;
; C27      ; 374        ; 7A             ; ^HPS_nRST                       ;        ;              ;                     ; --           ;                 ; --       ; --           ;
; C28      ; 369        ; 6A             ; RESERVED_INPUT_WITH_WEAK_PULLUP ;        ;              ;                     ; Row I/O      ;                 ; no       ; On           ;
; C29      ; 367        ; 6A             ; RESERVED_INPUT_WITH_WEAK_PULLUP ;        ;              ;                     ; Row I/O      ;                 ; no       ; On           ;
; C30      ; 363        ; 6A             ; RESERVED_INPUT_WITH_WEAK_PULLUP ;        ;              ;                     ; Row I/O      ;                 ; no       ; On           ;
; D1       ; 529        ; 8A             ; RESERVED_INPUT_WITH_WEAK_PULLUP ;        ;              ;                     ; Column I/O   ;                 ; no       ; On           ;
; D2       ; 515        ; 8A             ; RESERVED_INPUT_WITH_WEAK_PULLUP ;        ;              ;                     ; Column I/O   ;                 ; no       ; On           ;
; D3       ;            ;                ; GND                             ; gnd    ;              ;                     ; --           ;                 ; --       ; --           ;
; D4       ; 521        ; 8A             ; RESERVED_INPUT_WITH_WEAK_PULLUP ;        ;              ;                     ; Column I/O   ;                 ; no       ; On           ;
; D5       ; 499        ; 8A             ; RESERVED_INPUT_WITH_WEAK_PULLUP ;        ;              ;                     ; Column I/O   ;                 ; no       ; On           ;
; D6       ; 495        ; 8A             ; RESERVED_INPUT_WITH_WEAK_PULLUP ;        ;              ;                     ; Column I/O   ;                 ; no       ; On           ;
; D7       ; 505        ; 8A             ; RESERVED_INPUT_WITH_WEAK_PULLUP ;        ;              ;                     ; Column I/O   ;                 ; no       ; On           ;
; D8       ;            ; 8A             ; VCCIO8A                         ; power  ;              ; 2.5V                ; --           ;                 ; --       ; --           ;
; D9       ; 480        ; 8A             ; RESERVED_INPUT_WITH_WEAK_PULLUP ;        ;              ;                     ; Column I/O   ;                 ; no       ; On           ;
; D10      ; 472        ; 8A             ; RESERVED_INPUT_WITH_WEAK_PULLUP ;        ;              ;                     ; Column I/O   ;                 ; no       ; On           ;
; D11      ; 470        ; 8A             ; RESERVED_INPUT_WITH_WEAK_PULLUP ;        ;              ;                     ; Column I/O   ;                 ; no       ; On           ;
; D12      ; 496        ; 8A             ; RESERVED_INPUT_WITH_WEAK_PULLUP ;        ;              ;                     ; Column I/O   ;                 ; no       ; On           ;
; D13      ;            ;                ; GND                             ; gnd    ;              ;                     ; --           ;                 ; --       ; --           ;
; D14      ; 446        ; 7D             ; RESERVED_INPUT_WITH_WEAK_PULLUP ;        ;              ;                     ; Column I/O   ;                 ; no       ; On           ;
; D15      ; 449        ; 7D             ; RESERVED_INPUT_WITH_WEAK_PULLUP ;        ;              ;                     ; Column I/O   ;                 ; no       ; On           ;
; D16      ; 445        ; 7D             ; RESERVED_INPUT_WITH_WEAK_PULLUP ;        ;              ;                     ; Column I/O   ;                 ; no       ; On           ;
; D17      ; 440        ; 7C             ; RESERVED_INPUT_WITH_WEAK_PULLUP ;        ;              ;                     ; Column I/O   ;                 ; no       ; On           ;
; D18      ;            ; 7C             ; VCCIO7C_HPS                     ; power  ;              ; 2.5V                ; --           ;                 ; --       ; --           ;
; D19      ; 426        ; 7B             ; RESERVED_INPUT_WITH_WEAK_PULLUP ;        ;              ;                     ; Column I/O   ;                 ; no       ; On           ;
; D20      ; 420        ; 7B             ; RESERVED_INPUT_WITH_WEAK_PULLUP ;        ;              ;                     ; Column I/O   ;                 ; no       ; On           ;
; D21      ; 419        ; 7B             ; RESERVED_INPUT_WITH_WEAK_PULLUP ;        ;              ;                     ; Column I/O   ;                 ; no       ; On           ;
; D22      ; 402        ; 7A             ; RESERVED_INPUT_WITH_WEAK_PULLUP ;        ;              ;                     ; Column I/O   ;                 ; no       ; On           ;
; D23      ;            ;                ; GND                             ; gnd    ;              ;                     ; --           ;                 ; --       ; --           ;
; D24      ; 404        ; 7A             ; RESERVED_INPUT_WITH_WEAK_PULLUP ;        ;              ;                     ; Column I/O   ;                 ; no       ; On           ;
; D25      ; 384        ; 7A             ; ^HPS_CLK1                       ;        ;              ;                     ; --           ;                 ; --       ; --           ;
; D26      ; 373        ; 7A             ; ^GND                            ;        ;              ;                     ; --           ;                 ; --       ; --           ;
; D27      ; 371        ; 6A             ; HPS_RZQ_0                       ;        ;              ;                     ; --           ;                 ; no       ; On           ;
; D28      ;            ; 6A             ; VCCIO6A_HPS                     ; power  ;              ; 2.5V                ; --           ;                 ; --       ; --           ;
; D29      ; 361        ; 6A             ; RESERVED_INPUT_WITH_WEAK_PULLUP ;        ;              ;                     ; Row I/O      ;                 ; no       ; On           ;
; D30      ; 359        ; 6A             ; RESERVED_INPUT_WITH_WEAK_PULLUP ;        ;              ;                     ; Row I/O      ;                 ; no       ; On           ;
; E1       ; 527        ; 8A             ; RESERVED_INPUT_WITH_WEAK_PULLUP ;        ;              ;                     ; Column I/O   ;                 ; no       ; On           ;
; E2       ; 525        ; 8A             ; RESERVED_INPUT_WITH_WEAK_PULLUP ;        ;              ;                     ; Column I/O   ;                 ; no       ; On           ;
; E3       ; 523        ; 8A             ; RESERVED_INPUT_WITH_WEAK_PULLUP ;        ;              ;                     ; Column I/O   ;                 ; no       ; On           ;
; E4       ; 519        ; 8A             ; RESERVED_INPUT_WITH_WEAK_PULLUP ;        ;              ;                     ; Column I/O   ;                 ; no       ; On           ;
; E5       ;            ; 8A             ; VCCIO8A                         ; power  ;              ; 2.5V                ; --           ;                 ; --       ; --           ;
; E6       ; 533        ; 8A             ; RESERVED_INPUT_WITH_WEAK_PULLUP ;        ;              ;                     ; Column I/O   ;                 ; no       ; On           ;
; E7       ; 531        ; 8A             ; RESERVED_INPUT_WITH_WEAK_PULLUP ;        ;              ;                     ; Column I/O   ;                 ; no       ; On           ;
; E8       ; 503        ; 8A             ; RESERVED_INPUT_WITH_WEAK_PULLUP ;        ;              ;                     ; Column I/O   ;                 ; no       ; On           ;
; E9       ; 478        ; 8A             ; RESERVED_INPUT_WITH_WEAK_PULLUP ;        ;              ;                     ; Column I/O   ;                 ; no       ; On           ;
; E10      ;            ;                ; GND                             ; gnd    ;              ;                     ; --           ;                 ; --       ; --           ;
; E11      ; 504        ; 8A             ; RESERVED_INPUT_WITH_WEAK_PULLUP ;        ;              ;                     ; Column I/O   ;                 ; no       ; On           ;
; E12      ; 494        ; 8A             ; RESERVED_INPUT_WITH_WEAK_PULLUP ;        ;              ;                     ; Column I/O   ;                 ; no       ; On           ;
; E13      ; 488        ; 8A             ; RESERVED_INPUT_WITH_WEAK_PULLUP ;        ;              ;                     ; Column I/O   ;                 ; no       ; On           ;
; E14      ; 454        ; 7D             ; RESERVED_INPUT_WITH_WEAK_PULLUP ;        ;              ;                     ; Column I/O   ;                 ; no       ; On           ;
; E15      ;            ; 7D             ; VCCIO7D_HPS                     ; power  ;              ; 2.5V                ; --           ;                 ; --       ; --           ;
; E16      ; 443        ; 7D             ; RESERVED_INPUT_WITH_WEAK_PULLUP ;        ;              ;                     ; Column I/O   ;                 ; no       ; On           ;
; E17      ; 438        ; 7C             ; RESERVED_INPUT_WITH_WEAK_PULLUP ;        ;              ;                     ; Column I/O   ;                 ; no       ; On           ;
; E18      ; 437        ; 7C             ; RESERVED_INPUT_WITH_WEAK_PULLUP ;        ;              ;                     ; Column I/O   ;                 ; no       ; On           ;
; E19      ; 424        ; 7B             ; RESERVED_INPUT_WITH_WEAK_PULLUP ;        ;              ;                     ; Column I/O   ;                 ; no       ; On           ;
; E20      ;            ; 7B             ; VCCIO7B_HPS                     ; power  ;              ; 2.5V                ; --           ;                 ; --       ; --           ;
; E21      ; 412        ; 7B             ; RESERVED_INPUT_WITH_WEAK_PULLUP ;        ;              ;                     ; Column I/O   ;                 ; no       ; On           ;
; E22      ;            ; 7A, 7B, 7C, 7D ; VREFB7A7B7C7DN0_HPS             ; power  ;              ;                     ; --           ;                 ; --       ; --           ;
; E23      ; 394        ; 7A             ; RESERVED_INPUT_WITH_WEAK_PULLUP ;        ;              ;                     ; Column I/O   ;                 ; no       ; On           ;
; E24      ; 403        ; 7A             ; RESERVED_INPUT_WITH_WEAK_PULLUP ;        ;              ;                     ; Column I/O   ;                 ; no       ; On           ;
; E25      ;            ;                ; GND                             ; gnd    ;              ;                     ; --           ;                 ; --       ; --           ;
; E26      ;            ;                ; DNU                             ;        ;              ;                     ; --           ;                 ; --       ; --           ;
; E27      ; 357        ; 6A             ; RESERVED_INPUT_WITH_WEAK_PULLUP ;        ;              ;                     ; Row I/O      ;                 ; no       ; On           ;
; E28      ; 351        ; 6A             ; RESERVED_INPUT_WITH_WEAK_PULLUP ;        ;              ;                     ; Row I/O      ;                 ; no       ; On           ;
; E29      ; 353        ; 6A             ; RESERVED_INPUT_WITH_WEAK_PULLUP ;        ;              ;                     ; Row I/O      ;                 ; no       ; On           ;
; E30      ;            ;                ; GND                             ; gnd    ;              ;                     ; --           ;                 ; --       ; --           ;
; F1       ;            ;                ; DNU                             ;        ;              ;                     ; --           ;                 ; --       ; --           ;
; F2       ;            ;                ; GND                             ; gnd    ;              ;                     ; --           ;                 ; --       ; --           ;
; F3       ; 539        ; 9A             ; ^CONF_DONE                      ;        ;              ;                     ; --           ;                 ; --       ; --           ;
; F4       ; 541        ; 9A             ; ^nSTATUS                        ;        ;              ;                     ; --           ;                 ; --       ; --           ;
; F5       ;            ;                ; GND                             ; gnd    ;              ;                     ; --           ;                 ; --       ; --           ;
; F6       ; 537        ; 8A             ; RESERVED_INPUT_WITH_WEAK_PULLUP ;        ;              ;                     ; Column I/O   ;                 ; no       ; On           ;
; F7       ;            ;                ; GND                             ; gnd    ;              ;                     ; --           ;                 ; --       ; --           ;
; F8       ; 536        ; 8A             ; RESERVED_INPUT_WITH_WEAK_PULLUP ;        ;              ;                     ; Column I/O   ;                 ; no       ; On           ;
; F9       ; 534        ; 8A             ; RESERVED_INPUT_WITH_WEAK_PULLUP ;        ;              ;                     ; Column I/O   ;                 ; no       ; On           ;
; F10      ; 528        ; 8A             ; RESERVED_INPUT_WITH_WEAK_PULLUP ;        ;              ;                     ; Column I/O   ;                 ; no       ; On           ;
; F11      ; 502        ; 8A             ; RESERVED_INPUT_WITH_WEAK_PULLUP ;        ;              ;                     ; Column I/O   ;                 ; no       ; On           ;
; F12      ;            ; 8A             ; VCCIO8A                         ; power  ;              ; 2.5V                ; --           ;                 ; --       ; --           ;
; F13      ; 486        ; 8A             ; RESERVED_INPUT_WITH_WEAK_PULLUP ;        ;              ;                     ; Column I/O   ;                 ; no       ; On           ;
; F14      ; 468        ; 8A             ; RESERVED_INPUT_WITH_WEAK_PULLUP ;        ;              ;                     ; Column I/O   ;                 ; no       ; On           ;
; F15      ; 466        ; 8A             ; RESERVED_INPUT_WITH_WEAK_PULLUP ;        ;              ;                     ; Column I/O   ;                 ; no       ; On           ;
; F16      ; 442        ; 7D             ; RESERVED_INPUT_WITH_WEAK_PULLUP ;        ;              ;                     ; Column I/O   ;                 ; no       ; On           ;
; F17      ;            ;                ; GND                             ; gnd    ;              ;                     ; --           ;                 ; --       ; --           ;
; F18      ; 430        ; 7C             ; RESERVED_INPUT_WITH_WEAK_PULLUP ;        ;              ;                     ; Column I/O   ;                 ; no       ; On           ;
; F19      ; 410        ; 7B             ; RESERVED_INPUT_WITH_WEAK_PULLUP ;        ;              ;                     ; Column I/O   ;                 ; no       ; On           ;
; F20      ; 407        ; 7B             ; RESERVED_INPUT_WITH_WEAK_PULLUP ;        ;              ;                     ; Column I/O   ;                 ; no       ; On           ;
; F21      ; 409        ; 7B             ; RESERVED_INPUT_WITH_WEAK_PULLUP ;        ;              ;                     ; Column I/O   ;                 ; no       ; On           ;
; F22      ;            ; 7A             ; VCCIO7A_HPS                     ; power  ;              ; 2.5V                ; --           ;                 ; --       ; --           ;
; F23      ; 375        ; 7A             ; ^HPS_nPOR                       ;        ;              ;                     ; --           ;                 ; --       ; --           ;
; F24      ; 383        ; 7A             ; ^HPS_PORSEL                     ;        ;              ;                     ; --           ;                 ; --       ; --           ;
; F25      ; 385        ; 7A             ; ^HPS_CLK2                       ;        ;              ;                     ; --           ;                 ; --       ; --           ;
; F26      ; 341        ; 6A             ; RESERVED_INPUT_WITH_WEAK_PULLUP ;        ;              ;                     ; Row I/O      ;                 ; no       ; On           ;
; F27      ;            ;                ; GND                             ; gnd    ;              ;                     ; --           ;                 ; --       ; --           ;
; F28      ; 345        ; 6A             ; RESERVED_INPUT_WITH_WEAK_PULLUP ;        ;              ;                     ; Row I/O      ;                 ; no       ; On           ;
; F29      ; 349        ; 6A             ; RESERVED_INPUT_WITH_WEAK_PULLUP ;        ;              ;                     ; Row I/O      ;                 ; no       ; On           ;
; F30      ; 347        ; 6A             ; RESERVED_INPUT_WITH_WEAK_PULLUP ;        ;              ;                     ; Row I/O      ;                 ; no       ; On           ;
; G1       ;            ;                ; RREF                            ;        ;              ;                     ; --           ;                 ; --       ; --           ;
; G2       ;            ;                ; DNU                             ;        ;              ;                     ; --           ;                 ; --       ; --           ;
; G3       ;            ;                ; GND                             ; gnd    ;              ;                     ; --           ;                 ; --       ; --           ;
; G4       ;            ;                ; GND                             ; gnd    ;              ;                     ; --           ;                 ; --       ; --           ;
; G5       ; 542        ; 9A             ; ^nCE                            ;        ;              ;                     ; --           ;                 ; --       ; --           ;
; G6       ; 543        ; 9A             ; ^MSEL2                          ;        ;              ;                     ; --           ;                 ; --       ; --           ;
; G7       ; 535        ; 8A             ; RESERVED_INPUT_WITH_WEAK_PULLUP ;        ;              ;                     ; Column I/O   ;                 ; no       ; On           ;
; G8       ; 492        ; 8A             ; RESERVED_INPUT_WITH_WEAK_PULLUP ;        ;              ;                     ; Column I/O   ;                 ; no       ; On           ;
; G9       ;            ; 8A             ; VCCIO8A                         ; power  ;              ; 2.5V                ; --           ;                 ; --       ; --           ;
; G10      ; 526        ; 8A             ; RESERVED_INPUT_WITH_WEAK_PULLUP ;        ;              ;                     ; Column I/O   ;                 ; no       ; On           ;
; G11      ; 520        ; 8A             ; RESERVED_INPUT_WITH_WEAK_PULLUP ;        ;              ;                     ; Column I/O   ;                 ; no       ; On           ;
; G12      ; 518        ; 8A             ; RESERVED_INPUT_WITH_WEAK_PULLUP ;        ;              ;                     ; Column I/O   ;                 ; no       ; On           ;
; G13      ; 484        ; 8A             ; RESERVED_INPUT_WITH_WEAK_PULLUP ;        ;              ;                     ; Column I/O   ;                 ; no       ; On           ;
; G14      ;            ; 8A             ; VCCIO8A                         ; power  ;              ; 2.5V                ; --           ;                 ; --       ; --           ;
; G15      ; 460        ; 8A             ; RESERVED_INPUT_WITH_WEAK_PULLUP ;        ;              ;                     ; Column I/O   ;                 ; no       ; On           ;
; G16      ; 444        ; 7D             ; RESERVED_INPUT_WITH_WEAK_PULLUP ;        ;              ;                     ; Column I/O   ;                 ; no       ; On           ;
; G17      ; 436        ; 7C             ; RESERVED_INPUT_WITH_WEAK_PULLUP ;        ;              ;                     ; Column I/O   ;                 ; no       ; On           ;
; G18      ; 432        ; 7C             ; RESERVED_INPUT_WITH_WEAK_PULLUP ;        ;              ;                     ; Column I/O   ;                 ; no       ; On           ;
; G19      ;            ; 7B             ; VCCIO7B_HPS                     ; power  ;              ; 2.5V                ; --           ;                 ; --       ; --           ;
; G20      ; 416        ; 7B             ; RESERVED_INPUT_WITH_WEAK_PULLUP ;        ;              ;                     ; Column I/O   ;                 ; no       ; On           ;
; G21      ; 392        ; 7A             ; RESERVED_INPUT_WITH_WEAK_PULLUP ;        ;              ;                     ; Column I/O   ;                 ; no       ; On           ;
; G22      ; 400        ; 7A             ; RESERVED_INPUT_WITH_WEAK_PULLUP ;        ;              ;                     ; Column I/O   ;                 ; no       ; On           ;
; G23      ; 377        ; 7A             ; ^VCCRSTCLK_HPS                  ;        ;              ;                     ; --           ;                 ; --       ; --           ;
; G24      ;            ;                ; GND                             ; gnd    ;              ;                     ; --           ;                 ; --       ; --           ;
; G25      ; 370        ; 6A             ; RESERVED_INPUT_WITH_WEAK_PULLUP ;        ;              ;                     ; Row I/O      ;                 ; no       ; On           ;
; G26      ; 362        ; 6A             ; RESERVED_INPUT_WITH_WEAK_PULLUP ;        ;              ;                     ; Row I/O      ;                 ; no       ; On           ;
; G27      ; 339        ; 6A             ; RESERVED_INPUT_WITH_WEAK_PULLUP ;        ;              ;                     ; Row I/O      ;                 ; --       ; --           ;
; G28      ; 335        ; 6A             ; RESERVED_INPUT_WITH_WEAK_PULLUP ;        ;              ;                     ; Row I/O      ;                 ; no       ; On           ;
; G29      ;            ; 6A             ; VCCIO6A_HPS                     ; power  ;              ; 2.5V                ; --           ;                 ; --       ; --           ;
; G30      ; 343        ; 6A             ; RESERVED_INPUT_WITH_WEAK_PULLUP ;        ;              ;                     ; Row I/O      ;                 ; no       ; On           ;
; H1       ;            ;                ; GND                             ; gnd    ;              ;                     ; --           ;                 ; --       ; --           ;
; H2       ;            ;                ; GND                             ; gnd    ;              ;                     ; --           ;                 ; --       ; --           ;
; H3       ; 0          ; B2L            ; GXB_NC                          ;        ;              ;                     ; --           ;                 ; --       ; --           ;
; H4       ; 1          ; B2L            ; GXB_NC                          ;        ;              ;                     ; --           ;                 ; --       ; --           ;
; H5       ;            ;                ; GND                             ; gnd    ;              ;                     ; --           ;                 ; --       ; --           ;
; H6       ;            ; 8A             ; VCCIO8A                         ; power  ;              ; 2.5V                ; --           ;                 ; --       ; --           ;
; H7       ; 508        ; 8A             ; RESERVED_INPUT_WITH_WEAK_PULLUP ;        ;              ;                     ; Column I/O   ;                 ; no       ; On           ;
; H8       ; 490        ; 8A             ; RESERVED_INPUT_WITH_WEAK_PULLUP ;        ;              ;                     ; Column I/O   ;                 ; no       ; On           ;
; H9       ;            ; --             ; VCCBAT                          ; power  ;              ; 1.2V                ; --           ;                 ; --       ; --           ;
; H10      ;            ; --             ; VCC_AUX                         ; power  ;              ; 2.5V                ; --           ;                 ; --       ; --           ;
; H11      ;            ;                ; GND                             ; gnd    ;              ;                     ; --           ;                 ; --       ; --           ;
; H12      ; 500        ; 8A             ; RESERVED_INPUT_WITH_WEAK_PULLUP ;        ;              ;                     ; Column I/O   ;                 ; no       ; On           ;
; H13      ; 498        ; 8A             ; RESERVED_INPUT_WITH_WEAK_PULLUP ;        ;              ;                     ; Column I/O   ;                 ; no       ; On           ;
; H14      ; 482        ; 8A             ; RESERVED_INPUT_WITH_WEAK_PULLUP ;        ;              ;                     ; Column I/O   ;                 ; no       ; On           ;
; H15      ; 458        ; 8A             ; RESERVED_INPUT_WITH_WEAK_PULLUP ;        ;              ;                     ; Column I/O   ;                 ; no       ; On           ;
; H16      ;            ; 7D             ; VCCIO7D_HPS                     ; power  ;              ; 2.5V                ; --           ;                 ; --       ; --           ;
; H17      ; 434        ; 7C             ; RESERVED_INPUT_WITH_WEAK_PULLUP ;        ;              ;                     ; Column I/O   ;                 ; no       ; On           ;
; H18      ; 422        ; 7B             ; RESERVED_INPUT_WITH_WEAK_PULLUP ;        ;              ;                     ; Column I/O   ;                 ; no       ; On           ;
; H19      ; 406        ; 7B             ; RESERVED_INPUT_WITH_WEAK_PULLUP ;        ;              ;                     ; Column I/O   ;                 ; no       ; On           ;
; H20      ; 398        ; 7A             ; RESERVED_INPUT_WITH_WEAK_PULLUP ;        ;              ;                     ; Column I/O   ;                 ; no       ; On           ;
; H21      ;            ; 7A             ; VCCIO7A_HPS                     ; power  ;              ; 2.5V                ; --           ;                 ; --       ; --           ;
; H22      ; 379        ; 7A             ; ^HPS_TCK                        ;        ;              ;                     ; --           ;                 ; --       ; --           ;
; H23      ; 390        ; 7A             ; RESERVED_INPUT_WITH_WEAK_PULLUP ;        ;              ;                     ; Column I/O   ;                 ; no       ; On           ;
; H24      ; 364        ; 6A             ; RESERVED_INPUT_WITH_WEAK_PULLUP ;        ;              ;                     ; Row I/O      ;                 ; no       ; On           ;
; H25      ; 368        ; 6A             ; RESERVED_INPUT_WITH_WEAK_PULLUP ;        ;              ;                     ; Row I/O      ;                 ; no       ; On           ;
; H26      ;            ; 6A             ; VCCIO6A_HPS                     ; power  ;              ; 2.5V                ; --           ;                 ; --       ; --           ;
; H27      ; 360        ; 6A             ; RESERVED_INPUT_WITH_WEAK_PULLUP ;        ;              ;                     ; Row I/O      ;                 ; no       ; On           ;
; H28      ; 333        ; 6A             ; RESERVED_INPUT_WITH_WEAK_PULLUP ;        ;              ;                     ; Row I/O      ;                 ; no       ; On           ;
; H29      ; 331        ; 6A             ; RESERVED_INPUT_WITH_WEAK_PULLUP ;        ;              ;                     ; Row I/O      ;                 ; no       ; On           ;
; H30      ; 337        ; 6A             ; RESERVED_INPUT_WITH_WEAK_PULLUP ;        ;              ;                     ; Row I/O      ;                 ; no       ; On           ;
; J1       ; 3          ; B2L            ; GND                             ;        ;              ;                     ; --           ;                 ; --       ; --           ;
; J2       ; 2          ; B2L            ; GND                             ;        ;              ;                     ; --           ;                 ; --       ; --           ;
; J3       ;            ;                ; GND                             ; gnd    ;              ;                     ; --           ;                 ; --       ; --           ;
; J4       ;            ;                ; GND                             ; gnd    ;              ;                     ; --           ;                 ; --       ; --           ;
; J5       ; 545        ; 9A             ; ^nCONFIG                        ;        ;              ;                     ; --           ;                 ; --       ; --           ;
; J6       ; 547        ; 9A             ; ^GND                            ;        ;              ;                     ; --           ;                 ; --       ; --           ;
; J7       ; 506        ; 8A             ; RESERVED_INPUT_WITH_WEAK_PULLUP ;        ;              ;                     ; Column I/O   ;                 ; no       ; On           ;
; J8       ;            ;                ; GND                             ; gnd    ;              ;                     ; --           ;                 ; --       ; --           ;
; J9       ; 532        ; 8A             ; RESERVED_INPUT_WITH_WEAK_PULLUP ;        ;              ;                     ; Column I/O   ;                 ; no       ; On           ;
; J10      ; 530        ; 8A             ; RESERVED_INPUT_WITH_WEAK_PULLUP ;        ;              ;                     ; Column I/O   ;                 ; no       ; On           ;
; J11      ;            ; --             ; VCCPGM                          ; power  ;              ; 1.8V/2.5V/3.0V/3.3V ; --           ;                 ; --       ; --           ;
; J12      ; 516        ; 8A             ; RESERVED_INPUT_WITH_WEAK_PULLUP ;        ;              ;                     ; Column I/O   ;                 ; no       ; On           ;
; J13      ;            ; 8A             ; VCCIO8A                         ; power  ;              ; 2.5V                ; --           ;                 ; --       ; --           ;
; J14      ; 476        ; 8A             ; RESERVED_INPUT_WITH_WEAK_PULLUP ;        ;              ;                     ; Column I/O   ;                 ; no       ; On           ;
; J15      ;            ;                ; DNU                             ;        ;              ;                     ; --           ;                 ; --       ; --           ;
; J16      ;            ; --             ; VCC_AUX                         ; power  ;              ; 2.5V                ; --           ;                 ; --       ; --           ;
; J17      ;            ; 7C             ; VCCPD7C_HPS                     ; power  ;              ; 2.5V                ; --           ;                 ; --       ; --           ;
; J18      ;            ;                ; GND                             ; gnd    ;              ;                     ; --           ;                 ; --       ; --           ;
; J19      ; 408        ; 7B             ; RESERVED_INPUT_WITH_WEAK_PULLUP ;        ;              ;                     ; Column I/O   ;                 ; no       ; On           ;
; J20      ;            ; --             ; VCCRSTCLK_HPS                   ; power  ;              ; 1.8V/2.5V/3.0V/3.3V ; --           ;                 ; --       ; --           ;
; J21      ;            ; --             ; VCC_AUX_SHARED                  ; power  ;              ; 2.5V                ; --           ;                 ; --       ; --           ;
; J22      ; 372        ; 7A             ; ^GND                            ;        ;              ;                     ; --           ;                 ; --       ; --           ;
; J23      ; 354        ; 6A             ; RESERVED_INPUT_WITH_WEAK_PULLUP ;        ;              ;                     ; Row I/O      ;                 ; no       ; On           ;
; J24      ; 352        ; 6A             ; RESERVED_INPUT_WITH_WEAK_PULLUP ;        ;              ;                     ; Row I/O      ;                 ; no       ; On           ;
; J25      ; 344        ; 6A             ; RESERVED_INPUT_WITH_WEAK_PULLUP ;        ;              ;                     ; Row I/O      ;                 ; no       ; On           ;
; J26      ; 323        ; 6A             ; RESERVED_INPUT_WITH_WEAK_PULLUP ;        ;              ;                     ; Row I/O      ;                 ; no       ; On           ;
; J27      ; 346        ; 6A             ; RESERVED_INPUT_WITH_WEAK_PULLUP ;        ;              ;                     ; Row I/O      ;                 ; no       ; On           ;
; J28      ;            ;                ; GND                             ; gnd    ;              ;                     ; --           ;                 ; --       ; --           ;
; J29      ; 327        ; 6A             ; RESERVED_INPUT_WITH_WEAK_PULLUP ;        ;              ;                     ; Row I/O      ;                 ; no       ; On           ;
; J30      ; 329        ; 6A             ; RESERVED_INPUT_WITH_WEAK_PULLUP ;        ;              ;                     ; Row I/O      ;                 ; no       ; On           ;
; K1       ;            ;                ; GND                             ; gnd    ;              ;                     ; --           ;                 ; --       ; --           ;
; K2       ;            ;                ; GND                             ; gnd    ;              ;                     ; --           ;                 ; --       ; --           ;
; K3       ; 4          ; B2L            ; GXB_NC                          ;        ;              ;                     ; --           ;                 ; --       ; --           ;
; K4       ; 5          ; B2L            ; GXB_NC                          ;        ;              ;                     ; --           ;                 ; --       ; --           ;
; K5       ;            ;                ; GND                             ; gnd    ;              ;                     ; --           ;                 ; --       ; --           ;
; K6       ; 540        ; 9A             ; ^MSEL1                          ;        ;              ;                     ; --           ;                 ; --       ; --           ;
; K7       ; 522        ; 8A             ; RESERVED_INPUT_WITH_WEAK_PULLUP ;        ;              ;                     ; Column I/O   ;                 ; no       ; On           ;
; K8       ; 524        ; 8A             ; RESERVED_INPUT_WITH_WEAK_PULLUP ;        ;              ;                     ; Column I/O   ;                 ; no       ; On           ;
; K9       ;            ; --             ; VCCA_FPLL                       ; power  ;              ; 2.5V                ; --           ;                 ; --       ; --           ;
; K10      ;            ;                ; GND                             ; gnd    ;              ;                     ; --           ;                 ; --       ; --           ;
; K11      ;            ; 8A             ; VCCPD8A                         ; power  ;              ; 2.5V                ; --           ;                 ; --       ; --           ;
; K12      ; 514        ; 8A             ; RESERVED_INPUT_WITH_WEAK_PULLUP ;        ;              ;                     ; Column I/O   ;                 ; no       ; On           ;
; K13      ;            ; 8A             ; VCCPD8A                         ; power  ;              ; 2.5V                ; --           ;                 ; --       ; --           ;
; K14      ; 474        ; 8A             ; RESERVED_INPUT_WITH_WEAK_PULLUP ;        ;              ;                     ; Column I/O   ;                 ; no       ; On           ;
; K15      ;            ;                ; GND                             ; gnd    ;              ;                     ; --           ;                 ; --       ; --           ;
; K16      ;            ; 7D             ; VCCPD7D_HPS                     ; power  ;              ; 2.5V                ; --           ;                 ; --       ; --           ;
; K17      ; 414        ; 7B             ; RESERVED_INPUT_WITH_WEAK_PULLUP ;        ;              ;                     ; Column I/O   ;                 ; no       ; On           ;
; K18      ;            ; 7B             ; VCCPD7B_HPS                     ; power  ;              ; 2.5V                ; --           ;                 ; --       ; --           ;
; K19      ;            ; 7A             ; VCCPD7A_HPS                     ; power  ;              ; 2.5V                ; --           ;                 ; --       ; --           ;
; K20      ;            ;                ; GND                             ; gnd    ;              ;                     ; --           ;                 ; --       ; --           ;
; K21      ; 366        ; 6A             ; RESERVED_INPUT_WITH_WEAK_PULLUP ;        ;              ;                     ; Row I/O      ;                 ; no       ; On           ;
; K22      ; 336        ; 6A             ; RESERVED_INPUT_WITH_WEAK_PULLUP ;        ;              ;                     ; Row I/O      ;                 ; no       ; On           ;
; K23      ; 338        ; 6A             ; RESERVED_INPUT_WITH_WEAK_PULLUP ;        ;              ;                     ; Row I/O      ;                 ; no       ; On           ;
; K24      ;            ; 6A             ; VCCIO6A_HPS                     ; power  ;              ; 2.5V                ; --           ;                 ; --       ; --           ;
; K25      ;            ;                ; GND                             ; gnd    ;              ;                     ; --           ;                 ; --       ; --           ;
; K26      ; 322        ; 6A             ; RESERVED_INPUT_WITH_WEAK_PULLUP ;        ;              ;                     ; Row I/O      ;                 ; no       ; On           ;
; K27      ; 319        ; 6A             ; RESERVED_INPUT_WITH_WEAK_PULLUP ;        ;              ;                     ; Row I/O      ;                 ; no       ; On           ;
; K28      ; 325        ; 6A             ; RESERVED_INPUT_WITH_WEAK_PULLUP ;        ;              ;                     ; Row I/O      ;                 ; no       ; On           ;
; K29      ; 321        ; 6A             ; RESERVED_INPUT_WITH_WEAK_PULLUP ;        ;              ;                     ; Row I/O      ;                 ; no       ; On           ;
; K30      ;            ; 6A             ; VCCIO6A_HPS                     ; power  ;              ; 2.5V                ; --           ;                 ; --       ; --           ;
; L1       ; 7          ; B2L            ; GND                             ;        ;              ;                     ; --           ;                 ; --       ; --           ;
; L2       ; 6          ; B2L            ; GND                             ;        ;              ;                     ; --           ;                 ; --       ; --           ;
; L3       ;            ;                ; GND                             ; gnd    ;              ;                     ; --           ;                 ; --       ; --           ;
; L4       ;            ;                ; GND                             ; gnd    ;              ;                     ; --           ;                 ; --       ; --           ;
; L5       ;            ; --             ; VCCL_GXBL                       ; power  ;              ; 1.1V                ; --           ;                 ; --       ; --           ;
; L6       ;            ;                ; GND                             ; gnd    ;              ;                     ; --           ;                 ; --       ; --           ;
; L7       ; 544        ; 9A             ; ^MSEL3                          ;        ;              ;                     ; --           ;                 ; --       ; --           ;
; L8       ; 538        ; 9A             ; ^MSEL0                          ;        ;              ;                     ; --           ;                 ; --       ; --           ;
; L9       ; 546        ; 9A             ; ^MSEL4                          ;        ;              ;                     ; --           ;                 ; --       ; --           ;
; L10      ;            ; 8A             ; VCCPD8A                         ; power  ;              ; 2.5V                ; --           ;                 ; --       ; --           ;
; L11      ;            ;                ; GND                             ; gnd    ;              ;                     ; --           ;                 ; --       ; --           ;
; L12      ;            ; 8A             ; VCCPD8A                         ; power  ;              ; 2.5V                ; --           ;                 ; --       ; --           ;
; L13      ;            ;                ; GND                             ; gnd    ;              ;                     ; --           ;                 ; --       ; --           ;
; L14      ;            ; 8A             ; VCCPD8A                         ; power  ;              ; 2.5V                ; --           ;                 ; --       ; --           ;
; L15      ;            ;                ; GND                             ; gnd    ;              ;                     ; --           ;                 ; --       ; --           ;
; L16      ;            ; --             ; VCC_HPS                         ; power  ;              ; 1.1V                ; --           ;                 ; --       ; --           ;
; L17      ;            ;                ; GND                             ; gnd    ;              ;                     ; --           ;                 ; --       ; --           ;
; L18      ;            ; --             ; VCC_HPS                         ; power  ;              ; 1.1V                ; --           ;                 ; --       ; --           ;
; L19      ;            ;                ; GND                             ; gnd    ;              ;                     ; --           ;                 ; --       ; --           ;
; L20      ;            ; --             ; VCC_HPS                         ; power  ;              ; 1.1V                ; --           ;                 ; --       ; --           ;
; L21      ;            ; --             ; VCCPLL_HPS                      ; power  ;              ; 2.5V                ; --           ;                 ; --       ; --           ;
; L22      ;            ;                ; GND                             ; gnd    ;              ;                     ; --           ;                 ; --       ; --           ;
; L23      ; 350        ; 6A             ; RESERVED_INPUT_WITH_WEAK_PULLUP ;        ;              ;                     ; Row I/O      ;                 ; no       ; On           ;
; L24      ; 328        ; 6A             ; RESERVED_INPUT_WITH_WEAK_PULLUP ;        ;              ;                     ; Row I/O      ;                 ; no       ; On           ;
; L25      ; 330        ; 6A             ; RESERVED_INPUT_WITH_WEAK_PULLUP ;        ;              ;                     ; Row I/O      ;                 ; no       ; On           ;
; L26      ; 320        ; 6A             ; RESERVED_INPUT_WITH_WEAK_PULLUP ;        ;              ;                     ; Row I/O      ;                 ; no       ; On           ;
; L27      ;            ; 6A             ; VCCIO6A_HPS                     ; power  ;              ; 2.5V                ; --           ;                 ; --       ; --           ;
; L28      ; 313        ; 6A             ; RESERVED_INPUT_WITH_WEAK_PULLUP ;        ;              ;                     ; Row I/O      ;                 ; no       ; On           ;
; L29      ; 315        ; 6A             ; RESERVED_INPUT_WITH_WEAK_PULLUP ;        ;              ;                     ; Row I/O      ;                 ; no       ; On           ;
; L30      ; 317        ; 6A             ; RESERVED_INPUT_WITH_WEAK_PULLUP ;        ;              ;                     ; Row I/O      ;                 ; no       ; On           ;
; M1       ;            ;                ; GND                             ; gnd    ;              ;                     ; --           ;                 ; --       ; --           ;
; M2       ;            ;                ; GND                             ; gnd    ;              ;                     ; --           ;                 ; --       ; --           ;
; M3       ; 8          ; B2L            ; GXB_NC                          ;        ;              ;                     ; --           ;                 ; --       ; --           ;
; M4       ; 9          ; B2L            ; GXB_NC                          ;        ;              ;                     ; --           ;                 ; --       ; --           ;
; M5       ;            ;                ; GND                             ; gnd    ;              ;                     ; --           ;                 ; --       ; --           ;
; M6       ;            ; --             ; VCCE_GXBL                       ; power  ;              ; 1.1V                ; --           ;                 ; --       ; --           ;
; M7       ;            ;                ; GND                             ; gnd    ;              ;                     ; --           ;                 ; --       ; --           ;
; M8       ;            ;                ; GND                             ; gnd    ;              ;                     ; --           ;                 ; --       ; --           ;
; M9       ;            ; --             ; VCC                             ; power  ;              ; 1.1V                ; --           ;                 ; --       ; --           ;
; M10      ;            ;                ; GND                             ; gnd    ;              ;                     ; --           ;                 ; --       ; --           ;
; M11      ;            ; --             ; VCC                             ; power  ;              ; 1.1V                ; --           ;                 ; --       ; --           ;
; M12      ;            ;                ; GND                             ; gnd    ;              ;                     ; --           ;                 ; --       ; --           ;
; M13      ;            ; --             ; VCC                             ; power  ;              ; 1.1V                ; --           ;                 ; --       ; --           ;
; M14      ;            ;                ; GND                             ; gnd    ;              ;                     ; --           ;                 ; --       ; --           ;
; M15      ;            ; --             ; VCC_HPS                         ; power  ;              ; 1.1V                ; --           ;                 ; --       ; --           ;
; M16      ;            ;                ; GND                             ; gnd    ;              ;                     ; --           ;                 ; --       ; --           ;
; M17      ; 450        ; 7D             ; RESERVED_INPUT_WITH_WEAK_PULLUP ;        ;              ;                     ; Column I/O   ;                 ; no       ; On           ;
; M18      ;            ;                ; GND                             ; gnd    ;              ;                     ; --           ;                 ; --       ; --           ;
; M19      ; 334        ; 6A             ; RESERVED_INPUT_WITH_WEAK_PULLUP ;        ;              ;                     ; Row I/O      ;                 ; no       ; On           ;
; M20      ;            ;                ; GND                             ; gnd    ;              ;                     ; --           ;                 ; --       ; --           ;
; M21      ;            ; 6A, 6B         ; VCCPD6A6B_HPS                   ; power  ;              ; 2.5V                ; --           ;                 ; --       ; --           ;
; M22      ; 308        ; 6A             ; RESERVED_INPUT_WITH_WEAK_PULLUP ;        ;              ;                     ; Row I/O      ;                 ; no       ; On           ;
; M23      ; 348        ; 6A             ; RESERVED_INPUT_WITH_WEAK_PULLUP ;        ;              ;                     ; Row I/O      ;                 ; no       ; On           ;
; M24      ;            ; 6A             ; VCCIO6A_HPS                     ; power  ;              ; 2.5V                ; --           ;                 ; --       ; --           ;
; M25      ; 324        ; 6A             ; RESERVED_INPUT_WITH_WEAK_PULLUP ;        ;              ;                     ; Row I/O      ;                 ; no       ; On           ;
; M26      ; 314        ; 6A             ; RESERVED_INPUT_WITH_WEAK_PULLUP ;        ;              ;                     ; Row I/O      ;                 ; no       ; On           ;
; M27      ; 312        ; 6A             ; RESERVED_INPUT_WITH_WEAK_PULLUP ;        ;              ;                     ; Row I/O      ;                 ; no       ; On           ;
; M28      ; 309        ; 6A             ; RESERVED_INPUT_WITH_WEAK_PULLUP ;        ;              ;                     ; Row I/O      ;                 ; no       ; On           ;
; M29      ;            ;                ; GND                             ; gnd    ;              ;                     ; --           ;                 ; --       ; --           ;
; M30      ; 311        ; 6A             ; RESERVED_INPUT_WITH_WEAK_PULLUP ;        ;              ;                     ; Row I/O      ;                 ; no       ; On           ;
; N1       ; 11         ; B2L            ; GND                             ;        ;              ;                     ; --           ;                 ; --       ; --           ;
; N2       ; 10         ; B2L            ; GND                             ;        ;              ;                     ; --           ;                 ; --       ; --           ;
; N3       ;            ;                ; GND                             ; gnd    ;              ;                     ; --           ;                 ; --       ; --           ;
; N4       ;            ;                ; GND                             ; gnd    ;              ;                     ; --           ;                 ; --       ; --           ;
; N5       ;            ; --             ; VCCE_GXBL                       ; power  ;              ; 1.1V                ; --           ;                 ; --       ; --           ;
; N6       ;            ;                ; GND                             ; gnd    ;              ;                     ; --           ;                 ; --       ; --           ;
; N7       ;            ; --             ; VCCA_FPLL                       ; power  ;              ; 2.5V                ; --           ;                 ; --       ; --           ;
; N8       ;            ;                ; GND                             ; gnd    ;              ;                     ; --           ;                 ; --       ; --           ;
; N9       ;            ;                ; GND                             ; gnd    ;              ;                     ; --           ;                 ; --       ; --           ;
; N10      ;            ; --             ; VCC                             ; power  ;              ; 1.1V                ; --           ;                 ; --       ; --           ;
; N11      ;            ;                ; GND                             ; gnd    ;              ;                     ; --           ;                 ; --       ; --           ;
; N12      ;            ; --             ; VCC                             ; power  ;              ; 1.1V                ; --           ;                 ; --       ; --           ;
; N13      ;            ;                ; GND                             ; gnd    ;              ;                     ; --           ;                 ; --       ; --           ;
; N14      ;            ; --             ; VCC                             ; power  ;              ; 1.1V                ; --           ;                 ; --       ; --           ;
; N15      ;            ;                ; GND                             ; gnd    ;              ;                     ; --           ;                 ; --       ; --           ;
; N16      ; 452        ; 7D             ; RESERVED_INPUT_WITH_WEAK_PULLUP ;        ;              ;                     ; Column I/O   ;                 ; no       ; On           ;
; N17      ;            ;                ; GND                             ; gnd    ;              ;                     ; --           ;                 ; --       ; --           ;
; N18      ; 332        ; 6A             ; RESERVED_INPUT_WITH_WEAK_PULLUP ;        ;              ;                     ; Row I/O      ;                 ; no       ; On           ;
; N19      ;            ;                ; GND                             ; gnd    ;              ;                     ; --           ;                 ; --       ; --           ;
; N20      ;            ; --             ; VCC_HPS                         ; power  ;              ; 1.1V                ; --           ;                 ; --       ; --           ;
; N21      ;            ; 6A             ; VCCIO6A_HPS                     ; power  ;              ; 2.5V                ; --           ;                 ; --       ; --           ;
; N22      ;            ; 6A, 6B         ; VCCPD6A6B_HPS                   ; power  ;              ; 2.5V                ; --           ;                 ; --       ; --           ;
; N23      ; 310        ; 6A             ; RESERVED_INPUT_WITH_WEAK_PULLUP ;        ;              ;                     ; Row I/O      ;                 ; no       ; On           ;
; N24      ; 318        ; 6A             ; RESERVED_INPUT_WITH_WEAK_PULLUP ;        ;              ;                     ; Row I/O      ;                 ; no       ; On           ;
; N25      ; 316        ; 6A             ; RESERVED_INPUT_WITH_WEAK_PULLUP ;        ;              ;                     ; Row I/O      ;                 ; no       ; On           ;
; N26      ;            ;                ; GND                             ; gnd    ;              ;                     ; --           ;                 ; --       ; --           ;
; N27      ; 297        ; 6B             ; RESERVED_INPUT_WITH_WEAK_PULLUP ;        ;              ;                     ; Row I/O      ;                 ; no       ; On           ;
; N28      ; 303        ; 6B             ; RESERVED_INPUT_WITH_WEAK_PULLUP ;        ;              ;                     ; Row I/O      ;                 ; no       ; On           ;
; N29      ; 305        ; 6B             ; RESERVED_INPUT_WITH_WEAK_PULLUP ;        ;              ;                     ; Row I/O      ;                 ; no       ; On           ;
; N30      ; 307        ; 6B             ; RESERVED_INPUT_WITH_WEAK_PULLUP ;        ;              ;                     ; Row I/O      ;                 ; no       ; On           ;
; P1       ;            ;                ; GND                             ; gnd    ;              ;                     ; --           ;                 ; --       ; --           ;
; P2       ;            ;                ; GND                             ; gnd    ;              ;                     ; --           ;                 ; --       ; --           ;
; P3       ; 16         ; B1L            ; GXB_NC                          ;        ;              ;                     ; --           ;                 ; --       ; --           ;
; P4       ; 17         ; B1L            ; GXB_NC                          ;        ;              ;                     ; --           ;                 ; --       ; --           ;
; P5       ;            ;                ; GND                             ; gnd    ;              ;                     ; --           ;                 ; --       ; --           ;
; P6       ;            ; --             ; VCCH_GXBL                       ; power  ;              ; 2.5V                ; --           ;                 ; --       ; --           ;
; P7       ;            ;                ; GND                             ; gnd    ;              ;                     ; --           ;                 ; --       ; --           ;
; P8       ; 13         ; B2L            ; GND                             ;        ;              ;                     ; Row I/O      ;                 ; --       ; --           ;
; P9       ; 12         ; B2L            ; GND                             ;        ;              ;                     ; Row I/O      ;                 ; --       ; --           ;
; P10      ;            ;                ; GND                             ; gnd    ;              ;                     ; --           ;                 ; --       ; --           ;
; P11      ;            ; --             ; VCC                             ; power  ;              ; 1.1V                ; --           ;                 ; --       ; --           ;
; P12      ;            ;                ; GND                             ; gnd    ;              ;                     ; --           ;                 ; --       ; --           ;
; P13      ;            ; --             ; VCC                             ; power  ;              ; 1.1V                ; --           ;                 ; --       ; --           ;
; P14      ;            ;                ; GND                             ; gnd    ;              ;                     ; --           ;                 ; --       ; --           ;
; P15      ;            ; --             ; VCC_HPS                         ; power  ;              ; 1.1V                ; --           ;                 ; --       ; --           ;
; P16      ;            ;                ; GND                             ; gnd    ;              ;                     ; --           ;                 ; --       ; --           ;
; P17      ;            ; --             ; VCC_HPS                         ; power  ;              ; 1.1V                ; --           ;                 ; --       ; --           ;
; P18      ;            ;                ; GND                             ; gnd    ;              ;                     ; --           ;                 ; --       ; --           ;
; P19      ;            ; --             ; VCC_HPS                         ; power  ;              ; 1.1V                ; --           ;                 ; --       ; --           ;
; P20      ;            ;                ; GND                             ; gnd    ;              ;                     ; --           ;                 ; --       ; --           ;
; P21      ;            ; 6A, 6B         ; VCCPD6A6B_HPS                   ; power  ;              ; 2.5V                ; --           ;                 ; --       ; --           ;
; P22      ; 294        ; 6B             ; RESERVED_INPUT_WITH_WEAK_PULLUP ;        ;              ;                     ; Row I/O      ;                 ; no       ; On           ;
; P23      ;            ; 6B             ; VCCIO6B_HPS                     ; power  ;              ; 2.5V                ; --           ;                 ; --       ; --           ;
; P24      ; 290        ; 6B             ; RESERVED_INPUT_WITH_WEAK_PULLUP ;        ;              ;                     ; Row I/O      ;                 ; no       ; On           ;
; P25      ; 288        ; 6B             ; RESERVED_INPUT_WITH_WEAK_PULLUP ;        ;              ;                     ; Row I/O      ;                 ; no       ; On           ;
; P26      ; 298        ; 6B             ; RESERVED_INPUT_WITH_WEAK_PULLUP ;        ;              ;                     ; Row I/O      ;                 ; no       ; On           ;
; P27      ; 296        ; 6B             ; RESERVED_INPUT_WITH_WEAK_PULLUP ;        ;              ;                     ; Row I/O      ;                 ; no       ; On           ;
; P28      ;            ; 6B             ; VCCIO6B_HPS                     ; power  ;              ; 2.5V                ; --           ;                 ; --       ; --           ;
; P29      ; 299        ; 6B             ; RESERVED_INPUT_WITH_WEAK_PULLUP ;        ;              ;                     ; Row I/O      ;                 ; no       ; On           ;
; P30      ; 301        ; 6B             ; RESERVED_INPUT_WITH_WEAK_PULLUP ;        ;              ;                     ; Row I/O      ;                 ; no       ; On           ;
; R1       ; 19         ; B1L            ; GND                             ;        ;              ;                     ; --           ;                 ; --       ; --           ;
; R2       ; 18         ; B1L            ; GND                             ;        ;              ;                     ; --           ;                 ; --       ; --           ;
; R3       ;            ;                ; GND                             ; gnd    ;              ;                     ; --           ;                 ; --       ; --           ;
; R4       ;            ;                ; GND                             ; gnd    ;              ;                     ; --           ;                 ; --       ; --           ;
; R5       ;            ; --             ; VCCL_GXBL                       ; power  ;              ; 1.1V                ; --           ;                 ; --       ; --           ;
; R6       ;            ;                ; GND                             ; gnd    ;              ;                     ; --           ;                 ; --       ; --           ;
; R7       ;            ; --             ; VCCA_FPLL                       ; power  ;              ; 2.5V                ; --           ;                 ; --       ; --           ;
; R8       ;            ;                ; GND                             ; gnd    ;              ;                     ; --           ;                 ; --       ; --           ;
; R9       ;            ;                ; GND                             ; gnd    ;              ;                     ; --           ;                 ; --       ; --           ;
; R10      ;            ; --             ; VCC                             ; power  ;              ; 1.1V                ; --           ;                 ; --       ; --           ;
; R11      ;            ;                ; GND                             ; gnd    ;              ;                     ; --           ;                 ; --       ; --           ;
; R12      ;            ; --             ; VCC                             ; power  ;              ; 1.1V                ; --           ;                 ; --       ; --           ;
; R13      ;            ;                ; GND                             ; gnd    ;              ;                     ; --           ;                 ; --       ; --           ;
; R14      ;            ; --             ; VCC                             ; power  ;              ; 1.1V                ; --           ;                 ; --       ; --           ;
; R15      ;            ;                ; GND                             ; gnd    ;              ;                     ; --           ;                 ; --       ; --           ;
; R16      ;            ; --             ; VCC_HPS                         ; power  ;              ; 1.1V                ; --           ;                 ; --       ; --           ;
; R17      ;            ;                ; GND                             ; gnd    ;              ;                     ; --           ;                 ; --       ; --           ;
; R18      ; 302        ; 6B             ; RESERVED_INPUT_WITH_WEAK_PULLUP ;        ;              ;                     ; Row I/O      ;                 ; no       ; On           ;
; R19      ; 300        ; 6B             ; RESERVED_INPUT_WITH_WEAK_PULLUP ;        ;              ;                     ; Row I/O      ;                 ; no       ; On           ;
; R20      ;            ; 6A, 6B         ; VCCPD6A6B_HPS                   ; power  ;              ; 2.5V                ; --           ;                 ; --       ; --           ;
; R21      ; 286        ; 6B             ; RESERVED_INPUT_WITH_WEAK_PULLUP ;        ;              ;                     ; Row I/O      ;                 ; no       ; On           ;
; R22      ; 284        ; 6B             ; RESERVED_INPUT_WITH_WEAK_PULLUP ;        ;              ;                     ; Row I/O      ;                 ; no       ; On           ;
; R23      ;            ; 6A, 6B         ; VCCPD6A6B_HPS                   ; power  ;              ; 2.5V                ; --           ;                 ; --       ; --           ;
; R24      ; 272        ; 6B             ; RESERVED_INPUT_WITH_WEAK_PULLUP ;        ;              ;                     ; Row I/O      ;                 ; no       ; On           ;
; R25      ;            ; 6B             ; VCCIO6B_HPS                     ; power  ;              ; 2.5V                ; --           ;                 ; --       ; --           ;
; R26      ; 280        ; 6B             ; RESERVED_INPUT_WITH_WEAK_PULLUP ;        ;              ;                     ; Row I/O      ;                 ; no       ; On           ;
; R27      ; 282        ; 6B             ; RESERVED_INPUT_WITH_WEAK_PULLUP ;        ;              ;                     ; Row I/O      ;                 ; no       ; On           ;
; R28      ; 293        ; 6B             ; RESERVED_INPUT_WITH_WEAK_PULLUP ;        ;              ;                     ; Row I/O      ;                 ; no       ; On           ;
; R29      ; 295        ; 6B             ; RESERVED_INPUT_WITH_WEAK_PULLUP ;        ;              ;                     ; Row I/O      ;                 ; no       ; On           ;
; R30      ;            ;                ; GND                             ; gnd    ;              ;                     ; --           ;                 ; --       ; --           ;
; T1       ;            ;                ; GND                             ; gnd    ;              ;                     ; --           ;                 ; --       ; --           ;
; T2       ;            ;                ; GND                             ; gnd    ;              ;                     ; --           ;                 ; --       ; --           ;
; T3       ; 20         ; B1L            ; GXB_NC                          ;        ;              ;                     ; --           ;                 ; --       ; --           ;
; T4       ; 21         ; B1L            ; GXB_NC                          ;        ;              ;                     ; --           ;                 ; --       ; --           ;
; T5       ;            ;                ; GND                             ; gnd    ;              ;                     ; --           ;                 ; --       ; --           ;
; T6       ;            ; --             ; VCCE_GXBL                       ; power  ;              ; 1.1V                ; --           ;                 ; --       ; --           ;
; T7       ;            ;                ; GND                             ; gnd    ;              ;                     ; --           ;                 ; --       ; --           ;
; T8       ; 14         ; B1L            ; GND                             ;        ;              ;                     ; Row I/O      ;                 ; --       ; --           ;
; T9       ; 15         ; B1L            ; GND                             ;        ;              ;                     ; Row I/O      ;                 ; --       ; --           ;
; T10      ;            ;                ; GND                             ; gnd    ;              ;                     ; --           ;                 ; --       ; --           ;
; T11      ;            ; --             ; VCC                             ; power  ;              ; 1.1V                ; --           ;                 ; --       ; --           ;
; T12      ;            ;                ; GND                             ; gnd    ;              ;                     ; --           ;                 ; --       ; --           ;
; T13      ;            ; --             ; VCC                             ; power  ;              ; 1.1V                ; --           ;                 ; --       ; --           ;
; T14      ;            ;                ; GND                             ; gnd    ;              ;                     ; --           ;                 ; --       ; --           ;
; T15      ;            ;                ; GND                             ; gnd    ;              ;                     ; --           ;                 ; --       ; --           ;
; T16      ;            ;                ; GND                             ; gnd    ;              ;                     ; --           ;                 ; --       ; --           ;
; T17      ;            ; --             ; VCC_HPS                         ; power  ;              ; 1.1V                ; --           ;                 ; --       ; --           ;
; T18      ;            ;                ; GND                             ; gnd    ;              ;                     ; --           ;                 ; --       ; --           ;
; T19      ;            ; --             ; VCC_HPS                         ; power  ;              ; 1.1V                ; --           ;                 ; --       ; --           ;
; T20      ;            ;                ; GND                             ; gnd    ;              ;                     ; --           ;                 ; --       ; --           ;
; T21      ; 278        ; 6B             ; RESERVED_INPUT_WITH_WEAK_PULLUP ;        ;              ;                     ; Row I/O      ;                 ; no       ; On           ;
; T22      ;            ; 6B             ; VCCIO6B_HPS                     ; power  ;              ; 2.5V                ; --           ;                 ; --       ; --           ;
; T23      ; 270        ; 6B             ; RESERVED_INPUT_WITH_WEAK_PULLUP ;        ;              ;                     ; Row I/O      ;                 ; no       ; On           ;
; T24      ; 268        ; 6B             ; RESERVED_INPUT_WITH_WEAK_PULLUP ;        ;              ;                     ; Row I/O      ;                 ; no       ; On           ;
; T25      ; 266        ; 6B             ; RESERVED_INPUT_WITH_WEAK_PULLUP ;        ;              ;                     ; Row I/O      ;                 ; no       ; On           ;
; T26      ; 304        ; 6B             ; RESERVED_INPUT_WITH_WEAK_PULLUP ;        ;              ;                     ; Row I/O      ;                 ; no       ; On           ;
; T27      ;            ;                ; GND                             ; gnd    ;              ;                     ; --           ;                 ; --       ; --           ;
; T28      ; 287        ; 6B             ; RESERVED_INPUT_WITH_WEAK_PULLUP ;        ;              ;                     ; Row I/O      ;                 ; no       ; On           ;
; T29      ; 289        ; 6B             ; RESERVED_INPUT_WITH_WEAK_PULLUP ;        ;              ;                     ; Row I/O      ;                 ; no       ; On           ;
; T30      ; 291        ; 6B             ; RESERVED_INPUT_WITH_WEAK_PULLUP ;        ;              ;                     ; Row I/O      ;                 ; no       ; On           ;
; U1       ; 23         ; B1L            ; GND                             ;        ;              ;                     ; --           ;                 ; --       ; --           ;
; U2       ; 22         ; B1L            ; GND                             ;        ;              ;                     ; --           ;                 ; --       ; --           ;
; U3       ;            ;                ; GND                             ; gnd    ;              ;                     ; --           ;                 ; --       ; --           ;
; U4       ;            ;                ; GND                             ; gnd    ;              ;                     ; --           ;                 ; --       ; --           ;
; U5       ;            ; --             ; VCCE_GXBL                       ; power  ;              ; 1.1V                ; --           ;                 ; --       ; --           ;
; U6       ;            ;                ; GND                             ; gnd    ;              ;                     ; --           ;                 ; --       ; --           ;
; U7       ; 50         ; 3A             ; ^DCLK                           ;        ;              ;                     ; Weak Pull Up ;                 ; --       ; On           ;
; U8       ; 48         ; 3A             ; #TDI                            ; input  ;              ;                     ; --           ;                 ; --       ; --           ;
; U9       ;            ;                ; GND                             ; gnd    ;              ;                     ; --           ;                 ; --       ; --           ;
; U10      ;            ; --             ; VCC                             ; power  ;              ; 1.1V                ; --           ;                 ; --       ; --           ;
; U11      ;            ;                ; GND                             ; gnd    ;              ;                     ; --           ;                 ; --       ; --           ;
; U12      ;            ; --             ; VCC                             ; power  ;              ; 1.1V                ; --           ;                 ; --       ; --           ;
; U13      ;            ;                ; GND                             ; gnd    ;              ;                     ; --           ;                 ; --       ; --           ;
; U14      ;            ; --             ; VCC                             ; power  ;              ; 1.1V                ; --           ;                 ; --       ; --           ;
; U15      ;            ;                ; GND                             ; gnd    ;              ;                     ; --           ;                 ; --       ; --           ;
; U16      ;            ; --             ; VCC_HPS                         ; power  ;              ; 1.1V                ; --           ;                 ; --       ; --           ;
; U17      ;            ;                ; GND                             ; gnd    ;              ;                     ; --           ;                 ; --       ; --           ;
; U18      ;            ; --             ; VCC_HPS                         ; power  ;              ; 1.1V                ; --           ;                 ; --       ; --           ;
; U19      ;            ; 6B             ; VCCIO6B_HPS                     ; power  ;              ; 2.5V                ; --           ;                 ; --       ; --           ;
; U20      ; 276        ; 6B             ; RESERVED_INPUT_WITH_WEAK_PULLUP ;        ;              ;                     ; Row I/O      ;                 ; no       ; On           ;
; U21      ;            ; --             ; VCC                             ; power  ;              ; 1.1V                ; --           ;                 ; --       ; --           ;
; U22      ;            ;                ; GND                             ; gnd    ;              ;                     ; --           ;                 ; --       ; --           ;
; U23      ;            ; 5B             ; VCCPD5B                         ; power  ;              ; 2.5V                ; --           ;                 ; --       ; --           ;
; U24      ;            ;                ; GND                             ; gnd    ;              ;                     ; --           ;                 ; --       ; --           ;
; U25      ; 264        ; 6B             ; RESERVED_INPUT_WITH_WEAK_PULLUP ;        ;              ;                     ; Row I/O      ;                 ; no       ; On           ;
; U26      ; 306        ; 6B             ; RESERVED_INPUT_WITH_WEAK_PULLUP ;        ;              ;                     ; Row I/O      ;                 ; no       ; On           ;
; U27      ; 273        ; 6B             ; RESERVED_INPUT_WITH_WEAK_PULLUP ;        ;              ;                     ; Row I/O      ;                 ; no       ; On           ;
; U28      ; 285        ; 6B             ; RESERVED_INPUT_WITH_WEAK_PULLUP ;        ;              ;                     ; Row I/O      ;                 ; no       ; On           ;
; U29      ;            ;                ; GND                             ; gnd    ;              ;                     ; --           ;                 ; --       ; --           ;
; U30      ; 283        ; 6B             ; RESERVED_INPUT_WITH_WEAK_PULLUP ;        ;              ;                     ; Row I/O      ;                 ; --       ; --           ;
; V1       ;            ;                ; GND                             ; gnd    ;              ;                     ; --           ;                 ; --       ; --           ;
; V2       ;            ;                ; GND                             ; gnd    ;              ;                     ; --           ;                 ; --       ; --           ;
; V3       ; 24         ; B1L            ; GXB_NC                          ;        ;              ;                     ; --           ;                 ; --       ; --           ;
; V4       ; 25         ; B1L            ; GXB_NC                          ;        ;              ;                     ; --           ;                 ; --       ; --           ;
; V5       ;            ;                ; GND                             ; gnd    ;              ;                     ; --           ;                 ; --       ; --           ;
; V6       ;            ; --             ; VCCH_GXBL                       ; power  ;              ; 2.5V                ; --           ;                 ; --       ; --           ;
; V7       ;            ;                ; GND                             ; gnd    ;              ;                     ; --           ;                 ; --       ; --           ;
; V8       ;            ; --             ; VCCA_FPLL                       ; power  ;              ; 2.5V                ; --           ;                 ; --       ; --           ;
; V9       ; 44         ; 3A             ; #TMS                            ; input  ;              ;                     ; --           ;                 ; --       ; --           ;
; V10      ;            ;                ; GND                             ; gnd    ;              ;                     ; --           ;                 ; --       ; --           ;
; V11      ;            ; --             ; VCC                             ; power  ;              ; 1.1V                ; --           ;                 ; --       ; --           ;
; V12      ;            ;                ; GND                             ; gnd    ;              ;                     ; --           ;                 ; --       ; --           ;
; V13      ;            ; --             ; VCC                             ; power  ;              ; 1.1V                ; --           ;                 ; --       ; --           ;
; V14      ;            ;                ; GND                             ; gnd    ;              ;                     ; --           ;                 ; --       ; --           ;
; V15      ;            ; --             ; VCC                             ; power  ;              ; 1.1V                ; --           ;                 ; --       ; --           ;
; V16      ; 138        ; 4A             ; RESERVED_INPUT_WITH_WEAK_PULLUP ;        ;              ;                     ; Column I/O   ;                 ; no       ; On           ;
; V17      ; 154        ; 4A             ; RESERVED_INPUT_WITH_WEAK_PULLUP ;        ;              ;                     ; Column I/O   ;                 ; no       ; On           ;
; V18      ; 194        ; 4A             ; RESERVED_INPUT_WITH_WEAK_PULLUP ;        ;              ;                     ; Column I/O   ;                 ; no       ; On           ;
; V19      ;            ;                ; GND                             ; gnd    ;              ;                     ; --           ;                 ; --       ; --           ;
; V20      ; 292        ; 6B             ; RESERVED_INPUT_WITH_WEAK_PULLUP ;        ;              ;                     ; Row I/O      ;                 ; no       ; On           ;
; V21      ;            ;                ; GND                             ; gnd    ;              ;                     ; --           ;                 ; --       ; --           ;
; V22      ;            ; 5A             ; VCCPD5A                         ; power  ;              ; 3.3V                ; --           ;                 ; --       ; --           ;
; V23      ; 236        ; 5A             ; RESERVED_INPUT_WITH_WEAK_PULLUP ;        ;              ;                     ; Row I/O      ;                 ; no       ; On           ;
; V24      ;            ; 5A             ; VCCPD5A                         ; power  ;              ; 3.3V                ; --           ;                 ; --       ; --           ;
; V25      ; 246        ; 5B             ; RESERVED_INPUT_WITH_WEAK_PULLUP ;        ;              ;                     ; Row I/O      ;                 ; no       ; On           ;
; V26      ;            ; 6B             ; VCCIO6B_HPS                     ; power  ;              ; 2.5V                ; --           ;                 ; --       ; --           ;
; V27      ; 265        ; 6B             ; RESERVED_INPUT_WITH_WEAK_PULLUP ;        ;              ;                     ; Row I/O      ;                 ; no       ; On           ;
; V28      ; 271        ; 6B             ; RESERVED_INPUT_WITH_WEAK_PULLUP ;        ;              ;                     ; Row I/O      ;                 ; no       ; On           ;
; V29      ; 275        ; 6B             ; RESERVED_INPUT_WITH_WEAK_PULLUP ;        ;              ;                     ; Row I/O      ;                 ; no       ; On           ;
; V30      ; 281        ; 6B             ; RESERVED_INPUT_WITH_WEAK_PULLUP ;        ;              ;                     ; Row I/O      ;                 ; no       ; On           ;
; W1       ; 27         ; B1L            ; GND                             ;        ;              ;                     ; --           ;                 ; --       ; --           ;
; W2       ; 26         ; B1L            ; GND                             ;        ;              ;                     ; --           ;                 ; --       ; --           ;
; W3       ;            ;                ; GND                             ; gnd    ;              ;                     ; --           ;                 ; --       ; --           ;
; W4       ;            ;                ; GND                             ; gnd    ;              ;                     ; --           ;                 ; --       ; --           ;
; W5       ;            ; --             ; VCCL_GXBL                       ; power  ;              ; 1.1V                ; --           ;                 ; --       ; --           ;
; W6       ;            ;                ; GND                             ; gnd    ;              ;                     ; --           ;                 ; --       ; --           ;
; W7       ; 41         ; B0L            ; GND                             ;        ;              ;                     ; Row I/O      ;                 ; --       ; --           ;
; W8       ; 40         ; B0L            ; GND                             ;        ;              ;                     ; Row I/O      ;                 ; --       ; --           ;
; W9       ;            ;                ; GND                             ; gnd    ;              ;                     ; --           ;                 ; --       ; --           ;
; W10      ;            ; --             ; VCC                             ; power  ;              ; 1.1V                ; --           ;                 ; --       ; --           ;
; W11      ;            ;                ; GND                             ; gnd    ;              ;                     ; --           ;                 ; --       ; --           ;
; W12      ;            ; --             ; VCC                             ; power  ;              ; 1.1V                ; --           ;                 ; --       ; --           ;
; W13      ;            ;                ; GND                             ; gnd    ;              ;                     ; --           ;                 ; --       ; --           ;
; W14      ;            ; --             ; VCC                             ; power  ;              ; 1.1V                ; --           ;                 ; --       ; --           ;
; W15      ; 130        ; 3B             ; RESERVED_INPUT_WITH_WEAK_PULLUP ;        ;              ;                     ; Column I/O   ;                 ; no       ; On           ;
; W16      ; 136        ; 4A             ; RESERVED_INPUT_WITH_WEAK_PULLUP ;        ;              ;                     ; Column I/O   ;                 ; no       ; On           ;
; W17      ; 152        ; 4A             ; RESERVED_INPUT_WITH_WEAK_PULLUP ;        ;              ;                     ; Column I/O   ;                 ; no       ; On           ;
; W18      ;            ;                ; GND                             ; gnd    ;              ;                     ; --           ;                 ; --       ; --           ;
; W19      ; 192        ; 4A             ; RESERVED_INPUT_WITH_WEAK_PULLUP ;        ;              ;                     ; Column I/O   ;                 ; no       ; On           ;
; W20      ; 217        ; 5A             ; RESERVED_INPUT_WITH_WEAK_PULLUP ;        ;              ;                     ; Row I/O      ;                 ; no       ; On           ;
; W21      ; 221        ; 5A             ; RESERVED_INPUT_WITH_WEAK_PULLUP ;        ;              ;                     ; Row I/O      ;                 ; no       ; On           ;
; W22      ; 223        ; 5A             ; RESERVED_INPUT_WITH_WEAK_PULLUP ;        ;              ;                     ; Row I/O      ;                 ; no       ; On           ;
; W23      ;            ; 5A             ; VCCIO5A                         ; power  ;              ; 3.3V                ; --           ;                 ; --       ; --           ;
; W24      ; 238        ; 5A             ; RESERVED_INPUT_WITH_WEAK_PULLUP ;        ;              ;                     ; Row I/O      ;                 ; no       ; On           ;
; W25      ; 244        ; 5B             ; RESERVED_INPUT_WITH_WEAK_PULLUP ;        ;              ;                     ; Row I/O      ;                 ; no       ; On           ;
; W26      ; 274        ; 6B             ; RESERVED_INPUT_WITH_WEAK_PULLUP ;        ;              ;                     ; Row I/O      ;                 ; no       ; On           ;
; W27      ; 261        ; 6B             ; RESERVED_INPUT_WITH_WEAK_PULLUP ;        ;              ;                     ; Row I/O      ;                 ; no       ; On           ;
; W28      ;            ;                ; GND                             ; gnd    ;              ;                     ; --           ;                 ; --       ; --           ;
; W29      ; 279        ; 6B             ; RESERVED_INPUT_WITH_WEAK_PULLUP ;        ;              ;                     ; Row I/O      ;                 ; no       ; On           ;
; W30      ; 277        ; 6B             ; RESERVED_INPUT_WITH_WEAK_PULLUP ;        ;              ;                     ; Row I/O      ;                 ; no       ; On           ;
; Y1       ;            ;                ; GND                             ; gnd    ;              ;                     ; --           ;                 ; --       ; --           ;
; Y2       ;            ;                ; GND                             ; gnd    ;              ;                     ; --           ;                 ; --       ; --           ;
; Y3       ; 28         ; B0L            ; GXB_NC                          ;        ;              ;                     ; --           ;                 ; --       ; --           ;
; Y4       ; 29         ; B0L            ; GXB_NC                          ;        ;              ;                     ; --           ;                 ; --       ; --           ;
; Y5       ;            ;                ; GND                             ; gnd    ;              ;                     ; --           ;                 ; --       ; --           ;
; Y6       ;            ; --             ; VCCE_GXBL                       ; power  ;              ; 1.1V                ; --           ;                 ; --       ; --           ;
; Y7       ;            ;                ; GND                             ; gnd    ;              ;                     ; --           ;                 ; --       ; --           ;
; Y8       ;            ;                ; GND                             ; gnd    ;              ;                     ; --           ;                 ; --       ; --           ;
; Y9       ;            ; --             ; VCC                             ; power  ;              ; 1.1V                ; --           ;                 ; --       ; --           ;
; Y10      ;            ;                ; GND                             ; gnd    ;              ;                     ; --           ;                 ; --       ; --           ;
; Y11      ;            ; --             ; VCC                             ; power  ;              ; 1.1V                ; --           ;                 ; --       ; --           ;
; Y12      ;            ;                ; GND                             ; gnd    ;              ;                     ; --           ;                 ; --       ; --           ;
; Y13      ;            ; --             ; VCC                             ; power  ;              ; 1.1V                ; --           ;                 ; --       ; --           ;
; Y14      ;            ;                ; GND                             ; gnd    ;              ;                     ; --           ;                 ; --       ; --           ;
; Y15      ;            ;                ; GND                             ; gnd    ;              ;                     ; --           ;                 ; --       ; --           ;
; Y16      ; 128        ; 3B             ; RESERVED_INPUT_WITH_WEAK_PULLUP ;        ;              ;                     ; Column I/O   ;                 ; no       ; On           ;
; Y17      ; 170        ; 4A             ; RESERVED_INPUT_WITH_WEAK_PULLUP ;        ;              ;                     ; Column I/O   ;                 ; no       ; On           ;
; Y18      ; 178        ; 4A             ; RESERVED_INPUT_WITH_WEAK_PULLUP ;        ;              ;                     ; Column I/O   ;                 ; no       ; On           ;
; Y19      ; 202        ; 4A             ; RESERVED_INPUT_WITH_WEAK_PULLUP ;        ;              ;                     ; Column I/O   ;                 ; no       ; On           ;
; Y20      ;            ;                ; GND                             ; gnd    ;              ;                     ; --           ;                 ; --       ; --           ;
; Y21      ; 219        ; 5A             ; RESERVED_INPUT_WITH_WEAK_PULLUP ;        ;              ;                     ; Row I/O      ;                 ; no       ; On           ;
; Y22      ;            ; --             ; VCCA_FPLL                       ; power  ;              ; 2.5V                ; --           ;                 ; --       ; --           ;
; Y23      ; 232        ; 5A             ; RESERVED_INPUT_WITH_WEAK_PULLUP ;        ;              ;                     ; Row I/O      ;                 ; no       ; On           ;
; Y24      ; 234        ; 5A             ; RESERVED_INPUT_WITH_WEAK_PULLUP ;        ;              ;                     ; Row I/O      ;                 ; no       ; On           ;
; Y25      ;            ;                ; GND                             ; gnd    ;              ;                     ; --           ;                 ; --       ; --           ;
; Y26      ; 256        ; 5B             ; RESERVED_INPUT_WITH_WEAK_PULLUP ;        ;              ;                     ; Row I/O      ;                 ; no       ; On           ;
; Y27      ; 258        ; 5B             ; RESERVED_INPUT_WITH_WEAK_PULLUP ;        ;              ;                     ; Row I/O      ;                 ; no       ; On           ;
; Y28      ; 269        ; 6B             ; RESERVED_INPUT_WITH_WEAK_PULLUP ;        ;              ;                     ; Row I/O      ;                 ; no       ; On           ;
; Y29      ; 263        ; 6B             ; RESERVED_INPUT_WITH_WEAK_PULLUP ;        ;              ;                     ; Row I/O      ;                 ; no       ; On           ;
; Y30      ;            ;                ; GND                             ; gnd    ;              ;                     ; --           ;                 ; --       ; --           ;
+----------+------------+----------------+---------------------------------+--------+--------------+---------------------+--------------+-----------------+----------+--------------+
Note: Pin directions (input, output or bidir) are based on device operating in user mode.


+-------------------------------------------------+
; I/O Assignment Warnings                         ;
+----------+--------------------------------------+
; Pin Name ; Reason                               ;
+----------+--------------------------------------+
; LEDR[0]  ; Missing drive strength and slew rate ;
; LEDR[1]  ; Missing drive strength and slew rate ;
; LEDR[2]  ; Missing drive strength and slew rate ;
; LEDR[3]  ; Missing drive strength and slew rate ;
+----------+--------------------------------------+


+-------------------------------------------------------------------------------------------------------------------------------------------------------------------------------------------------------------------------------------------------------------------------------------------------------------------------------------------------------------------------------------------------------------------------------------------------------------------------------------------------------+
; Fitter Resource Utilization by Entity                                                                                                                                                                                                                                                                                                                                                                                                                                                                 ;
+----------------------------------------------+----------------------+----------------------------------+---------------------------------------------------+----------------------------------+----------------------+---------------------+---------------------------+---------------+-------------------+-------+------------+------+--------------+--------------------------------------------------------------------------------------------------------------+-----------------+--------------+
; Compilation Hierarchy Node                   ; ALMs needed [=A-B+C] ; [A] ALMs used in final placement ; [B] Estimate of ALMs recoverable by dense packing ; [C] Estimate of ALMs unavailable ; ALMs used for memory ; Combinational ALUTs ; Dedicated Logic Registers ; I/O Registers ; Block Memory Bits ; M10Ks ; DSP Blocks ; Pins ; Virtual Pins ; Full Hierarchy Name                                                                                          ; Entity Name     ; Library Name ;
+----------------------------------------------+----------------------+----------------------------------+---------------------------------------------------+----------------------------------+----------------------+---------------------+---------------------------+---------------+-------------------+-------+------------+------+--------------+--------------------------------------------------------------------------------------------------------------+-----------------+--------------+
; |cnn_fpga_top                                ; 1144.5 (1.0)         ; 1171.5 (1.5)                     ; 46.0 (0.7)                                        ; 19.0 (0.1)                       ; 0.0 (0.0)            ; 1990 (2)            ; 889 (2)                   ; 0 (0)         ; 455104            ; 71    ; 13         ; 6    ; 0            ; |cnn_fpga_top                                                                                                ; cnn_fpga_top    ; work         ;
;    |cnn_small_core:u_core|                   ; 1143.5 (1143.5)      ; 1170.0 (1170.0)                  ; 45.3 (45.3)                                       ; 18.9 (18.9)                      ; 0.0 (0.0)            ; 1988 (1988)         ; 887 (887)                 ; 0 (0)         ; 455104            ; 71    ; 13         ; 0    ; 0            ; |cnn_fpga_top|cnn_small_core:u_core                                                                          ; cnn_small_core  ; work         ;
;       |cnn_sp_ram:c1_ram|                    ; 0.0 (0.0)            ; 0.0 (0.0)                        ; 0.0 (0.0)                                         ; 0.0 (0.0)                        ; 0.0 (0.0)            ; 0 (0)               ; 0 (0)                     ; 0 (0)         ; 200704            ; 32    ; 0          ; 0    ; 0            ; |cnn_fpga_top|cnn_small_core:u_core|cnn_sp_ram:c1_ram                                                        ; cnn_sp_ram      ; work         ;
;          |altsyncram:mem_rtl_0|              ; 0.0 (0.0)            ; 0.0 (0.0)                        ; 0.0 (0.0)                                         ; 0.0 (0.0)                        ; 0.0 (0.0)            ; 0 (0)               ; 0 (0)                     ; 0 (0)         ; 200704            ; 32    ; 0          ; 0    ; 0            ; |cnn_fpga_top|cnn_small_core:u_core|cnn_sp_ram:c1_ram|altsyncram:mem_rtl_0                                   ; altsyncram      ; work         ;
;             |altsyncram_p9p1:auto_generated| ; 0.0 (0.0)            ; 0.0 (0.0)                        ; 0.0 (0.0)                                         ; 0.0 (0.0)                        ; 0.0 (0.0)            ; 0 (0)               ; 0 (0)                     ; 0 (0)         ; 200704            ; 32    ; 0          ; 0    ; 0            ; |cnn_fpga_top|cnn_small_core:u_core|cnn_sp_ram:c1_ram|altsyncram:mem_rtl_0|altsyncram_p9p1:auto_generated    ; altsyncram_p9p1 ; work         ;
;       |cnn_sp_ram:c1w_ram|                   ; 0.0 (0.0)            ; 0.0 (0.0)                        ; 0.0 (0.0)                                         ; 0.0 (0.0)                        ; 0.0 (0.0)            ; 0 (0)               ; 0 (0)                     ; 0 (0)         ; 576               ; 1     ; 0          ; 0    ; 0            ; |cnn_fpga_top|cnn_small_core:u_core|cnn_sp_ram:c1w_ram                                                       ; cnn_sp_ram      ; work         ;
;          |altsyncram:mem_rtl_0|              ; 0.0 (0.0)            ; 0.0 (0.0)                        ; 0.0 (0.0)                                         ; 0.0 (0.0)                        ; 0.0 (0.0)            ; 0 (0)               ; 0 (0)                     ; 0 (0)         ; 576               ; 1     ; 0          ; 0    ; 0            ; |cnn_fpga_top|cnn_small_core:u_core|cnn_sp_ram:c1w_ram|altsyncram:mem_rtl_0                                  ; altsyncram      ; work         ;
;             |altsyncram_mvf1:auto_generated| ; 0.0 (0.0)            ; 0.0 (0.0)                        ; 0.0 (0.0)                                         ; 0.0 (0.0)                        ; 0.0 (0.0)            ; 0 (0)               ; 0 (0)                     ; 0 (0)         ; 576               ; 1     ; 0          ; 0    ; 0            ; |cnn_fpga_top|cnn_small_core:u_core|cnn_sp_ram:c1w_ram|altsyncram:mem_rtl_0|altsyncram_mvf1:auto_generated   ; altsyncram_mvf1 ; work         ;
;       |cnn_sp_ram:c2_ram|                    ; 0.0 (0.0)            ; 0.0 (0.0)                        ; 0.0 (0.0)                                         ; 0.0 (0.0)                        ; 0.0 (0.0)            ; 0 (0)               ; 0 (0)                     ; 0 (0)         ; 100352            ; 16    ; 0          ; 0    ; 0            ; |cnn_fpga_top|cnn_small_core:u_core|cnn_sp_ram:c2_ram                                                        ; cnn_sp_ram      ; work         ;
;          |altsyncram:mem_rtl_0|              ; 0.0 (0.0)            ; 0.0 (0.0)                        ; 0.0 (0.0)                                         ; 0.0 (0.0)                        ; 0.0 (0.0)            ; 0 (0)               ; 0 (0)                     ; 0 (0)         ; 100352            ; 16    ; 0          ; 0    ; 0            ; |cnn_fpga_top|cnn_small_core:u_core|cnn_sp_ram:c2_ram|altsyncram:mem_rtl_0                                   ; altsyncram      ; work         ;
;             |altsyncram_f9p1:auto_generated| ; 0.0 (0.0)            ; 0.0 (0.0)                        ; 0.0 (0.0)                                         ; 0.0 (0.0)                        ; 0.0 (0.0)            ; 0 (0)               ; 0 (0)                     ; 0 (0)         ; 100352            ; 16    ; 0          ; 0    ; 0            ; |cnn_fpga_top|cnn_small_core:u_core|cnn_sp_ram:c2_ram|altsyncram:mem_rtl_0|altsyncram_f9p1:auto_generated    ; altsyncram_f9p1 ; work         ;
;       |cnn_sp_ram:c2w_ram|                   ; 0.0 (0.0)            ; 0.0 (0.0)                        ; 0.0 (0.0)                                         ; 0.0 (0.0)                        ; 0.0 (0.0)            ; 0 (0)               ; 0 (0)                     ; 0 (0)         ; 9216              ; 2     ; 0          ; 0    ; 0            ; |cnn_fpga_top|cnn_small_core:u_core|cnn_sp_ram:c2w_ram                                                       ; cnn_sp_ram      ; work         ;
;          |altsyncram:mem_rtl_0|              ; 0.0 (0.0)            ; 0.0 (0.0)                        ; 0.0 (0.0)                                         ; 0.0 (0.0)                        ; 0.0 (0.0)            ; 0 (0)               ; 0 (0)                     ; 0 (0)         ; 9216              ; 2     ; 0          ; 0    ; 0            ; |cnn_fpga_top|cnn_small_core:u_core|cnn_sp_ram:c2w_ram|altsyncram:mem_rtl_0                                  ; altsyncram      ; work         ;
;             |altsyncram_q0g1:auto_generated| ; 0.0 (0.0)            ; 0.0 (0.0)                        ; 0.0 (0.0)                                         ; 0.0 (0.0)                        ; 0.0 (0.0)            ; 0 (0)               ; 0 (0)                     ; 0 (0)         ; 9216              ; 2     ; 0          ; 0    ; 0            ; |cnn_fpga_top|cnn_small_core:u_core|cnn_sp_ram:c2w_ram|altsyncram:mem_rtl_0|altsyncram_q0g1:auto_generated   ; altsyncram_q0g1 ; work         ;
;       |cnn_sp_ram:fcw_ram|                   ; 0.0 (0.0)            ; 0.0 (0.0)                        ; 0.0 (0.0)                                         ; 0.0 (0.0)                        ; 0.0 (0.0)            ; 0 (0)               ; 0 (0)                     ; 0 (0)         ; 62720             ; 8     ; 0          ; 0    ; 0            ; |cnn_fpga_top|cnn_small_core:u_core|cnn_sp_ram:fcw_ram                                                       ; cnn_sp_ram      ; work         ;
;          |altsyncram:mem_rtl_0|              ; 0.0 (0.0)            ; 0.0 (0.0)                        ; 0.0 (0.0)                                         ; 0.0 (0.0)                        ; 0.0 (0.0)            ; 0 (0)               ; 0 (0)                     ; 0 (0)         ; 62720             ; 8     ; 0          ; 0    ; 0            ; |cnn_fpga_top|cnn_small_core:u_core|cnn_sp_ram:fcw_ram|altsyncram:mem_rtl_0                                  ; altsyncram      ; work         ;
;             |altsyncram_q4g1:auto_generated| ; 0.0 (0.0)            ; 0.0 (0.0)                        ; 0.0 (0.0)                                         ; 0.0 (0.0)                        ; 0.0 (0.0)            ; 0 (0)               ; 0 (0)                     ; 0 (0)         ; 62720             ; 8     ; 0          ; 0    ; 0            ; |cnn_fpga_top|cnn_small_core:u_core|cnn_sp_ram:fcw_ram|altsyncram:mem_rtl_0|altsyncram_q4g1:auto_generated   ; altsyncram_q4g1 ; work         ;
;       |cnn_sp_ram:image_ram|                 ; 0.0 (0.0)            ; 0.0 (0.0)                        ; 0.0 (0.0)                                         ; 0.0 (0.0)                        ; 0.0 (0.0)            ; 0 (0)               ; 0 (0)                     ; 0 (0)         ; 6272              ; 1     ; 0          ; 0    ; 0            ; |cnn_fpga_top|cnn_small_core:u_core|cnn_sp_ram:image_ram                                                     ; cnn_sp_ram      ; work         ;
;          |altsyncram:mem_rtl_0|              ; 0.0 (0.0)            ; 0.0 (0.0)                        ; 0.0 (0.0)                                         ; 0.0 (0.0)                        ; 0.0 (0.0)            ; 0 (0)               ; 0 (0)                     ; 0 (0)         ; 6272              ; 1     ; 0          ; 0    ; 0            ; |cnn_fpga_top|cnn_small_core:u_core|cnn_sp_ram:image_ram|altsyncram:mem_rtl_0                                ; altsyncram      ; work         ;
;             |altsyncram_62g1:auto_generated| ; 0.0 (0.0)            ; 0.0 (0.0)                        ; 0.0 (0.0)                                         ; 0.0 (0.0)                        ; 0.0 (0.0)            ; 0 (0)               ; 0 (0)                     ; 0 (0)         ; 6272              ; 1     ; 0          ; 0    ; 0            ; |cnn_fpga_top|cnn_small_core:u_core|cnn_sp_ram:image_ram|altsyncram:mem_rtl_0|altsyncram_62g1:auto_generated ; altsyncram_62g1 ; work         ;
;       |cnn_sp_ram:p1_ram|                    ; 0.0 (0.0)            ; 0.0 (0.0)                        ; 0.0 (0.0)                                         ; 0.0 (0.0)                        ; 0.0 (0.0)            ; 0 (0)               ; 0 (0)                     ; 0 (0)         ; 50176             ; 7     ; 0          ; 0    ; 0            ; |cnn_fpga_top|cnn_small_core:u_core|cnn_sp_ram:p1_ram                                                        ; cnn_sp_ram      ; work         ;
;          |altsyncram:mem_rtl_0|              ; 0.0 (0.0)            ; 0.0 (0.0)                        ; 0.0 (0.0)                                         ; 0.0 (0.0)                        ; 0.0 (0.0)            ; 0 (0)               ; 0 (0)                     ; 0 (0)         ; 50176             ; 7     ; 0          ; 0    ; 0            ; |cnn_fpga_top|cnn_small_core:u_core|cnn_sp_ram:p1_ram|altsyncram:mem_rtl_0                                   ; altsyncram      ; work         ;
;             |altsyncram_r9p1:auto_generated| ; 0.0 (0.0)            ; 0.0 (0.0)                        ; 0.0 (0.0)                                         ; 0.0 (0.0)                        ; 0.0 (0.0)            ; 0 (0)               ; 0 (0)                     ; 0 (0)         ; 50176             ; 7     ; 0          ; 0    ; 0            ; |cnn_fpga_top|cnn_small_core:u_core|cnn_sp_ram:p1_ram|altsyncram:mem_rtl_0|altsyncram_r9p1:auto_generated    ; altsyncram_r9p1 ; work         ;
;       |cnn_sp_ram:p2_ram|                    ; 0.0 (0.0)            ; 0.0 (0.0)                        ; 0.0 (0.0)                                         ; 0.0 (0.0)                        ; 0.0 (0.0)            ; 0 (0)               ; 0 (0)                     ; 0 (0)         ; 25088             ; 4     ; 0          ; 0    ; 0            ; |cnn_fpga_top|cnn_small_core:u_core|cnn_sp_ram:p2_ram                                                        ; cnn_sp_ram      ; work         ;
;          |altsyncram:mem_rtl_0|              ; 0.0 (0.0)            ; 0.0 (0.0)                        ; 0.0 (0.0)                                         ; 0.0 (0.0)                        ; 0.0 (0.0)            ; 0 (0)               ; 0 (0)                     ; 0 (0)         ; 25088             ; 4     ; 0          ; 0    ; 0            ; |cnn_fpga_top|cnn_small_core:u_core|cnn_sp_ram:p2_ram|altsyncram:mem_rtl_0                                   ; altsyncram      ; work         ;
;             |altsyncram_n6p1:auto_generated| ; 0.0 (0.0)            ; 0.0 (0.0)                        ; 0.0 (0.0)                                         ; 0.0 (0.0)                        ; 0.0 (0.0)            ; 0 (0)               ; 0 (0)                     ; 0 (0)         ; 25088             ; 4     ; 0          ; 0    ; 0            ; |cnn_fpga_top|cnn_small_core:u_core|cnn_sp_ram:p2_ram|altsyncram:mem_rtl_0|altsyncram_n6p1:auto_generated    ; altsyncram_n6p1 ; work         ;
+----------------------------------------------+----------------------+----------------------------------+---------------------------------------------------+----------------------------------+----------------------+---------------------+---------------------------+---------------+-------------------+-------+------------+------+--------------+--------------------------------------------------------------------------------------------------------------+-----------------+--------------+
Note: For table entries with two numbers listed, the numbers in parentheses indicate the number of resources of the given type used by the specific entity alone. The numbers listed outside of parentheses indicate the total resources of the given type used by the specific entity and all of its sub-entities in the hierarchy.


+-------------------------------------------------------------------------------------------------------------------------+
; Delay Chain Summary                                                                                                     ;
+----------+----------+----+------+------+----+------+-------+--------+------------------------+--------------------------+
; Name     ; Pin Type ; D1 ; D3_0 ; D3_1 ; D4 ; D5   ; D5 OE ; D5 OCT ; T11 (Postamble Gating) ; T11 (Postamble Ungating) ;
+----------+----------+----+------+------+----+------+-------+--------+------------------------+--------------------------+
; LEDR[0]  ; Output   ; -- ; --   ; --   ; -- ; (0)  ; (31)  ; --     ; --                     ; --                       ;
; LEDR[1]  ; Output   ; -- ; --   ; --   ; -- ; (0)  ; (31)  ; --     ; --                     ; --                       ;
; LEDR[2]  ; Output   ; -- ; --   ; --   ; -- ; (0)  ; (31)  ; --     ; --                     ; --                       ;
; LEDR[3]  ; Output   ; -- ; --   ; --   ; -- ; (0)  ; (31)  ; --     ; --                     ; --                       ;
; KEY[0]   ; Input    ; -- ; --   ; (7)  ; -- ; --   ; --    ; --     ; --                     ; --                       ;
; CLOCK_50 ; Input    ; -- ; (0)  ; --   ; -- ; --   ; --    ; --     ; --                     ; --                       ;
+----------+----------+----+------+------+----+------+-------+--------+------------------------+--------------------------+


+-----------------------------------------------------------------------------------+
; Pad To Core Delay Chain Fanout                                                    ;
+-----------------------------------------------------+-------------------+---------+
; Source Pin / Fanout                                 ; Pad To Core Index ; Setting ;
+-----------------------------------------------------+-------------------+---------+
; KEY[0]                                              ;                   ;         ;
;      - cnn_small_core:u_core|best_value[52]         ; 1                 ; 7       ;
;      - cnn_small_core:u_core|best_value[53]         ; 1                 ; 7       ;
;      - cnn_small_core:u_core|best_value[51]         ; 1                 ; 7       ;
;      - cnn_small_core:u_core|best_value[50]         ; 1                 ; 7       ;
;      - cnn_small_core:u_core|best_value[49]         ; 1                 ; 7       ;
;      - cnn_small_core:u_core|best_value[48]         ; 1                 ; 7       ;
;      - cnn_small_core:u_core|best_value[47]         ; 1                 ; 7       ;
;      - cnn_small_core:u_core|best_value[46]         ; 1                 ; 7       ;
;      - cnn_small_core:u_core|best_value[45]         ; 1                 ; 7       ;
;      - cnn_small_core:u_core|best_value[44]         ; 1                 ; 7       ;
;      - cnn_small_core:u_core|best_value[43]         ; 1                 ; 7       ;
;      - cnn_small_core:u_core|best_value[42]         ; 1                 ; 7       ;
;      - cnn_small_core:u_core|best_value[41]         ; 1                 ; 7       ;
;      - cnn_small_core:u_core|best_value[62]         ; 1                 ; 7       ;
;      - cnn_small_core:u_core|best_value[4]          ; 1                 ; 7       ;
;      - cnn_small_core:u_core|best_value[3]          ; 1                 ; 7       ;
;      - cnn_small_core:u_core|best_value[2]          ; 1                 ; 7       ;
;      - cnn_small_core:u_core|best_value[1]          ; 1                 ; 7       ;
;      - cnn_small_core:u_core|best_class[0]          ; 1                 ; 7       ;
;      - cnn_small_core:u_core|best_class[1]          ; 1                 ; 7       ;
;      - cnn_small_core:u_core|best_class[2]          ; 1                 ; 7       ;
;      - cnn_small_core:u_core|best_class[3]          ; 1                 ; 7       ;
;      - cnn_small_core:u_core|best_value[5]          ; 1                 ; 7       ;
;      - cnn_small_core:u_core|best_value[61]         ; 1                 ; 7       ;
;      - cnn_small_core:u_core|best_value[60]         ; 1                 ; 7       ;
;      - cnn_small_core:u_core|best_value[59]         ; 1                 ; 7       ;
;      - cnn_small_core:u_core|best_value[58]         ; 1                 ; 7       ;
;      - cnn_small_core:u_core|best_value[57]         ; 1                 ; 7       ;
;      - cnn_small_core:u_core|best_value[56]         ; 1                 ; 7       ;
;      - cnn_small_core:u_core|best_value[55]         ; 1                 ; 7       ;
;      - cnn_small_core:u_core|best_value[54]         ; 1                 ; 7       ;
;      - cnn_small_core:u_core|best_value[14]         ; 1                 ; 7       ;
;      - cnn_small_core:u_core|best_value[22]         ; 1                 ; 7       ;
;      - cnn_small_core:u_core|best_value[21]         ; 1                 ; 7       ;
;      - cnn_small_core:u_core|best_value[20]         ; 1                 ; 7       ;
;      - cnn_small_core:u_core|best_value[19]         ; 1                 ; 7       ;
;      - cnn_small_core:u_core|best_value[18]         ; 1                 ; 7       ;
;      - cnn_small_core:u_core|best_value[17]         ; 1                 ; 7       ;
;      - cnn_small_core:u_core|best_value[16]         ; 1                 ; 7       ;
;      - cnn_small_core:u_core|best_value[15]         ; 1                 ; 7       ;
;      - cnn_small_core:u_core|best_value[39]         ; 1                 ; 7       ;
;      - cnn_small_core:u_core|best_value[13]         ; 1                 ; 7       ;
;      - cnn_small_core:u_core|best_value[12]         ; 1                 ; 7       ;
;      - cnn_small_core:u_core|best_value[11]         ; 1                 ; 7       ;
;      - cnn_small_core:u_core|best_value[10]         ; 1                 ; 7       ;
;      - cnn_small_core:u_core|best_value[9]          ; 1                 ; 7       ;
;      - cnn_small_core:u_core|best_value[8]          ; 1                 ; 7       ;
;      - cnn_small_core:u_core|best_value[7]          ; 1                 ; 7       ;
;      - cnn_small_core:u_core|best_value[6]          ; 1                 ; 7       ;
;      - cnn_small_core:u_core|best_value[24]         ; 1                 ; 7       ;
;      - cnn_small_core:u_core|best_value[36]         ; 1                 ; 7       ;
;      - cnn_small_core:u_core|best_value[37]         ; 1                 ; 7       ;
;      - cnn_small_core:u_core|best_value[38]         ; 1                 ; 7       ;
;      - cnn_small_core:u_core|best_value[40]         ; 1                 ; 7       ;
;      - cnn_small_core:u_core|best_value[23]         ; 1                 ; 7       ;
;      - cnn_small_core:u_core|best_value[35]         ; 1                 ; 7       ;
;      - cnn_small_core:u_core|best_value[34]         ; 1                 ; 7       ;
;      - cnn_small_core:u_core|best_value[33]         ; 1                 ; 7       ;
;      - cnn_small_core:u_core|best_value[32]         ; 1                 ; 7       ;
;      - cnn_small_core:u_core|best_value[31]         ; 1                 ; 7       ;
;      - cnn_small_core:u_core|best_value[30]         ; 1                 ; 7       ;
;      - cnn_small_core:u_core|best_value[29]         ; 1                 ; 7       ;
;      - cnn_small_core:u_core|best_value[28]         ; 1                 ; 7       ;
;      - cnn_small_core:u_core|best_value[27]         ; 1                 ; 7       ;
;      - cnn_small_core:u_core|best_value[26]         ; 1                 ; 7       ;
;      - cnn_small_core:u_core|best_value[25]         ; 1                 ; 7       ;
;      - cnn_small_core:u_core|fcw_ra[4]              ; 1                 ; 7       ;
;      - cnn_small_core:u_core|p2_raddr[9]            ; 1                 ; 7       ;
;      - cnn_small_core:u_core|p2_raddr[8]            ; 1                 ; 7       ;
;      - cnn_small_core:u_core|p2_raddr[7]            ; 1                 ; 7       ;
;      - cnn_small_core:u_core|p2_raddr[6]            ; 1                 ; 7       ;
;      - cnn_small_core:u_core|p2_raddr[5]            ; 1                 ; 7       ;
;      - cnn_small_core:u_core|p2_raddr[4]            ; 1                 ; 7       ;
;      - cnn_small_core:u_core|p2_raddr[3]            ; 1                 ; 7       ;
;      - cnn_small_core:u_core|p2_raddr[2]            ; 1                 ; 7       ;
;      - cnn_small_core:u_core|p2_raddr[1]            ; 1                 ; 7       ;
;      - cnn_small_core:u_core|p2_raddr[0]            ; 1                 ; 7       ;
;      - cnn_small_core:u_core|fcw_ra[12]             ; 1                 ; 7       ;
;      - cnn_small_core:u_core|fcw_ra[0]              ; 1                 ; 7       ;
;      - cnn_small_core:u_core|fcw_ra[1]              ; 1                 ; 7       ;
;      - cnn_small_core:u_core|fcw_ra[2]              ; 1                 ; 7       ;
;      - cnn_small_core:u_core|fcw_ra[3]              ; 1                 ; 7       ;
;      - cnn_small_core:u_core|fcw_ra[5]              ; 1                 ; 7       ;
;      - cnn_small_core:u_core|fcw_ra[6]              ; 1                 ; 7       ;
;      - cnn_small_core:u_core|fcw_ra[7]              ; 1                 ; 7       ;
;      - cnn_small_core:u_core|fcw_ra[8]              ; 1                 ; 7       ;
;      - cnn_small_core:u_core|fcw_ra[9]              ; 1                 ; 7       ;
;      - cnn_small_core:u_core|fcw_ra[10]             ; 1                 ; 7       ;
;      - cnn_small_core:u_core|fcw_ra[11]             ; 1                 ; 7       ;
;      - cnn_small_core:u_core|c1_raddr[8]            ; 1                 ; 7       ;
;      - cnn_small_core:u_core|c1_raddr[12]           ; 1                 ; 7       ;
;      - cnn_small_core:u_core|c1_raddr[11]           ; 1                 ; 7       ;
;      - cnn_small_core:u_core|c1_raddr[10]           ; 1                 ; 7       ;
;      - cnn_small_core:u_core|c1_raddr[9]            ; 1                 ; 7       ;
;      - cnn_small_core:u_core|c1_raddr[7]            ; 1                 ; 7       ;
;      - cnn_small_core:u_core|c1_raddr[6]            ; 1                 ; 7       ;
;      - cnn_small_core:u_core|c1_raddr[5]            ; 1                 ; 7       ;
;      - cnn_small_core:u_core|c1_raddr[4]            ; 1                 ; 7       ;
;      - cnn_small_core:u_core|c1_raddr[3]            ; 1                 ; 7       ;
;      - cnn_small_core:u_core|c1_raddr[2]            ; 1                 ; 7       ;
;      - cnn_small_core:u_core|c1_raddr[1]            ; 1                 ; 7       ;
;      - cnn_small_core:u_core|c2_raddr[3]            ; 1                 ; 7       ;
;      - cnn_small_core:u_core|c2_raddr[4]            ; 1                 ; 7       ;
;      - cnn_small_core:u_core|c2_raddr[10]           ; 1                 ; 7       ;
;      - cnn_small_core:u_core|c2_raddr[11]           ; 1                 ; 7       ;
;      - cnn_small_core:u_core|c2_raddr[2]            ; 1                 ; 7       ;
;      - cnn_small_core:u_core|c2_raddr[1]            ; 1                 ; 7       ;
;      - cnn_small_core:u_core|c2_raddr[5]            ; 1                 ; 7       ;
;      - cnn_small_core:u_core|c2_raddr[6]            ; 1                 ; 7       ;
;      - cnn_small_core:u_core|c2_raddr[7]            ; 1                 ; 7       ;
;      - cnn_small_core:u_core|c2_raddr[8]            ; 1                 ; 7       ;
;      - cnn_small_core:u_core|c2_raddr[9]            ; 1                 ; 7       ;
;      - cnn_small_core:u_core|pool_max[1]            ; 1                 ; 7       ;
;      - cnn_small_core:u_core|pool_max[2]            ; 1                 ; 7       ;
;      - cnn_small_core:u_core|pool_max[18]           ; 1                 ; 7       ;
;      - cnn_small_core:u_core|pool_max[19]           ; 1                 ; 7       ;
;      - cnn_small_core:u_core|pool_max[20]           ; 1                 ; 7       ;
;      - cnn_small_core:u_core|pool_max[21]           ; 1                 ; 7       ;
;      - cnn_small_core:u_core|pool_max[22]           ; 1                 ; 7       ;
;      - cnn_small_core:u_core|pool_max[23]           ; 1                 ; 7       ;
;      - cnn_small_core:u_core|pool_max[24]           ; 1                 ; 7       ;
;      - cnn_small_core:u_core|pool_max[25]           ; 1                 ; 7       ;
;      - cnn_small_core:u_core|pool_max[26]           ; 1                 ; 7       ;
;      - cnn_small_core:u_core|pool_max[27]           ; 1                 ; 7       ;
;      - cnn_small_core:u_core|pool_max[28]           ; 1                 ; 7       ;
;      - cnn_small_core:u_core|pool_max[29]           ; 1                 ; 7       ;
;      - cnn_small_core:u_core|pool_max[30]           ; 1                 ; 7       ;
;      - cnn_small_core:u_core|pool_max[31]           ; 1                 ; 7       ;
;      - cnn_small_core:u_core|pool_max[0]            ; 1                 ; 7       ;
;      - cnn_small_core:u_core|pool_max[16]           ; 1                 ; 7       ;
;      - cnn_small_core:u_core|pool_max[4]            ; 1                 ; 7       ;
;      - cnn_small_core:u_core|pool_max[3]            ; 1                 ; 7       ;
;      - cnn_small_core:u_core|pool_max[17]           ; 1                 ; 7       ;
;      - cnn_small_core:u_core|pool_max[5]            ; 1                 ; 7       ;
;      - cnn_small_core:u_core|pool_max[6]            ; 1                 ; 7       ;
;      - cnn_small_core:u_core|pool_max[7]            ; 1                 ; 7       ;
;      - cnn_small_core:u_core|pool_max[8]            ; 1                 ; 7       ;
;      - cnn_small_core:u_core|pool_max[9]            ; 1                 ; 7       ;
;      - cnn_small_core:u_core|pool_max[10]           ; 1                 ; 7       ;
;      - cnn_small_core:u_core|pool_max[11]           ; 1                 ; 7       ;
;      - cnn_small_core:u_core|pool_max[12]           ; 1                 ; 7       ;
;      - cnn_small_core:u_core|pool_max[13]           ; 1                 ; 7       ;
;      - cnn_small_core:u_core|pool_max[14]           ; 1                 ; 7       ;
;      - cnn_small_core:u_core|pool_max[15]           ; 1                 ; 7       ;
;      - cnn_small_core:u_core|acc[17]                ; 1                 ; 7       ;
;      - cnn_small_core:u_core|acc[49]                ; 1                 ; 7       ;
;      - cnn_small_core:u_core|acc[18]                ; 1                 ; 7       ;
;      - cnn_small_core:u_core|acc[19]                ; 1                 ; 7       ;
;      - cnn_small_core:u_core|acc[20]                ; 1                 ; 7       ;
;      - cnn_small_core:u_core|acc[21]                ; 1                 ; 7       ;
;      - cnn_small_core:u_core|acc[22]                ; 1                 ; 7       ;
;      - cnn_small_core:u_core|acc[23]                ; 1                 ; 7       ;
;      - cnn_small_core:u_core|acc[24]                ; 1                 ; 7       ;
;      - cnn_small_core:u_core|acc[25]                ; 1                 ; 7       ;
;      - cnn_small_core:u_core|acc[26]                ; 1                 ; 7       ;
;      - cnn_small_core:u_core|acc[27]                ; 1                 ; 7       ;
;      - cnn_small_core:u_core|acc[28]                ; 1                 ; 7       ;
;      - cnn_small_core:u_core|acc[29]                ; 1                 ; 7       ;
;      - cnn_small_core:u_core|acc[30]                ; 1                 ; 7       ;
;      - cnn_small_core:u_core|acc[31]                ; 1                 ; 7       ;
;      - cnn_small_core:u_core|acc[62]                ; 1                 ; 7       ;
;      - cnn_small_core:u_core|acc[61]                ; 1                 ; 7       ;
;      - cnn_small_core:u_core|acc[60]                ; 1                 ; 7       ;
;      - cnn_small_core:u_core|acc[59]                ; 1                 ; 7       ;
;      - cnn_small_core:u_core|acc[48]                ; 1                 ; 7       ;
;      - cnn_small_core:u_core|acc[50]                ; 1                 ; 7       ;
;      - cnn_small_core:u_core|acc[51]                ; 1                 ; 7       ;
;      - cnn_small_core:u_core|acc[52]                ; 1                 ; 7       ;
;      - cnn_small_core:u_core|acc[53]                ; 1                 ; 7       ;
;      - cnn_small_core:u_core|acc[54]                ; 1                 ; 7       ;
;      - cnn_small_core:u_core|acc[55]                ; 1                 ; 7       ;
;      - cnn_small_core:u_core|acc[56]                ; 1                 ; 7       ;
;      - cnn_small_core:u_core|acc[57]                ; 1                 ; 7       ;
;      - cnn_small_core:u_core|acc[58]                ; 1                 ; 7       ;
;      - cnn_small_core:u_core|acc[40]                ; 1                 ; 7       ;
;      - cnn_small_core:u_core|acc[47]                ; 1                 ; 7       ;
;      - cnn_small_core:u_core|acc[39]                ; 1                 ; 7       ;
;      - cnn_small_core:u_core|acc[46]                ; 1                 ; 7       ;
;      - cnn_small_core:u_core|acc[45]                ; 1                 ; 7       ;
;      - cnn_small_core:u_core|acc[44]                ; 1                 ; 7       ;
;      - cnn_small_core:u_core|acc[43]                ; 1                 ; 7       ;
;      - cnn_small_core:u_core|acc[42]                ; 1                 ; 7       ;
;      - cnn_small_core:u_core|acc[41]                ; 1                 ; 7       ;
;      - cnn_small_core:u_core|acc[15]                ; 1                 ; 7       ;
;      - cnn_small_core:u_core|acc[16]                ; 1                 ; 7       ;
;      - cnn_small_core:u_core|acc[32]                ; 1                 ; 7       ;
;      - cnn_small_core:u_core|acc[33]                ; 1                 ; 7       ;
;      - cnn_small_core:u_core|acc[63]                ; 1                 ; 7       ;
;      - cnn_small_core:u_core|acc[34]                ; 1                 ; 7       ;
;      - cnn_small_core:u_core|acc[35]                ; 1                 ; 7       ;
;      - cnn_small_core:u_core|acc[36]                ; 1                 ; 7       ;
;      - cnn_small_core:u_core|acc[37]                ; 1                 ; 7       ;
;      - cnn_small_core:u_core|acc[38]                ; 1                 ; 7       ;
;      - cnn_small_core:u_core|acc[8]                 ; 1                 ; 7       ;
;      - cnn_small_core:u_core|acc[9]                 ; 1                 ; 7       ;
;      - cnn_small_core:u_core|acc[10]                ; 1                 ; 7       ;
;      - cnn_small_core:u_core|acc[11]                ; 1                 ; 7       ;
;      - cnn_small_core:u_core|acc[12]                ; 1                 ; 7       ;
;      - cnn_small_core:u_core|acc[13]                ; 1                 ; 7       ;
;      - cnn_small_core:u_core|acc[14]                ; 1                 ; 7       ;
;      - cnn_small_core:u_core|c2_raddr[0]            ; 1                 ; 7       ;
;      - cnn_small_core:u_core|c1_raddr[0]            ; 1                 ; 7       ;
;      - cnn_small_core:u_core|acc[6]                 ; 1                 ; 7       ;
;      - cnn_small_core:u_core|acc[7]                 ; 1                 ; 7       ;
;      - cnn_small_core:u_core|state.FCA              ; 1                 ; 7       ;
;      - cnn_small_core:u_core|state.P2A              ; 1                 ; 7       ;
;      - cnn_small_core:u_core|state.C2A              ; 1                 ; 7       ;
;      - cnn_small_core:u_core|state.P1A              ; 1                 ; 7       ;
;      - cnn_small_core:u_core|state.C1A              ; 1                 ; 7       ;
;      - cnn_small_core:u_core|state.FCW              ; 1                 ; 7       ;
;      - cnn_small_core:u_core|state.C2W              ; 1                 ; 7       ;
;      - cnn_small_core:u_core|state.C1W              ; 1                 ; 7       ;
;      - cnn_small_core:u_core|predicted_class~0      ; 1                 ; 7       ;
;      - cnn_small_core:u_core|predicted_class[0]~1   ; 1                 ; 7       ;
;      - cnn_small_core:u_core|predicted_class~2      ; 1                 ; 7       ;
;      - cnn_small_core:u_core|predicted_class~3      ; 1                 ; 7       ;
;      - cnn_small_core:u_core|predicted_class~4      ; 1                 ; 7       ;
;      - cnn_small_core:u_core|best_value[52]~0       ; 1                 ; 7       ;
;      - cnn_small_core:u_core|best_value[52]~1       ; 1                 ; 7       ;
;      - cnn_small_core:u_core|state~82               ; 1                 ; 7       ;
;      - cnn_small_core:u_core|state~83               ; 1                 ; 7       ;
;      - cnn_small_core:u_core|class_idx[16]~1        ; 1                 ; 7       ;
;      - cnn_small_core:u_core|state~84               ; 1                 ; 7       ;
;      - cnn_small_core:u_core|acc~5                  ; 1                 ; 7       ;
;      - cnn_small_core:u_core|acc[2]~6               ; 1                 ; 7       ;
;      - cnn_small_core:u_core|acc[2]~7               ; 1                 ; 7       ;
;      - cnn_small_core:u_core|acc[2]~15              ; 1                 ; 7       ;
;      - cnn_small_core:u_core|acc~19                 ; 1                 ; 7       ;
;      - cnn_small_core:u_core|best_value~4           ; 1                 ; 7       ;
;      - cnn_small_core:u_core|acc~23                 ; 1                 ; 7       ;
;      - cnn_small_core:u_core|acc~26                 ; 1                 ; 7       ;
;      - cnn_small_core:u_core|acc~31                 ; 1                 ; 7       ;
;      - cnn_small_core:u_core|acc~37                 ; 1                 ; 7       ;
;      - cnn_small_core:u_core|best_value~5           ; 1                 ; 7       ;
;      - cnn_small_core:u_core|state~85               ; 1                 ; 7       ;
;      - cnn_small_core:u_core|pool_ch[30]~0          ; 1                 ; 7       ;
;      - cnn_small_core:u_core|pool_ch[30]~3          ; 1                 ; 7       ;
;      - cnn_small_core:u_core|pool_c[31]~2           ; 1                 ; 7       ;
;      - cnn_small_core:u_core|pool_c[31]~5           ; 1                 ; 7       ;
;      - cnn_small_core:u_core|pool_r[12]~2           ; 1                 ; 7       ;
;      - cnn_small_core:u_core|pool_r[12]~4           ; 1                 ; 7       ;
;      - cnn_small_core:u_core|state~86               ; 1                 ; 7       ;
;      - cnn_small_core:u_core|state~87               ; 1                 ; 7       ;
;      - cnn_small_core:u_core|fc_feature[16]~1       ; 1                 ; 7       ;
;      - cnn_small_core:u_core|state~88               ; 1                 ; 7       ;
;      - cnn_small_core:u_core|state~89               ; 1                 ; 7       ;
;      - cnn_small_core:u_core|out_f[30]~0            ; 1                 ; 7       ;
;      - cnn_small_core:u_core|out_f[30]~2            ; 1                 ; 7       ;
;      - cnn_small_core:u_core|state~90               ; 1                 ; 7       ;
;      - cnn_small_core:u_core|state~91               ; 1                 ; 7       ;
;      - cnn_small_core:u_core|state~92               ; 1                 ; 7       ;
;      - cnn_small_core:u_core|state~93               ; 1                 ; 7       ;
;      - cnn_small_core:u_core|state~94               ; 1                 ; 7       ;
;      - cnn_small_core:u_core|state~95               ; 1                 ; 7       ;
;      - cnn_small_core:u_core|out_c[14]~1            ; 1                 ; 7       ;
;      - cnn_small_core:u_core|out_c[14]~3            ; 1                 ; 7       ;
;      - cnn_small_core:u_core|out_r[22]~1            ; 1                 ; 7       ;
;      - cnn_small_core:u_core|out_r[22]~3            ; 1                 ; 7       ;
;      - started                                      ; 1                 ; 7       ;
;      - start~0                                      ; 1                 ; 7       ;
;      - cnn_small_core:u_core|p2_wdata[0]~0          ; 1                 ; 7       ;
;      - cnn_small_core:u_core|p1_wdata[0]~0          ; 1                 ; 7       ;
;      - cnn_small_core:u_core|kc[13]~0               ; 1                 ; 7       ;
;      - cnn_small_core:u_core|kc[13]~1               ; 1                 ; 7       ;
;      - cnn_small_core:u_core|kr[12]~1               ; 1                 ; 7       ;
;      - cnn_small_core:u_core|kr[12]~3               ; 1                 ; 7       ;
;      - cnn_small_core:u_core|in_ch[24]~0            ; 1                 ; 7       ;
;      - cnn_small_core:u_core|in_ch[24]~1            ; 1                 ; 7       ;
;      - cnn_small_core:u_core|state~96               ; 1                 ; 7       ;
;      - cnn_small_core:u_core|state~97               ; 1                 ; 7       ;
;      - cnn_small_core:u_core|state~98               ; 1                 ; 7       ;
;      - cnn_small_core:u_core|fcw_ra[4]~0            ; 1                 ; 7       ;
;      - cnn_small_core:u_core|image_ra[8]~0          ; 1                 ; 7       ;
;      - cnn_small_core:u_core|image_ra[8]~1          ; 1                 ; 7       ;
;      - cnn_small_core:u_core|state~99               ; 1                 ; 7       ;
;      - cnn_small_core:u_core|p1_raddr[5]~2          ; 1                 ; 7       ;
;      - cnn_small_core:u_core|p1_raddr[5]~3          ; 1                 ; 7       ;
;      - cnn_small_core:u_core|p1_raddr[5]~6          ; 1                 ; 7       ;
;      - cnn_small_core:u_core|state~100              ; 1                 ; 7       ;
;      - cnn_small_core:u_core|pool_max[1]~68         ; 1                 ; 7       ;
;      - cnn_small_core:u_core|state~101              ; 1                 ; 7       ;
;      - cnn_small_core:u_core|state~102              ; 1                 ; 7       ;
;      - cnn_small_core:u_core|state~103              ; 1                 ; 7       ;
;      - cnn_small_core:u_core|state~104              ; 1                 ; 7       ;
;      - cnn_small_core:u_core|state~105              ; 1                 ; 7       ;
;      - cnn_small_core:u_core|state~106              ; 1                 ; 7       ;
;      - cnn_small_core:u_core|c2_raddr[3]~3          ; 1                 ; 7       ;
;      - cnn_small_core:u_core|state~107              ; 1                 ; 7       ;
;      - cnn_small_core:u_core|pool_max[1]~100        ; 1                 ; 7       ;
;      - cnn_small_core:u_core|state~108              ; 1                 ; 7       ;
;      - cnn_small_core:u_core|state~109              ; 1                 ; 7       ;
;      - cnn_small_core:u_core|state~110              ; 1                 ; 7       ;
;      - cnn_small_core:u_core|state~111              ; 1                 ; 7       ;
;      - cnn_small_core:u_core|acc[7]~DUPLICATE       ; 1                 ; 7       ;
;      - cnn_small_core:u_core|acc[6]~DUPLICATE       ; 1                 ; 7       ;
;      - cnn_small_core:u_core|acc[25]~DUPLICATE      ; 1                 ; 7       ;
;      - cnn_small_core:u_core|acc[35]~DUPLICATE      ; 1                 ; 7       ;
;      - cnn_small_core:u_core|acc[42]~DUPLICATE      ; 1                 ; 7       ;
;      - cnn_small_core:u_core|acc[51]~DUPLICATE      ; 1                 ; 7       ;
;      - cnn_small_core:u_core|acc[53]~DUPLICATE      ; 1                 ; 7       ;
;      - cnn_small_core:u_core|acc[55]~DUPLICATE      ; 1                 ; 7       ;
;      - cnn_small_core:u_core|pool_max[6]~DUPLICATE  ; 1                 ; 7       ;
;      - cnn_small_core:u_core|pool_max[5]~DUPLICATE  ; 1                 ; 7       ;
;      - cnn_small_core:u_core|pool_max[14]~DUPLICATE ; 1                 ; 7       ;
;      - cnn_small_core:u_core|pool_max[23]~DUPLICATE ; 1                 ; 7       ;
;      - cnn_small_core:u_core|pool_max[22]~DUPLICATE ; 1                 ; 7       ;
;      - cnn_small_core:u_core|pool_max[30]~DUPLICATE ; 1                 ; 7       ;
; CLOCK_50                                            ;                   ;         ;
+-----------------------------------------------------+-------------------+---------+


+---------------------------------------------------------------------------------------------------------------------------------------------------------------------------+
; Control Signals                                                                                                                                                           ;
+--------------------------------------------+----------------------+---------+--------------+--------+----------------------+------------------+---------------------------+
; Name                                       ; Location             ; Fan-Out ; Usage        ; Global ; Global Resource Used ; Global Line Name ; Enable Signal Source Name ;
+--------------------------------------------+----------------------+---------+--------------+--------+----------------------+------------------+---------------------------+
; CLOCK_50                                   ; PIN_AF14             ; 967     ; Clock        ; yes    ; Global Clock         ; GCLK5            ; --                        ;
; KEY[0]                                     ; PIN_AJ4              ; 307     ; Sync. clear  ; no     ; --                   ; --               ; --                        ;
; cnn_small_core:u_core|acc[2]~15            ; LABCELL_X24_Y21_N30  ; 71      ; Clock enable ; no     ; --                   ; --               ; --                        ;
; cnn_small_core:u_core|best_value[52]~3     ; LABCELL_X22_Y18_N36  ; 68      ; Clock enable ; no     ; --                   ; --               ; --                        ;
; cnn_small_core:u_core|c2_raddr[3]~3        ; LABCELL_X40_Y21_N15  ; 11      ; Clock enable ; no     ; --                   ; --               ; --                        ;
; cnn_small_core:u_core|class_idx[16]~1      ; LABCELL_X24_Y22_N24  ; 35      ; Clock enable ; no     ; --                   ; --               ; --                        ;
; cnn_small_core:u_core|fc_feature[16]~1     ; LABCELL_X36_Y16_N39  ; 36      ; Clock enable ; no     ; --                   ; --               ; --                        ;
; cnn_small_core:u_core|fcw_ra[4]~0          ; MLABCELL_X34_Y16_N54 ; 23      ; Clock enable ; no     ; --                   ; --               ; --                        ;
; cnn_small_core:u_core|image_ra[8]~0        ; MLABCELL_X28_Y19_N12 ; 17      ; Sync. clear  ; no     ; --                   ; --               ; --                        ;
; cnn_small_core:u_core|image_ra[8]~1        ; LABCELL_X35_Y21_N39  ; 17      ; Clock enable ; no     ; --                   ; --               ; --                        ;
; cnn_small_core:u_core|in_ch[24]~0          ; LABCELL_X23_Y24_N21  ; 34      ; Sync. clear  ; no     ; --                   ; --               ; --                        ;
; cnn_small_core:u_core|in_ch[24]~1          ; MLABCELL_X28_Y22_N45 ; 35      ; Clock enable ; no     ; --                   ; --               ; --                        ;
; cnn_small_core:u_core|kc[13]~0             ; MLABCELL_X28_Y16_N12 ; 32      ; Sync. clear  ; no     ; --                   ; --               ; --                        ;
; cnn_small_core:u_core|kc[13]~1             ; MLABCELL_X28_Y19_N27 ; 32      ; Clock enable ; no     ; --                   ; --               ; --                        ;
; cnn_small_core:u_core|kr[12]~1             ; LABCELL_X24_Y19_N57  ; 32      ; Sync. clear  ; no     ; --                   ; --               ; --                        ;
; cnn_small_core:u_core|kr[12]~3             ; MLABCELL_X28_Y19_N33 ; 32      ; Clock enable ; no     ; --                   ; --               ; --                        ;
; cnn_small_core:u_core|out_c[14]~1          ; LABCELL_X33_Y18_N18  ; 37      ; Sync. clear  ; no     ; --                   ; --               ; --                        ;
; cnn_small_core:u_core|out_c[14]~3          ; MLABCELL_X28_Y19_N36 ; 37      ; Clock enable ; no     ; --                   ; --               ; --                        ;
; cnn_small_core:u_core|out_f[30]~0          ; MLABCELL_X28_Y19_N18 ; 33      ; Sync. clear  ; no     ; --                   ; --               ; --                        ;
; cnn_small_core:u_core|out_f[30]~2          ; MLABCELL_X28_Y19_N6  ; 37      ; Clock enable ; no     ; --                   ; --               ; --                        ;
; cnn_small_core:u_core|out_r[22]~1          ; LABCELL_X33_Y18_N21  ; 42      ; Sync. clear  ; no     ; --                   ; --               ; --                        ;
; cnn_small_core:u_core|out_r[22]~3          ; MLABCELL_X28_Y19_N30 ; 42      ; Clock enable ; no     ; --                   ; --               ; --                        ;
; cnn_small_core:u_core|p1_raddr[5]~2        ; MLABCELL_X28_Y22_N30 ; 11      ; Sync. clear  ; no     ; --                   ; --               ; --                        ;
; cnn_small_core:u_core|p1_raddr[5]~3        ; MLABCELL_X28_Y22_N42 ; 23      ; Clock enable ; no     ; --                   ; --               ; --                        ;
; cnn_small_core:u_core|p1_raddr[5]~7        ; MLABCELL_X28_Y22_N33 ; 12      ; Sync. clear  ; no     ; --                   ; --               ; --                        ;
; cnn_small_core:u_core|p1_wdata[0]~0        ; LABCELL_X43_Y18_N30  ; 33      ; Clock enable ; no     ; --                   ; --               ; --                        ;
; cnn_small_core:u_core|p2_wdata[0]~0        ; LABCELL_X45_Y18_N36  ; 33      ; Clock enable ; no     ; --                   ; --               ; --                        ;
; cnn_small_core:u_core|pool_c[31]~2         ; LABCELL_X43_Y20_N3   ; 42      ; Sync. clear  ; no     ; --                   ; --               ; --                        ;
; cnn_small_core:u_core|pool_c[31]~5         ; LABCELL_X33_Y18_N42  ; 42      ; Clock enable ; no     ; --                   ; --               ; --                        ;
; cnn_small_core:u_core|pool_ch[30]~0        ; LABCELL_X43_Y20_N24  ; 34      ; Sync. clear  ; no     ; --                   ; --               ; --                        ;
; cnn_small_core:u_core|pool_ch[30]~3        ; LABCELL_X33_Y18_N24  ; 37      ; Clock enable ; no     ; --                   ; --               ; --                        ;
; cnn_small_core:u_core|pool_max[1]~100      ; LABCELL_X50_Y20_N21  ; 12      ; Clock enable ; no     ; --                   ; --               ; --                        ;
; cnn_small_core:u_core|pool_max[1]~68       ; LABCELL_X45_Y19_N54  ; 38      ; Clock enable ; no     ; --                   ; --               ; --                        ;
; cnn_small_core:u_core|pool_r[12]~2         ; LABCELL_X43_Y20_N54  ; 38      ; Sync. clear  ; no     ; --                   ; --               ; --                        ;
; cnn_small_core:u_core|pool_r[12]~4         ; LABCELL_X33_Y18_N12  ; 38      ; Clock enable ; no     ; --                   ; --               ; --                        ;
; cnn_small_core:u_core|predicted_class[0]~1 ; LABCELL_X23_Y18_N27  ; 4       ; Clock enable ; no     ; --                   ; --               ; --                        ;
; cnn_small_core:u_core|state.C1WR           ; FF_X25_Y22_N7        ; 56      ; Write enable ; no     ; --                   ; --               ; --                        ;
; cnn_small_core:u_core|state.C2WR           ; FF_X43_Y23_N1        ; 37      ; Write enable ; no     ; --                   ; --               ; --                        ;
; cnn_small_core:u_core|state.P1WR~DUPLICATE ; FF_X43_Y20_N58       ; 23      ; Write enable ; no     ; --                   ; --               ; --                        ;
; cnn_small_core:u_core|state.P2WR           ; FF_X45_Y18_N44       ; 17      ; Write enable ; no     ; --                   ; --               ; --                        ;
; cnn_small_core:u_core|state~83             ; MLABCELL_X28_Y19_N57 ; 34      ; Sync. clear  ; no     ; --                   ; --               ; --                        ;
; cnn_small_core:u_core|state~85             ; LABCELL_X45_Y18_N30  ; 11      ; Clock enable ; no     ; --                   ; --               ; --                        ;
; cnn_small_core:u_core|state~87             ; LABCELL_X36_Y16_N45  ; 36      ; Sync. clear  ; no     ; --                   ; --               ; --                        ;
; cnn_small_core:u_core|state~90             ; LABCELL_X35_Y18_N39  ; 45      ; Clock enable ; no     ; --                   ; --               ; --                        ;
; cnn_small_core:u_core|state~91             ; MLABCELL_X25_Y22_N42 ; 46      ; Clock enable ; no     ; --                   ; --               ; --                        ;
; cnn_small_core:u_core|state~92             ; LABCELL_X43_Y20_N21  ; 13      ; Clock enable ; no     ; --                   ; --               ; --                        ;
+--------------------------------------------+----------------------+---------+--------------+--------+----------------------+------------------+---------------------------+


+-----------------------------------------------------------------------------------------------------+
; Global & Other Fast Signals                                                                         ;
+----------+----------+---------+----------------------+------------------+---------------------------+
; Name     ; Location ; Fan-Out ; Global Resource Used ; Global Line Name ; Enable Signal Source Name ;
+----------+----------+---------+----------------------+------------------+---------------------------+
; CLOCK_50 ; PIN_AF14 ; 967     ; Global Clock         ; GCLK5            ; --                        ;
+----------+----------+---------+----------------------+------------------+---------------------------+


+-----------------------------------------------------------------------------------------------------------------------------------------------------------------------------------------------------------------------------------------------------------------------------------------------------------------------------------------------------------------------------------------------------------------------------------------------------------------------------------------------------------------------------------------------------------------------------------------------------------------------------------------------------------------------------------------------------------------------------------------------------------------------------------------------------------------------------------------------------------------------------------------------------------------------------------------------------------------------------------------------------------------------------------------------------------------------------------------------------------------------------------------------------------------------------------------------------------------------------------------------------------------+
; Fitter RAM Summary                                                                                                                                                                                                                                                                                                                                                                                                                                                                                                                                                                                                                                                                                                                                                                                                                                                                                                                                                                                                                                                                                                                                                                                                                                              ;
+-----------------------------------------------------------------------------------------------------------+------------+------------------+--------------+--------------+--------------+--------------+--------------+------------------------+-------------------------+------------------------+-------------------------+--------+-----------------------------+-----------------------------+-----------------------------+-----------------------------+---------------------+-------------+-------+----------------------------------------------------+----------------------------------------------------------------------------------------------------------------------------------------------------------------------------------------------------------------------------------------------------------------------------------------------------------------------------------------------------------------------------------------------------------------------------------------------------------------------------------------------------------------------------------------------------------------+----------------------+-----------------+-----------------+----------+------------------------+----------------------------------+
; Name                                                                                                      ; Type       ; Mode             ; Clock Mode   ; Port A Depth ; Port A Width ; Port B Depth ; Port B Width ; Port A Input Registers ; Port A Output Registers ; Port B Input Registers ; Port B Output Registers ; Size   ; Implementation Port A Depth ; Implementation Port A Width ; Implementation Port B Depth ; Implementation Port B Width ; Implementation Bits ; M10K blocks ; MLABs ; MIF                                                ; Location                                                                                                                                                                                                                                                                                                                                                                                                                                                                                                                                                       ; Mixed Width RDW Mode ; Port A RDW Mode ; Port B RDW Mode ; ECC Mode ; ECC Pipeline Registers ; Fits in MLABs                    ;
+-----------------------------------------------------------------------------------------------------------+------------+------------------+--------------+--------------+--------------+--------------+--------------+------------------------+-------------------------+------------------------+-------------------------+--------+-----------------------------+-----------------------------+-----------------------------+-----------------------------+---------------------+-------------+-------+----------------------------------------------------+----------------------------------------------------------------------------------------------------------------------------------------------------------------------------------------------------------------------------------------------------------------------------------------------------------------------------------------------------------------------------------------------------------------------------------------------------------------------------------------------------------------------------------------------------------------+----------------------+-----------------+-----------------+----------+------------------------+----------------------------------+
; cnn_small_core:u_core|cnn_sp_ram:c1_ram|altsyncram:mem_rtl_0|altsyncram_p9p1:auto_generated|ALTSYNCRAM    ; M10K block ; Simple Dual Port ; Single Clock ; 6272         ; 32           ; 6272         ; 32           ; yes                    ; no                      ; yes                    ; no                      ; 200704 ; 6272                        ; 32                          ; 6272                        ; 32                          ; 200704              ; 32          ; 0     ; None                                               ; M10K_X41_Y17_N0, M10K_X49_Y17_N0, M10K_X58_Y21_N0, M10K_X38_Y23_N0, M10K_X38_Y15_N0, M10K_X58_Y19_N0, M10K_X58_Y20_N0, M10K_X41_Y21_N0, M10K_X38_Y16_N0, M10K_X41_Y19_N0, M10K_X41_Y16_N0, M10K_X69_Y24_N0, M10K_X49_Y15_N0, M10K_X69_Y19_N0, M10K_X69_Y23_N0, M10K_X41_Y18_N0, M10K_X49_Y23_N0, M10K_X49_Y24_N0, M10K_X69_Y22_N0, M10K_X41_Y15_N0, M10K_X58_Y15_N0, M10K_X41_Y23_N0, M10K_X58_Y16_N0, M10K_X58_Y22_N0, M10K_X49_Y20_N0, M10K_X49_Y18_N0, M10K_X58_Y18_N0, M10K_X58_Y17_N0, M10K_X38_Y17_N0, M10K_X58_Y23_N0, M10K_X49_Y16_N0, M10K_X69_Y20_N0 ; Old data             ; New data        ; New data        ; Off      ; No                     ; No - Address Too Wide            ;
; cnn_small_core:u_core|cnn_sp_ram:c1w_ram|altsyncram:mem_rtl_0|altsyncram_mvf1:auto_generated|ALTSYNCRAM   ; M10K block ; ROM              ; Single Clock ; 72           ; 8            ; --           ; --           ; yes                    ; no                      ; --                     ; --                      ; 576    ; 72                          ; 8                           ; --                          ; --                          ; 576                 ; 1           ; 0     ; db/cnn_full_small.ram0_cnn_sp_ram_9b7b8551.hdl.mif ; M10K_X38_Y21_N0                                                                                                                                                                                                                                                                                                                                                                                                                                                                                                                                                ; Don't care           ; New data        ; New data        ; Off      ; No                     ; No - Block Type Set to Block RAM ;
; cnn_small_core:u_core|cnn_sp_ram:c2_ram|altsyncram:mem_rtl_0|altsyncram_f9p1:auto_generated|ALTSYNCRAM    ; M10K block ; Simple Dual Port ; Single Clock ; 3136         ; 32           ; 3136         ; 32           ; yes                    ; no                      ; yes                    ; no                      ; 100352 ; 3136                        ; 32                          ; 3136                        ; 32                          ; 100352              ; 16          ; 0     ; None                                               ; M10K_X38_Y18_N0, M10K_X38_Y19_N0, M10K_X38_Y25_N0, M10K_X38_Y26_N0, M10K_X41_Y22_N0, M10K_X38_Y24_N0, M10K_X49_Y25_N0, M10K_X49_Y21_N0, M10K_X41_Y26_N0, M10K_X41_Y25_N0, M10K_X41_Y27_N0, M10K_X41_Y20_N0, M10K_X49_Y22_N0, M10K_X49_Y19_N0, M10K_X38_Y27_N0, M10K_X41_Y24_N0                                                                                                                                                                                                                                                                                 ; Old data             ; New data        ; New data        ; Off      ; No                     ; No - Address Too Wide            ;
; cnn_small_core:u_core|cnn_sp_ram:c2w_ram|altsyncram:mem_rtl_0|altsyncram_q0g1:auto_generated|ALTSYNCRAM   ; M10K block ; ROM              ; Single Clock ; 1152         ; 8            ; --           ; --           ; yes                    ; no                      ; --                     ; --                      ; 9216   ; 1152                        ; 8                           ; --                          ; --                          ; 9216                ; 2           ; 0     ; db/cnn_full_small.ram0_cnn_sp_ram_60396215.hdl.mif ; M10K_X26_Y23_N0, M10K_X26_Y21_N0                                                                                                                                                                                                                                                                                                                                                                                                                                                                                                                               ; Don't care           ; New data        ; New data        ; Off      ; No                     ; No - Address Too Wide            ;
; cnn_small_core:u_core|cnn_sp_ram:fcw_ram|altsyncram:mem_rtl_0|altsyncram_q4g1:auto_generated|ALTSYNCRAM   ; M10K block ; ROM              ; Single Clock ; 7840         ; 8            ; --           ; --           ; yes                    ; no                      ; --                     ; --                      ; 62720  ; 7840                        ; 8                           ; --                          ; --                          ; 62720               ; 8           ; 0     ; db/cnn_full_small.ram0_cnn_sp_ram_f98867b6.hdl.mif ; M10K_X26_Y19_N0, M10K_X26_Y16_N0, M10K_X14_Y19_N0, M10K_X14_Y16_N0, M10K_X26_Y17_N0, M10K_X14_Y17_N0, M10K_X14_Y20_N0, M10K_X14_Y15_N0                                                                                                                                                                                                                                                                                                                                                                                                                         ; Don't care           ; New data        ; New data        ; Off      ; No                     ; No - Address Too Wide            ;
; cnn_small_core:u_core|cnn_sp_ram:image_ram|altsyncram:mem_rtl_0|altsyncram_62g1:auto_generated|ALTSYNCRAM ; M10K block ; ROM              ; Single Clock ; 784          ; 8            ; --           ; --           ; yes                    ; no                      ; --                     ; --                      ; 6272   ; 784                         ; 8                           ; --                          ; --                          ; 6272                ; 1           ; 0     ; db/cnn_full_small.ram0_cnn_sp_ram_c2d32500.hdl.mif ; M10K_X38_Y22_N0                                                                                                                                                                                                                                                                                                                                                                                                                                                                                                                                                ; Don't care           ; New data        ; New data        ; Off      ; No                     ; No - Address Too Wide            ;
; cnn_small_core:u_core|cnn_sp_ram:p1_ram|altsyncram:mem_rtl_0|altsyncram_r9p1:auto_generated|ALTSYNCRAM    ; M10K block ; Simple Dual Port ; Single Clock ; 1568         ; 32           ; 1568         ; 32           ; yes                    ; no                      ; yes                    ; no                      ; 50176  ; 1568                        ; 32                          ; 1568                        ; 32                          ; 50176               ; 7           ; 0     ; None                                               ; M10K_X14_Y21_N0, M10K_X26_Y22_N0, M10K_X14_Y22_N0, M10K_X14_Y23_N0, M10K_X26_Y24_N0, M10K_X26_Y25_N0, M10K_X14_Y24_N0                                                                                                                                                                                                                                                                                                                                                                                                                                          ; Old data             ; New data        ; New data        ; Off      ; No                     ; No - Address Too Wide            ;
; cnn_small_core:u_core|cnn_sp_ram:p2_ram|altsyncram:mem_rtl_0|altsyncram_n6p1:auto_generated|ALTSYNCRAM    ; M10K block ; Simple Dual Port ; Single Clock ; 784          ; 32           ; 784          ; 32           ; yes                    ; no                      ; yes                    ; no                      ; 25088  ; 784                         ; 32                          ; 784                         ; 32                          ; 25088               ; 4           ; 0     ; None                                               ; M10K_X26_Y18_N0, M10K_X14_Y18_N0, M10K_X26_Y20_N0, M10K_X38_Y20_N0                                                                                                                                                                                                                                                                                                                                                                                                                                                                                             ; Old data             ; New data        ; New data        ; Off      ; No                     ; No - Address Too Wide            ;
+-----------------------------------------------------------------------------------------------------------+------------+------------------+--------------+--------------+--------------+--------------+--------------+------------------------+-------------------------+------------------------+-------------------------+--------+-----------------------------+-----------------------------+-----------------------------+-----------------------------+---------------------+-------------+-------+----------------------------------------------------+----------------------------------------------------------------------------------------------------------------------------------------------------------------------------------------------------------------------------------------------------------------------------------------------------------------------------------------------------------------------------------------------------------------------------------------------------------------------------------------------------------------------------------------------------------------+----------------------+-----------------+-----------------+----------+------------------------+----------------------------------+
Note: Fitter may spread logical memories into multiple blocks to improve timing. The actual required RAM blocks can be found in the Fitter Resource Usage section.


+-------------------------------------------------+
; Fitter DSP Block Usage Summary                  ;
+-----------------------------------+-------------+
; Statistic                         ; Number Used ;
+-----------------------------------+-------------+
; Two Independent 18x18             ; 11          ;
; Independent 18x18 plus 36         ; 2           ;
; Total number of DSP blocks        ; 13          ;
;                                   ;             ;
; Fixed Point Signed Multiplier     ; 3           ;
; Fixed Point Unsigned Multiplier   ; 8           ;
; Fixed Point Mixed Sign Multiplier ; 2           ;
+-----------------------------------+-------------+


+-----------------------------------------------------------------------------------------------------------------------------------------------------------------------------------------------------------------------------------------------------------------------------------------------------------------------------------------------------------------------------------------------------------------------------------------+
; DSP Block Details                                                                                                                                                                                                                                                                                                                                                                                                                       ;
+-----------------------------------------+---------------------------+----------------+---------------------+------------------------+------------------------+------------------------+------------------------+------------------------+------------------------+-----------------+--------------------------------+---------------------+-------------------------------+------------------------------+------------------------------+
; Name                                    ; Mode                      ; Location       ; Sign Representation ; Data AX Input Register ; Data AY Input Register ; Data AZ Input Register ; Data BX Input Register ; Data BY Input Register ; Data BZ Input Register ; Output Register ; Dedicated Shift Register Chain ; Dedicated Pre-Adder ; Dedicated Coefficient Storage ; Dedicated Output Adder Chain ; Dedicated Output Accumulator ;
+-----------------------------------------+---------------------------+----------------+---------------------+------------------------+------------------------+------------------------+------------------------+------------------------+------------------------+-----------------+--------------------------------+---------------------+-------------------------------+------------------------------+------------------------------+
; cnn_small_core:u_core|Mult10~8          ; Two Independent 18x18     ; DSP_X20_Y18_N0 ; Mixed               ; no                     ; no                     ; --                     ; --                     ; --                     ; --                     ; no              ; no                             ; no                  ; no                            ; no                           ; no                           ;
; cnn_small_core:u_core|Mult0~8           ; Two Independent 18x18     ; DSP_X32_Y22_N0 ; Mixed               ; no                     ; no                     ; --                     ; --                     ; --                     ; --                     ; no              ; no                             ; no                  ; no                            ; no                           ; no                           ;
; cnn_small_core:u_core|Mult5~8           ; Two Independent 18x18     ; DSP_X20_Y22_N0 ; Mixed               ; no                     ; no                     ; --                     ; --                     ; --                     ; --                     ; no              ; no                             ; no                  ; no                            ; no                           ; no                           ;
; cnn_small_core:u_core|Mult10~mult_hlmac ; Independent 18x18 plus 36 ; DSP_X20_Y20_N0 ; Mixed               ; no                     ; no                     ; --                     ; no                     ; no                     ; --                     ; no              ; no                             ; no                  ; no                            ; no                           ; no                           ;
; cnn_small_core:u_core|Mult5~mult_hlmac  ; Independent 18x18 plus 36 ; DSP_X20_Y24_N0 ; Mixed               ; no                     ; no                     ; --                     ; no                     ; no                     ; --                     ; no              ; no                             ; no                  ; no                            ; no                           ; no                           ;
; cnn_small_core:u_core|Mult9~8           ; Two Independent 18x18     ; DSP_X20_Y16_N0 ; Unsigned            ; no                     ; yes                    ; --                     ; --                     ; --                     ; --                     ; no              ; no                             ; no                  ; no                            ; no                           ; no                           ;
; cnn_small_core:u_core|Mult8~8           ; Two Independent 18x18     ; DSP_X54_Y16_N0 ; Unsigned            ; no                     ; yes                    ; --                     ; --                     ; --                     ; --                     ; no              ; no                             ; no                  ; no                            ; no                           ; no                           ;
; cnn_small_core:u_core|Mult3~8           ; Two Independent 18x18     ; DSP_X54_Y18_N0 ; Unsigned            ; no                     ; yes                    ; --                     ; --                     ; --                     ; --                     ; no              ; no                             ; no                  ; no                            ; no                           ; no                           ;
; cnn_small_core:u_core|Mult4~8           ; Two Independent 18x18     ; DSP_X32_Y20_N0 ; Unsigned            ; no                     ; yes                    ; --                     ; --                     ; --                     ; --                     ; no              ; no                             ; no                  ; no                            ; no                           ; no                           ;
; cnn_small_core:u_core|Mult6~8           ; Two Independent 18x18     ; DSP_X32_Y24_N0 ; Unsigned            ; no                     ; no                     ; --                     ; --                     ; --                     ; --                     ; no              ; no                             ; no                  ; no                            ; no                           ; no                           ;
; cnn_small_core:u_core|Mult2~8           ; Two Independent 18x18     ; DSP_X54_Y20_N0 ; Unsigned            ; no                     ; yes                    ; --                     ; --                     ; --                     ; --                     ; no              ; no                             ; no                  ; no                            ; no                           ; no                           ;
; cnn_small_core:u_core|Mult7~8           ; Two Independent 18x18     ; DSP_X32_Y18_N0 ; Unsigned            ; no                     ; yes                    ; --                     ; --                     ; --                     ; --                     ; no              ; no                             ; no                  ; no                            ; no                           ; no                           ;
; cnn_small_core:u_core|Mult1~8           ; Two Independent 18x18     ; DSP_X32_Y16_N0 ; Unsigned            ; no                     ; yes                    ; --                     ; --                     ; --                     ; --                     ; no              ; no                             ; no                  ; no                            ; no                           ; no                           ;
+-----------------------------------------+---------------------------+----------------+---------------------+------------------------+------------------------+------------------------+------------------------+------------------------+------------------------+-----------------+--------------------------------+---------------------+-------------------------------+------------------------------+------------------------------+


+-----------------------------------------------------------------------+
; Routing Usage Summary                                                 ;
+---------------------------------------------+-------------------------+
; Routing Resource Type                       ; Usage                   ;
+---------------------------------------------+-------------------------+
; Block interconnects                         ; 5,536 / 289,320 ( 2 % ) ;
; C12 interconnects                           ; 32 / 13,420 ( < 1 % )   ;
; C2 interconnects                            ; 1,961 / 119,108 ( 2 % ) ;
; C4 interconnects                            ; 995 / 56,300 ( 2 % )    ;
; DQS bus muxes                               ; 0 / 25 ( 0 % )          ;
; DQS-18 I/O buses                            ; 0 / 25 ( 0 % )          ;
; DQS-9 I/O buses                             ; 0 / 25 ( 0 % )          ;
; Direct links                                ; 481 / 289,320 ( < 1 % ) ;
; Global clocks                               ; 1 / 16 ( 6 % )          ;
; HPS SDRAM PLL inputs                        ; 0 / 1 ( 0 % )           ;
; HPS SDRAM PLL outputs                       ; 0 / 1 ( 0 % )           ;
; HPS_INTERFACE_BOOT_FROM_FPGA_INPUTs         ; 0 / 9 ( 0 % )           ;
; HPS_INTERFACE_CLOCKS_RESETS_INPUTs          ; 0 / 7 ( 0 % )           ;
; HPS_INTERFACE_CLOCKS_RESETS_OUTPUTs         ; 0 / 6 ( 0 % )           ;
; HPS_INTERFACE_CROSS_TRIGGER_INPUTs          ; 0 / 18 ( 0 % )          ;
; HPS_INTERFACE_CROSS_TRIGGER_OUTPUTs         ; 0 / 24 ( 0 % )          ;
; HPS_INTERFACE_DBG_APB_INPUTs                ; 0 / 37 ( 0 % )          ;
; HPS_INTERFACE_DBG_APB_OUTPUTs               ; 0 / 55 ( 0 % )          ;
; HPS_INTERFACE_DMA_INPUTs                    ; 0 / 16 ( 0 % )          ;
; HPS_INTERFACE_DMA_OUTPUTs                   ; 0 / 8 ( 0 % )           ;
; HPS_INTERFACE_FPGA2HPS_INPUTs               ; 0 / 287 ( 0 % )         ;
; HPS_INTERFACE_FPGA2HPS_OUTPUTs              ; 0 / 154 ( 0 % )         ;
; HPS_INTERFACE_FPGA2SDRAM_INPUTs             ; 0 / 852 ( 0 % )         ;
; HPS_INTERFACE_FPGA2SDRAM_OUTPUTs            ; 0 / 408 ( 0 % )         ;
; HPS_INTERFACE_HPS2FPGA_INPUTs               ; 0 / 165 ( 0 % )         ;
; HPS_INTERFACE_HPS2FPGA_LIGHT_WEIGHT_INPUTs  ; 0 / 67 ( 0 % )          ;
; HPS_INTERFACE_HPS2FPGA_LIGHT_WEIGHT_OUTPUTs ; 0 / 156 ( 0 % )         ;
; HPS_INTERFACE_HPS2FPGA_OUTPUTs              ; 0 / 282 ( 0 % )         ;
; HPS_INTERFACE_INTERRUPTS_INPUTs             ; 0 / 64 ( 0 % )          ;
; HPS_INTERFACE_INTERRUPTS_OUTPUTs            ; 0 / 42 ( 0 % )          ;
; HPS_INTERFACE_JTAG_OUTPUTs                  ; 0 / 5 ( 0 % )           ;
; HPS_INTERFACE_LOAN_IO_INPUTs                ; 0 / 142 ( 0 % )         ;
; HPS_INTERFACE_LOAN_IO_OUTPUTs               ; 0 / 85 ( 0 % )          ;
; HPS_INTERFACE_MPU_EVENT_STANDBY_INPUTs      ; 0 / 1 ( 0 % )           ;
; HPS_INTERFACE_MPU_EVENT_STANDBY_OUTPUTs     ; 0 / 5 ( 0 % )           ;
; HPS_INTERFACE_MPU_GENERAL_PURPOSE_INPUTs    ; 0 / 32 ( 0 % )          ;
; HPS_INTERFACE_MPU_GENERAL_PURPOSE_OUTPUTs   ; 0 / 32 ( 0 % )          ;
; HPS_INTERFACE_PERIPHERAL_CAN_INPUTs         ; 0 / 2 ( 0 % )           ;
; HPS_INTERFACE_PERIPHERAL_CAN_OUTPUTs        ; 0 / 2 ( 0 % )           ;
; HPS_INTERFACE_PERIPHERAL_EMAC_INPUTs        ; 0 / 32 ( 0 % )          ;
; HPS_INTERFACE_PERIPHERAL_EMAC_OUTPUTs       ; 0 / 34 ( 0 % )          ;
; HPS_INTERFACE_PERIPHERAL_I2C_INPUTs         ; 0 / 8 ( 0 % )           ;
; HPS_INTERFACE_PERIPHERAL_I2C_OUTPUTs        ; 0 / 8 ( 0 % )           ;
; HPS_INTERFACE_PERIPHERAL_NAND_INPUTs        ; 0 / 12 ( 0 % )          ;
; HPS_INTERFACE_PERIPHERAL_NAND_OUTPUTs       ; 0 / 18 ( 0 % )          ;
; HPS_INTERFACE_PERIPHERAL_QSPI_INPUTs        ; 0 / 4 ( 0 % )           ;
; HPS_INTERFACE_PERIPHERAL_QSPI_OUTPUTs       ; 0 / 13 ( 0 % )          ;
; HPS_INTERFACE_PERIPHERAL_SDMMC_INPUTs       ; 0 / 13 ( 0 % )          ;
; HPS_INTERFACE_PERIPHERAL_SDMMC_OUTPUTs      ; 0 / 22 ( 0 % )          ;
; HPS_INTERFACE_PERIPHERAL_SPI_MASTER_INPUTs  ; 0 / 4 ( 0 % )           ;
; HPS_INTERFACE_PERIPHERAL_SPI_MASTER_OUTPUTs ; 0 / 14 ( 0 % )          ;
; HPS_INTERFACE_PERIPHERAL_SPI_SLAVE_INPUTs   ; 0 / 6 ( 0 % )           ;
; HPS_INTERFACE_PERIPHERAL_SPI_SLAVE_OUTPUTs  ; 0 / 4 ( 0 % )           ;
; HPS_INTERFACE_PERIPHERAL_UART_INPUTs        ; 0 / 10 ( 0 % )          ;
; HPS_INTERFACE_PERIPHERAL_UART_OUTPUTs       ; 0 / 10 ( 0 % )          ;
; HPS_INTERFACE_PERIPHERAL_USB_INPUTs         ; 0 / 22 ( 0 % )          ;
; HPS_INTERFACE_PERIPHERAL_USB_OUTPUTs        ; 0 / 34 ( 0 % )          ;
; HPS_INTERFACE_STM_EVENT_INPUTs              ; 0 / 28 ( 0 % )          ;
; HPS_INTERFACE_TEST_INPUTs                   ; 0 / 610 ( 0 % )         ;
; HPS_INTERFACE_TEST_OUTPUTs                  ; 0 / 513 ( 0 % )         ;
; HPS_INTERFACE_TPIU_TRACE_INPUTs             ; 0 / 2 ( 0 % )           ;
; HPS_INTERFACE_TPIU_TRACE_OUTPUTs            ; 0 / 33 ( 0 % )          ;
; Horizontal periphery clocks                 ; 0 / 72 ( 0 % )          ;
; Local interconnects                         ; 699 / 84,580 ( < 1 % )  ;
; Quadrant clocks                             ; 0 / 66 ( 0 % )          ;
; R14 interconnects                           ; 176 / 12,676 ( 1 % )    ;
; R14/C12 interconnect drivers                ; 180 / 20,720 ( < 1 % )  ;
; R3 interconnects                            ; 2,364 / 130,992 ( 2 % ) ;
; R6 interconnects                            ; 3,819 / 266,960 ( 1 % ) ;
; Spine clocks                                ; 7 / 360 ( 2 % )         ;
; Wire stub REs                               ; 0 / 15,858 ( 0 % )      ;
+---------------------------------------------+-------------------------+


+------------------------------------------+
; I/O Rules Summary                        ;
+----------------------------------+-------+
; I/O Rules Statistic              ; Total ;
+----------------------------------+-------+
; Total I/O Rules                  ; 28    ;
; Number of I/O Rules Passed       ; 6     ;
; Number of I/O Rules Failed       ; 0     ;
; Number of I/O Rules Unchecked    ; 0     ;
; Number of I/O Rules Inapplicable ; 22    ;
+----------------------------------+-------+


+--------------------------------------------------------------------------------------------------------------------------------------------------------------------------------------------------------------------------------------------------------------------+
; I/O Rules Details                                                                                                                                                                                                                                                  ;
+--------------+-----------+-----------------------------------+------------------------------------------------------------------------------------+----------+--------------------------------------------------------------------------+------+-------------------+
; Status       ; ID        ; Category                          ; Rule Description                                                                   ; Severity ; Information                                                              ; Area ; Extra Information ;
+--------------+-----------+-----------------------------------+------------------------------------------------------------------------------------+----------+--------------------------------------------------------------------------+------+-------------------+
; Inapplicable ; IO_000002 ; Capacity Checks                   ; Number of clocks in an I/O bank should not exceed the number of clocks available.  ; Critical ; No Global Signal assignments found.                                      ; I/O  ;                   ;
; Pass         ; IO_000001 ; Capacity Checks                   ; Number of pins in an I/O bank should not exceed the number of locations available. ; Critical ; 0 such failures found.                                                   ; I/O  ;                   ;
; Pass         ; IO_000003 ; Capacity Checks                   ; Number of pins in a Vrefgroup should not exceed the number of locations available. ; Critical ; 0 such failures found.                                                   ; I/O  ;                   ;
; Inapplicable ; IO_000004 ; Voltage Compatibility Checks      ; The I/O bank should support the requested VCCIO.                                   ; Critical ; No IOBANK_VCCIO assignments found.                                       ; I/O  ;                   ;
; Inapplicable ; IO_000005 ; Voltage Compatibility Checks      ; The I/O bank should not have competing VREF values.                                ; Critical ; No VREF I/O Standard assignments found.                                  ; I/O  ;                   ;
; Pass         ; IO_000006 ; Voltage Compatibility Checks      ; The I/O bank should not have competing VCCIO values.                               ; Critical ; 0 such failures found.                                                   ; I/O  ;                   ;
; Pass         ; IO_000007 ; Valid Location Checks             ; Checks for unavailable locations.                                                  ; Critical ; 0 such failures found.                                                   ; I/O  ;                   ;
; Inapplicable ; IO_000008 ; Valid Location Checks             ; Checks for reserved locations.                                                     ; Critical ; No reserved LogicLock region found.                                      ; I/O  ;                   ;
; Inapplicable ; IO_000047 ; I/O Properties Checks for One I/O ; On Chip Termination and Slew Rate should not be used at the same time.             ; Critical ; No Slew Rate assignments found.                                          ; I/O  ;                   ;
; Inapplicable ; IO_000046 ; I/O Properties Checks for One I/O ; The location should support the requested Slew Rate value.                         ; Critical ; No Slew Rate assignments found.                                          ; I/O  ;                   ;
; Inapplicable ; IO_000045 ; I/O Properties Checks for One I/O ; The I/O standard should support the requested Slew Rate value.                     ; Critical ; No Slew Rate assignments found.                                          ; I/O  ;                   ;
; Inapplicable ; IO_000027 ; I/O Properties Checks for One I/O ; Weak Pull Up and Bus Hold should not be used at the same time.                     ; Critical ; No Enable Bus-Hold Circuitry or Weak Pull-Up Resistor assignments found. ; I/O  ;                   ;
; Inapplicable ; IO_000026 ; I/O Properties Checks for One I/O ; On Chip Termination and Current Strength should not be used at the same time.      ; Critical ; No Current Strength or Termination assignments found.                    ; I/O  ;                   ;
; Inapplicable ; IO_000024 ; I/O Properties Checks for One I/O ; The I/O direction should support the On Chip Termination value.                    ; Critical ; No Termination assignments found.                                        ; I/O  ;                   ;
; Inapplicable ; IO_000023 ; I/O Properties Checks for One I/O ; The I/O standard should support the Open Drain value.                              ; Critical ; No open drain assignments found.                                         ; I/O  ;                   ;
; Inapplicable ; IO_000022 ; I/O Properties Checks for One I/O ; The I/O standard should support the requested Bus Hold value.                      ; Critical ; No Enable Bus-Hold Circuitry assignments found.                          ; I/O  ;                   ;
; Inapplicable ; IO_000021 ; I/O Properties Checks for One I/O ; The I/O standard should support the requested Weak Pull Up value.                  ; Critical ; No Weak Pull-Up Resistor assignments found.                              ; I/O  ;                   ;
; Inapplicable ; IO_000020 ; I/O Properties Checks for One I/O ; The I/O standard should support the requested PCI Clamp Diode.                     ; Critical ; No Clamping Diode assignments found.                                     ; I/O  ;                   ;
; Inapplicable ; IO_000019 ; I/O Properties Checks for One I/O ; The I/O standard should support the requested On Chip Termination value.           ; Critical ; No Termination assignments found.                                        ; I/O  ;                   ;
; Inapplicable ; IO_000018 ; I/O Properties Checks for One I/O ; The I/O standard should support the requested Current Strength.                    ; Critical ; No Current Strength assignments found.                                   ; I/O  ;                   ;
; Inapplicable ; IO_000015 ; I/O Properties Checks for One I/O ; The location should support the requested PCI Clamp Diode.                         ; Critical ; No Clamping Diode assignments found.                                     ; I/O  ;                   ;
; Inapplicable ; IO_000014 ; I/O Properties Checks for One I/O ; The location should support the requested Weak Pull Up value.                      ; Critical ; No Weak Pull-Up Resistor assignments found.                              ; I/O  ;                   ;
; Inapplicable ; IO_000013 ; I/O Properties Checks for One I/O ; The location should support the requested Bus Hold value.                          ; Critical ; No Enable Bus-Hold Circuitry assignments found.                          ; I/O  ;                   ;
; Inapplicable ; IO_000012 ; I/O Properties Checks for One I/O ; The location should support the requested On Chip Termination value.               ; Critical ; No Termination assignments found.                                        ; I/O  ;                   ;
; Inapplicable ; IO_000011 ; I/O Properties Checks for One I/O ; The location should support the requested Current Strength.                        ; Critical ; No Current Strength assignments found.                                   ; I/O  ;                   ;
; Pass         ; IO_000010 ; I/O Properties Checks for One I/O ; The location should support the requested I/O direction.                           ; Critical ; 0 such failures found.                                                   ; I/O  ;                   ;
; Pass         ; IO_000009 ; I/O Properties Checks for One I/O ; The location should support the requested I/O standard.                            ; Critical ; 0 such failures found.                                                   ; I/O  ;                   ;
; Inapplicable ; IO_000034 ; SI Related Distance Checks        ; Single-ended outputs should be 0 LAB row(s) away from a differential I/O.          ; High     ; No Differential I/O Standard assignments found.                          ; I/O  ;                   ;
+--------------+-----------+-----------------------------------+------------------------------------------------------------------------------------+----------+--------------------------------------------------------------------------+------+-------------------+


+--------------------------------------------------------------------------------------------------------------------------------------------------------------------------------------------------------------------------------------------------------------------------------------------------------------------------------------------------------------------------------------------------------------------------------------+
; I/O Rules Matrix                                                                                                                                                                                                                                                                                                                                                                                                                     ;
+--------------------+--------------+-----------+-----------+--------------+--------------+-----------+-----------+--------------+--------------+--------------+--------------+--------------+--------------+--------------+--------------+--------------+--------------+--------------+--------------+--------------+--------------+--------------+--------------+--------------+--------------+-----------+-----------+--------------+
; Pin/Rules          ; IO_000002    ; IO_000001 ; IO_000003 ; IO_000004    ; IO_000005    ; IO_000006 ; IO_000007 ; IO_000008    ; IO_000047    ; IO_000046    ; IO_000045    ; IO_000027    ; IO_000026    ; IO_000024    ; IO_000023    ; IO_000022    ; IO_000021    ; IO_000020    ; IO_000019    ; IO_000018    ; IO_000015    ; IO_000014    ; IO_000013    ; IO_000012    ; IO_000011    ; IO_000010 ; IO_000009 ; IO_000034    ;
+--------------------+--------------+-----------+-----------+--------------+--------------+-----------+-----------+--------------+--------------+--------------+--------------+--------------+--------------+--------------+--------------+--------------+--------------+--------------+--------------+--------------+--------------+--------------+--------------+--------------+--------------+-----------+-----------+--------------+
; Total Pass         ; 0            ; 6         ; 6         ; 0            ; 0            ; 6         ; 6         ; 0            ; 0            ; 0            ; 0            ; 0            ; 0            ; 0            ; 0            ; 0            ; 0            ; 0            ; 0            ; 0            ; 0            ; 0            ; 0            ; 0            ; 0            ; 6         ; 6         ; 0            ;
; Total Unchecked    ; 0            ; 0         ; 0         ; 0            ; 0            ; 0         ; 0         ; 0            ; 0            ; 0            ; 0            ; 0            ; 0            ; 0            ; 0            ; 0            ; 0            ; 0            ; 0            ; 0            ; 0            ; 0            ; 0            ; 0            ; 0            ; 0         ; 0         ; 0            ;
; Total Inapplicable ; 6            ; 0         ; 0         ; 6            ; 6            ; 0         ; 0         ; 6            ; 6            ; 6            ; 6            ; 6            ; 6            ; 6            ; 6            ; 6            ; 6            ; 6            ; 6            ; 6            ; 6            ; 6            ; 6            ; 6            ; 6            ; 0         ; 0         ; 6            ;
; Total Fail         ; 0            ; 0         ; 0         ; 0            ; 0            ; 0         ; 0         ; 0            ; 0            ; 0            ; 0            ; 0            ; 0            ; 0            ; 0            ; 0            ; 0            ; 0            ; 0            ; 0            ; 0            ; 0            ; 0            ; 0            ; 0            ; 0         ; 0         ; 0            ;
; LEDR[0]            ; Inapplicable ; Pass      ; Pass      ; Inapplicable ; Inapplicable ; Pass      ; Pass      ; Inapplicable ; Inapplicable ; Inapplicable ; Inapplicable ; Inapplicable ; Inapplicable ; Inapplicable ; Inapplicable ; Inapplicable ; Inapplicable ; Inapplicable ; Inapplicable ; Inapplicable ; Inapplicable ; Inapplicable ; Inapplicable ; Inapplicable ; Inapplicable ; Pass      ; Pass      ; Inapplicable ;
; LEDR[1]            ; Inapplicable ; Pass      ; Pass      ; Inapplicable ; Inapplicable ; Pass      ; Pass      ; Inapplicable ; Inapplicable ; Inapplicable ; Inapplicable ; Inapplicable ; Inapplicable ; Inapplicable ; Inapplicable ; Inapplicable ; Inapplicable ; Inapplicable ; Inapplicable ; Inapplicable ; Inapplicable ; Inapplicable ; Inapplicable ; Inapplicable ; Inapplicable ; Pass      ; Pass      ; Inapplicable ;
; LEDR[2]            ; Inapplicable ; Pass      ; Pass      ; Inapplicable ; Inapplicable ; Pass      ; Pass      ; Inapplicable ; Inapplicable ; Inapplicable ; Inapplicable ; Inapplicable ; Inapplicable ; Inapplicable ; Inapplicable ; Inapplicable ; Inapplicable ; Inapplicable ; Inapplicable ; Inapplicable ; Inapplicable ; Inapplicable ; Inapplicable ; Inapplicable ; Inapplicable ; Pass      ; Pass      ; Inapplicable ;
; LEDR[3]            ; Inapplicable ; Pass      ; Pass      ; Inapplicable ; Inapplicable ; Pass      ; Pass      ; Inapplicable ; Inapplicable ; Inapplicable ; Inapplicable ; Inapplicable ; Inapplicable ; Inapplicable ; Inapplicable ; Inapplicable ; Inapplicable ; Inapplicable ; Inapplicable ; Inapplicable ; Inapplicable ; Inapplicable ; Inapplicable ; Inapplicable ; Inapplicable ; Pass      ; Pass      ; Inapplicable ;
; KEY[0]             ; Inapplicable ; Pass      ; Pass      ; Inapplicable ; Inapplicable ; Pass      ; Pass      ; Inapplicable ; Inapplicable ; Inapplicable ; Inapplicable ; Inapplicable ; Inapplicable ; Inapplicable ; Inapplicable ; Inapplicable ; Inapplicable ; Inapplicable ; Inapplicable ; Inapplicable ; Inapplicable ; Inapplicable ; Inapplicable ; Inapplicable ; Inapplicable ; Pass      ; Pass      ; Inapplicable ;
; CLOCK_50           ; Inapplicable ; Pass      ; Pass      ; Inapplicable ; Inapplicable ; Pass      ; Pass      ; Inapplicable ; Inapplicable ; Inapplicable ; Inapplicable ; Inapplicable ; Inapplicable ; Inapplicable ; Inapplicable ; Inapplicable ; Inapplicable ; Inapplicable ; Inapplicable ; Inapplicable ; Inapplicable ; Inapplicable ; Inapplicable ; Inapplicable ; Inapplicable ; Pass      ; Pass      ; Inapplicable ;
+--------------------+--------------+-----------+-----------+--------------+--------------+-----------+-----------+--------------+--------------+--------------+--------------+--------------+--------------+--------------+--------------+--------------+--------------+--------------+--------------+--------------+--------------+--------------+--------------+--------------+--------------+-----------+-----------+--------------+


+------------------------------------------------------------------------------------------------+
; Fitter Device Options                                                                          ;
+------------------------------------------------------------------+-----------------------------+
; Option                                                           ; Setting                     ;
+------------------------------------------------------------------+-----------------------------+
; Enable user-supplied start-up clock (CLKUSR)                     ; Off                         ;
; Enable device-wide reset (DEV_CLRn)                              ; Off                         ;
; Enable device-wide output enable (DEV_OE)                        ; Off                         ;
; Enable INIT_DONE output                                          ; Off                         ;
; Configuration scheme                                             ; Passive Serial              ;
; Enable Error Detection CRC_ERROR pin                             ; Off                         ;
; Enable CvP_CONFDONE pin                                          ; Off                         ;
; Enable open drain on CRC_ERROR pin                               ; On                          ;
; Enable open drain on CvP_CONFDONE pin                            ; On                          ;
; Enable open drain on INIT_DONE pin                               ; On                          ;
; Enable open drain on Partial Reconfiguration pins                ; Off                         ;
; Enable open drain on nCEO pin                                    ; On                          ;
; Enable Partial Reconfiguration pins                              ; Off                         ;
; Enable input tri-state on active configuration pins in user mode ; Off                         ;
; Enable internal scrubbing                                        ; Off                         ;
; Active Serial clock source                                       ; 100 MHz Internal Oscillator ;
; Device initialization clock source                               ; Internal Oscillator         ;
; Configuration via Protocol                                       ; Off                         ;
; Configuration Voltage Level                                      ; Auto                        ;
; Force Configuration Voltage Level                                ; Off                         ;
; Enable nCEO output                                               ; Off                         ;
; Data[15..8]                                                      ; Unreserved                  ;
; Data[7..5]                                                       ; Unreserved                  ;
; Base pin-out file on sameframe device                            ; Off                         ;
+------------------------------------------------------------------+-----------------------------+


+------------------------------------+
; Operating Settings and Conditions  ;
+---------------------------+--------+
; Setting                   ; Value  ;
+---------------------------+--------+
; Nominal Core Voltage      ; 1.10 V ;
; Low Junction Temperature  ; -40 °C ;
; High Junction Temperature ; 100 °C ;
+---------------------------+--------+


+------------------------------------------------------------+
; Estimated Delay Added for Hold Timing Summary              ;
+-----------------+----------------------+-------------------+
; Source Clock(s) ; Destination Clock(s) ; Delay Added in ns ;
+-----------------+----------------------+-------------------+
; CLOCK_50        ; CLOCK_50             ; 209.7             ;
; I/O             ; CLOCK_50             ; 102.4             ;
; CLOCK_50,I/O    ; CLOCK_50             ; 38.4              ;
+-----------------+----------------------+-------------------+
Note: For more information on problematic transfers, consider running the Fitter again with the Optimize hold timing option (Settings Menu) turned off.
This will disable optimization of problematic paths and expose them for further analysis using the Timing Analyzer.


+-----------------------------------------------------------------------------------------------------------------+
; Estimated Delay Added for Hold Timing Details                                                                   ;
+--------------------------------------------------+------------------------------------------+-------------------+
; Source Register                                  ; Destination Register                     ; Delay Added in ns ;
+--------------------------------------------------+------------------------------------------+-------------------+
; KEY[0]                                           ; cnn_small_core:u_core|predicted_class[2] ; 2.083             ;
; cnn_small_core:u_core|class_idx[3]~_Duplicate_1  ; cnn_small_core:u_core|acc[5]             ; 1.210             ;
; cnn_small_core:u_core|class_idx[2]~_Duplicate_1  ; cnn_small_core:u_core|acc[5]             ; 1.210             ;
; cnn_small_core:u_core|class_idx[1]~_Duplicate_1  ; cnn_small_core:u_core|acc[5]             ; 1.210             ;
; cnn_small_core:u_core|class_idx[0]~_Duplicate_1  ; cnn_small_core:u_core|acc[5]             ; 1.210             ;
; cnn_small_core:u_core|state.FCS                  ; cnn_small_core:u_core|best_value[54]     ; 1.188             ;
; cnn_small_core:u_core|state.FCM                  ; cnn_small_core:u_core|acc[2]             ; 1.096             ;
; cnn_small_core:u_core|state.C2M                  ; cnn_small_core:u_core|acc[2]             ; 1.096             ;
; cnn_small_core:u_core|out_f[31]                  ; cnn_small_core:u_core|acc[2]             ; 1.096             ;
; cnn_small_core:u_core|out_f[30]                  ; cnn_small_core:u_core|acc[2]             ; 1.096             ;
; cnn_small_core:u_core|out_f[28]                  ; cnn_small_core:u_core|acc[2]             ; 1.096             ;
; cnn_small_core:u_core|out_f[29]                  ; cnn_small_core:u_core|acc[2]             ; 1.096             ;
; cnn_small_core:u_core|out_f[27]                  ; cnn_small_core:u_core|acc[2]             ; 1.096             ;
; cnn_small_core:u_core|out_f[26]                  ; cnn_small_core:u_core|acc[2]             ; 1.096             ;
; cnn_small_core:u_core|out_f[25]                  ; cnn_small_core:u_core|acc[2]             ; 1.096             ;
; cnn_small_core:u_core|out_f[24]                  ; cnn_small_core:u_core|acc[2]             ; 1.096             ;
; cnn_small_core:u_core|out_f[23]                  ; cnn_small_core:u_core|acc[2]             ; 1.096             ;
; cnn_small_core:u_core|out_f[22]                  ; cnn_small_core:u_core|acc[2]             ; 1.096             ;
; cnn_small_core:u_core|out_f[21]                  ; cnn_small_core:u_core|acc[2]             ; 1.096             ;
; cnn_small_core:u_core|out_f[19]                  ; cnn_small_core:u_core|acc[2]             ; 1.096             ;
; cnn_small_core:u_core|out_f[18]                  ; cnn_small_core:u_core|acc[2]             ; 1.096             ;
; cnn_small_core:u_core|out_f[17]~_Duplicate_2     ; cnn_small_core:u_core|acc[2]             ; 1.096             ;
; cnn_small_core:u_core|out_f[16]~_Duplicate_2     ; cnn_small_core:u_core|acc[2]             ; 1.096             ;
; cnn_small_core:u_core|out_f[15]~_Duplicate_2     ; cnn_small_core:u_core|acc[2]             ; 1.096             ;
; cnn_small_core:u_core|out_f[14]~_Duplicate_2     ; cnn_small_core:u_core|acc[2]             ; 1.096             ;
; cnn_small_core:u_core|out_f[13]~_Duplicate_2     ; cnn_small_core:u_core|acc[2]             ; 1.096             ;
; cnn_small_core:u_core|out_f[12]~_Duplicate_2     ; cnn_small_core:u_core|acc[2]             ; 1.096             ;
; cnn_small_core:u_core|out_f[11]~_Duplicate_2     ; cnn_small_core:u_core|acc[2]             ; 1.096             ;
; cnn_small_core:u_core|out_f[10]~_Duplicate_2     ; cnn_small_core:u_core|acc[2]             ; 1.096             ;
; cnn_small_core:u_core|out_f[9]~_Duplicate_2      ; cnn_small_core:u_core|acc[2]             ; 1.096             ;
; cnn_small_core:u_core|out_f[8]~_Duplicate_2      ; cnn_small_core:u_core|acc[2]             ; 1.096             ;
; cnn_small_core:u_core|out_f[7]~_Duplicate_2      ; cnn_small_core:u_core|acc[2]             ; 1.096             ;
; cnn_small_core:u_core|out_f[6]~_Duplicate_2      ; cnn_small_core:u_core|acc[2]             ; 1.096             ;
; cnn_small_core:u_core|out_f[5]~_Duplicate_2      ; cnn_small_core:u_core|acc[2]             ; 1.096             ;
; cnn_small_core:u_core|out_f[4]~_Duplicate_2      ; cnn_small_core:u_core|acc[2]             ; 1.096             ;
; cnn_small_core:u_core|out_f[2]~_Duplicate_2      ; cnn_small_core:u_core|acc[2]             ; 1.096             ;
; cnn_small_core:u_core|out_f[1]~_Duplicate_2      ; cnn_small_core:u_core|acc[2]             ; 1.096             ;
; cnn_small_core:u_core|out_f[0]~_Duplicate_2      ; cnn_small_core:u_core|acc[2]             ; 1.096             ;
; cnn_small_core:u_core|out_f[3]~_Duplicate_2      ; cnn_small_core:u_core|acc[2]             ; 1.096             ;
; cnn_small_core:u_core|out_f[20]                  ; cnn_small_core:u_core|acc[2]             ; 1.096             ;
; cnn_small_core:u_core|state.C1M                  ; cnn_small_core:u_core|acc[2]             ; 1.096             ;
; cnn_small_core:u_core|state.C2WR                 ; cnn_small_core:u_core|acc[2]             ; 1.096             ;
; cnn_small_core:u_core|state.P2S                  ; cnn_small_core:u_core|state.P2WR         ; 0.996             ;
; cnn_small_core:u_core|class_idx[4]~_Duplicate_1  ; cnn_small_core:u_core|fc_feature[26]     ; 0.962             ;
; cnn_small_core:u_core|state.P2R2                 ; cnn_small_core:u_core|c2_raddr[0]        ; 0.934             ;
; cnn_small_core:u_core|class_idx[19]              ; cnn_small_core:u_core|fc_feature[26]     ; 0.931             ;
; cnn_small_core:u_core|class_idx[18]              ; cnn_small_core:u_core|fc_feature[26]     ; 0.931             ;
; cnn_small_core:u_core|class_idx[17]~_Duplicate_1 ; cnn_small_core:u_core|fc_feature[26]     ; 0.931             ;
; cnn_small_core:u_core|class_idx[20]              ; cnn_small_core:u_core|fc_feature[26]     ; 0.931             ;
; cnn_small_core:u_core|class_idx[30]              ; cnn_small_core:u_core|fc_feature[26]     ; 0.918             ;
; cnn_small_core:u_core|class_idx[29]              ; cnn_small_core:u_core|fc_feature[26]     ; 0.918             ;
; cnn_small_core:u_core|class_idx[28]              ; cnn_small_core:u_core|fc_feature[26]     ; 0.918             ;
; cnn_small_core:u_core|class_idx[27]              ; cnn_small_core:u_core|fc_feature[26]     ; 0.918             ;
; cnn_small_core:u_core|class_idx[31]              ; cnn_small_core:u_core|fc_feature[26]     ; 0.918             ;
; cnn_small_core:u_core|class_idx[25]              ; cnn_small_core:u_core|fc_feature[26]     ; 0.918             ;
; cnn_small_core:u_core|class_idx[24]              ; cnn_small_core:u_core|fc_feature[26]     ; 0.918             ;
; cnn_small_core:u_core|class_idx[23]              ; cnn_small_core:u_core|fc_feature[26]     ; 0.918             ;
; cnn_small_core:u_core|class_idx[22]              ; cnn_small_core:u_core|fc_feature[26]     ; 0.918             ;
; cnn_small_core:u_core|class_idx[21]              ; cnn_small_core:u_core|fc_feature[26]     ; 0.918             ;
; cnn_small_core:u_core|class_idx[26]              ; cnn_small_core:u_core|fc_feature[26]     ; 0.918             ;
; cnn_small_core:u_core|class_idx[16]~_Duplicate_1 ; cnn_small_core:u_core|fc_feature[26]     ; 0.918             ;
; cnn_small_core:u_core|class_idx[15]~_Duplicate_1 ; cnn_small_core:u_core|fc_feature[26]     ; 0.918             ;
; cnn_small_core:u_core|class_idx[14]~_Duplicate_1 ; cnn_small_core:u_core|fc_feature[26]     ; 0.918             ;
; cnn_small_core:u_core|class_idx[13]~_Duplicate_1 ; cnn_small_core:u_core|fc_feature[26]     ; 0.918             ;
; cnn_small_core:u_core|class_idx[12]~_Duplicate_1 ; cnn_small_core:u_core|fc_feature[26]     ; 0.918             ;
; cnn_small_core:u_core|class_idx[11]~_Duplicate_1 ; cnn_small_core:u_core|fc_feature[26]     ; 0.918             ;
; cnn_small_core:u_core|class_idx[9]~_Duplicate_1  ; cnn_small_core:u_core|fc_feature[26]     ; 0.918             ;
; cnn_small_core:u_core|class_idx[10]~_Duplicate_1 ; cnn_small_core:u_core|fc_feature[26]     ; 0.918             ;
; cnn_small_core:u_core|class_idx[8]~_Duplicate_1  ; cnn_small_core:u_core|fc_feature[26]     ; 0.918             ;
; cnn_small_core:u_core|class_idx[7]~_Duplicate_1  ; cnn_small_core:u_core|fc_feature[26]     ; 0.918             ;
; cnn_small_core:u_core|class_idx[6]~_Duplicate_1  ; cnn_small_core:u_core|fc_feature[26]     ; 0.918             ;
; cnn_small_core:u_core|fc_feature[30]             ; cnn_small_core:u_core|fc_feature[26]     ; 0.918             ;
; cnn_small_core:u_core|fc_feature[29]             ; cnn_small_core:u_core|fc_feature[26]     ; 0.918             ;
; cnn_small_core:u_core|fc_feature[28]             ; cnn_small_core:u_core|fc_feature[26]     ; 0.918             ;
; cnn_small_core:u_core|fc_feature[31]             ; cnn_small_core:u_core|fc_feature[26]     ; 0.918             ;
; cnn_small_core:u_core|fc_feature[27]             ; cnn_small_core:u_core|fc_feature[26]     ; 0.918             ;
; cnn_small_core:u_core|fc_feature[25]             ; cnn_small_core:u_core|fc_feature[26]     ; 0.918             ;
; cnn_small_core:u_core|fc_feature[24]             ; cnn_small_core:u_core|fc_feature[26]     ; 0.918             ;
; cnn_small_core:u_core|fc_feature[23]             ; cnn_small_core:u_core|fc_feature[26]     ; 0.918             ;
; cnn_small_core:u_core|fc_feature[22]             ; cnn_small_core:u_core|fc_feature[26]     ; 0.918             ;
; cnn_small_core:u_core|fc_feature[21]             ; cnn_small_core:u_core|fc_feature[26]     ; 0.918             ;
; cnn_small_core:u_core|fc_feature[20]             ; cnn_small_core:u_core|fc_feature[26]     ; 0.918             ;
; cnn_small_core:u_core|fc_feature[19]             ; cnn_small_core:u_core|fc_feature[26]     ; 0.918             ;
; cnn_small_core:u_core|fc_feature[18]             ; cnn_small_core:u_core|fc_feature[26]     ; 0.918             ;
; cnn_small_core:u_core|fc_feature[17]             ; cnn_small_core:u_core|fc_feature[26]     ; 0.918             ;
; cnn_small_core:u_core|fc_feature[16]             ; cnn_small_core:u_core|fc_feature[26]     ; 0.918             ;
; cnn_small_core:u_core|fc_feature[15]             ; cnn_small_core:u_core|fc_feature[26]     ; 0.918             ;
; cnn_small_core:u_core|fc_feature[14]             ; cnn_small_core:u_core|fc_feature[26]     ; 0.918             ;
; cnn_small_core:u_core|fc_feature[13]             ; cnn_small_core:u_core|fc_feature[26]     ; 0.918             ;
; cnn_small_core:u_core|fc_feature[12]             ; cnn_small_core:u_core|fc_feature[26]     ; 0.918             ;
; cnn_small_core:u_core|fc_feature[11]             ; cnn_small_core:u_core|fc_feature[26]     ; 0.918             ;
; cnn_small_core:u_core|fc_feature[10]             ; cnn_small_core:u_core|fc_feature[26]     ; 0.918             ;
; cnn_small_core:u_core|fc_feature[9]              ; cnn_small_core:u_core|fc_feature[26]     ; 0.918             ;
; cnn_small_core:u_core|fc_feature[8]              ; cnn_small_core:u_core|fc_feature[26]     ; 0.918             ;
; cnn_small_core:u_core|fc_feature[7]              ; cnn_small_core:u_core|fc_feature[26]     ; 0.918             ;
; cnn_small_core:u_core|fc_feature[6]              ; cnn_small_core:u_core|fc_feature[26]     ; 0.918             ;
; cnn_small_core:u_core|fc_feature[5]              ; cnn_small_core:u_core|fc_feature[26]     ; 0.918             ;
; cnn_small_core:u_core|fc_feature[4]              ; cnn_small_core:u_core|fc_feature[26]     ; 0.918             ;
; cnn_small_core:u_core|fc_feature[3]              ; cnn_small_core:u_core|fc_feature[26]     ; 0.918             ;
; cnn_small_core:u_core|fc_feature[2]              ; cnn_small_core:u_core|fc_feature[26]     ; 0.918             ;
+--------------------------------------------------+------------------------------------------+-------------------+
Note: This table only shows the top 100 path(s) that have the largest delay added for hold.


+-----------------+
; Fitter Messages ;
+-----------------+
Info (20032): Parallel compilation is enabled and will use up to 8 processors
Info (119006): Selected device 5CSXFC6D6F31I7 for design "cnn_full_small"
Info (21076): High junction temperature operating condition is not set. Assuming a default value of '100'.
Info (21076): Low junction temperature operating condition is not set. Assuming a default value of '-40'.
Info (171003): Fitter is performing an Auto Fit compilation, which may decrease Fitter effort to reduce compilation time
Warning (292013): Feature LogicLock is only available with a valid subscription license. You can purchase a software subscription to gain full access to this feature.
Warning (15714): Some pins have incomplete I/O assignments. Refer to the I/O Assignment Warnings report for details
Info (176045): Design uses memory blocks. Violating setup or hold times of memory block address registers for either read or write operations could cause memory contents to be corrupted. Make sure that all memory block address registers meet the setup and hold time requirements.
Info (184020): Starting Fitter periphery placement operations
Info (11191): Automatically promoted 1 clock (1 global)
    Info (11162): CLOCK_50~inputCLKENA0 with 981 fanout uses global clock CLKCTRL_G5
Info (184021): Fitter periphery placement operations ending: elapsed time is 00:00:00
Info (176233): Starting register packing
Info (332104): Reading SDC File: 'cnn_full_small.sdc'
Info (332143): No user constrained clock uncertainty found in the design. Calling "derive_clock_uncertainty"
Info (332123): Deriving Clock Uncertainty. Please refer to report_sdc in the Timing Analyzer to see clock uncertainties.
Info (332129): Detected timing requirements -- optimizing circuit to achieve only the specified requirements
Info (332111): Found 1 clocks
    Info (332111):   Period   Clock Name
    Info (332111): ======== ============
    Info (332111):   20.000     CLOCK_50
Info (176235): Finished register packing
    Extra Info (176218): Packed 126 registers into blocks of type DSP block
    Extra Info (176220): Created 126 register duplicates
Info (11798): Fitter preparation operations ending: elapsed time is 00:00:09
Info (170189): Fitter placement preparation operations beginning
Info (14951): The Fitter is using Advanced Physical Optimization.
Info (170190): Fitter placement preparation operations ending: elapsed time is 00:00:22
Info (170191): Fitter placement operations beginning
Info (170137): Fitter placement was successful
Info (170192): Fitter placement operations ending: elapsed time is 00:00:04
Info (170193): Fitter routing operations beginning
Info (170195): Router estimated average interconnect usage is 1% of the available device resources
    Info (170196): Router estimated peak interconnect usage is 16% of the available device resources in the region that extends from location X22_Y11 to location X32_Y22
Info (170199): The Fitter performed an Auto Fit compilation.  Optimizations were skipped to reduce compilation time.
    Info (170201): Optimizations that may affect the design's routability were skipped
    Info (170200): Optimizations that may affect the design's timing were skipped
Info (170194): Fitter routing operations ending: elapsed time is 00:00:04
Info (11888): Total time spent on timing analysis during the Fitter is 3.99 seconds.
Info (334003): Started post-fitting delay annotation
Info (334004): Delay annotation completed successfully
Info (334003): Started post-fitting delay annotation
Info (334004): Delay annotation completed successfully
Info (11801): Fitter post-fit operations ending: elapsed time is 00:00:06
Info: Quartus Prime Fitter was successful. 0 errors, 2 warnings
    Info: Peak virtual memory: 2214 megabytes
    Info: Processing ended: Fri Sep 11 02:23:52 2026
    Info: Elapsed time: 00:01:21
    Info: Total CPU time (on all processors): 00:03:21


