-- begin_signature
-- cnn_sp_ram(WIDTH
-- 8
-- DEPTH
-- 7840
-- AW
-- 13
-- INIT_FILE
-- "data/int8/fc1_weight.mem")
-- end_signature
WIDTH=8;
DEPTH=7840;

ADDRESS_RADIX=UNS;
DATA_RADIX=BIN;

CONTENT BEGIN
	7839 :	00010100;
	7838 :	00010010;
	7837 :	00011100;
	7836 :	00010011;
	7835 :	11111100;
	7834 :	00000111;
	7833 :	00001101;
	7832 :	00010001;
	7831 :	00010100;
	7830 :	11100111;
	7829 :	11101001;
	7828 :	11110100;
	7827 :	11101110;
	7826 :	11100001;
	7825 :	11011000;
	7824 :	11100101;
	7823 :	00000100;
	7822 :	00001000;
	7821 :	00001110;
	7820 :	11111100;
	7819 :	11110110;
	7818 :	11110000;
	7817 :	11010001;
	7816 :	00010010;
	7815 :	00001101;
	7814 :	00100000;
	7813 :	00010010;
	7812 :	11111101;
	7811 :	11111111;
	7810 :	00010100;
	7809 :	11101101;
	7808 :	00000000;
	7807 :	00011001;
	7806 :	00000110;
	7805 :	00001011;
	7804 :	11111000;
	7803 :	00001101;
	7802 :	00011000;
	7801 :	00000101;
	7800 :	11010000;
	7799 :	11100100;
	7798 :	11110110;
	7797 :	00000010;
	7796 :	11001110;
	7795 :	11101000;
	7794 :	11100011;
	7793 :	11100000;
	7792 :	11111010;
	7791 :	11001010;
	7790 :	00000110;
	7789 :	00010101;
	7788 :	00000101;
	7787 :	00000101;
	7786 :	00000000;
	7785 :	00001111;
	7784 :	00001101;
	7783 :	11111110;
	7782 :	11110001;
	7781 :	11111101;
	7780 :	11101111;
	7779 :	11111000;
	7778 :	11110011;
	7777 :	11101101;
	7776 :	11110010;
	7775 :	11111101;
	7774 :	11111100;
	7773 :	11111101;
	7772 :	11110001;
	7771 :	11101101;
	7770 :	11111111;
	7769 :	11100011;
	7768 :	00000011;
	7767 :	00000101;
	7766 :	00011111;
	7765 :	11110101;
	7764 :	00000010;
	7763 :	00001100;
	7762 :	11101100;
	7761 :	11110001;
	7760 :	00001000;
	7759 :	00001101;
	7758 :	00001111;
	7757 :	00010000;
	7756 :	00000100;
	7755 :	11110011;
	7754 :	11101111;
	7753 :	00010011;
	7752 :	00011011;
	7751 :	00000000;
	7750 :	11110110;
	7749 :	11111011;
	7748 :	11011100;
	7747 :	11111100;
	7746 :	00000000;
	7745 :	11101110;
	7744 :	10111011;
	7743 :	11010110;
	7742 :	11111100;
	7741 :	00011110;
	7740 :	00011101;
	7739 :	00000011;
	7738 :	11111101;
	7737 :	11101110;
	7736 :	11111101;
	7735 :	00010001;
	7734 :	00000111;
	7733 :	11111100;
	7732 :	11101101;
	7731 :	11110001;
	7730 :	11101111;
	7729 :	00001110;
	7728 :	11110001;
	7727 :	11111010;
	7726 :	11110011;
	7725 :	11001001;
	7724 :	11100111;
	7723 :	00010111;
	7722 :	00001111;
	7721 :	11100101;
	7720 :	11111101;
	7719 :	11110101;
	7718 :	11110110;
	7717 :	00010000;
	7716 :	00010100;
	7715 :	00010000;
	7714 :	11110110;
	7713 :	00000100;
	7712 :	00010011;
	7711 :	00011111;
	7710 :	00001011;
	7709 :	11111011;
	7708 :	11111001;
	7707 :	11110111;
	7706 :	11110001;
	7705 :	00010001;
	7704 :	00010101;
	7703 :	00010110;
	7702 :	11111110;
	7701 :	11111110;
	7700 :	11101100;
	7699 :	11100010;
	7698 :	11101110;
	7697 :	11111111;
	7696 :	11111000;
	7695 :	11110111;
	7694 :	11101011;
	7693 :	11110010;
	7692 :	00011100;
	7691 :	00001000;
	7690 :	11100111;
	7689 :	11011100;
	7688 :	11101110;
	7687 :	11110101;
	7686 :	00000010;
	7685 :	00001010;
	7684 :	11101011;
	7683 :	11101011;
	7682 :	11111100;
	7681 :	00100111;
	7680 :	00001101;
	7679 :	11101011;
	7678 :	00000101;
	7677 :	10011110;
	7676 :	11000110;
	7675 :	00100100;
	7674 :	00101010;
	7673 :	00001100;
	7672 :	11100001;
	7671 :	11010010;
	7670 :	10101010;
	7669 :	10111101;
	7668 :	00100100;
	7667 :	00001110;
	7666 :	11001000;
	7665 :	11101011;
	7664 :	11010000;
	7663 :	11111000;
	7662 :	00001010;
	7661 :	00001111;
	7660 :	11101010;
	7659 :	11000001;
	7658 :	11011010;
	7657 :	11111110;
	7656 :	11111110;
	7655 :	00100011;
	7654 :	00010001;
	7653 :	11111111;
	7652 :	00000000;
	7651 :	11100011;
	7650 :	11101101;
	7649 :	00100100;
	7648 :	00010100;
	7647 :	00000000;
	7646 :	00011111;
	7645 :	00001101;
	7644 :	11110011;
	7643 :	00011000;
	7642 :	00000110;
	7641 :	11111100;
	7640 :	11111000;
	7639 :	11111010;
	7638 :	00010011;
	7637 :	11111000;
	7636 :	11111111;
	7635 :	00000001;
	7634 :	11101001;
	7633 :	11110001;
	7632 :	11111101;
	7631 :	00010100;
	7630 :	11110110;
	7629 :	11100001;
	7628 :	11111101;
	7627 :	00000111;
	7626 :	00000000;
	7625 :	11110000;
	7624 :	11110100;
	7623 :	11110111;
	7622 :	11111001;
	7621 :	00001110;
	7620 :	00010111;
	7619 :	11110000;
	7618 :	11111001;
	7617 :	11111010;
	7616 :	11011111;
	7615 :	11011110;
	7614 :	11111001;
	7613 :	00010111;
	7612 :	11110101;
	7611 :	00000010;
	7610 :	00010101;
	7609 :	11100100;
	7608 :	11101001;
	7607 :	11011000;
	7606 :	11111010;
	7605 :	11110110;
	7604 :	00010011;
	7603 :	11101110;
	7602 :	11110111;
	7601 :	00000001;
	7600 :	11110010;
	7599 :	11101110;
	7598 :	11100001;
	7597 :	11111110;
	7596 :	11111010;
	7595 :	00001001;
	7594 :	00010010;
	7593 :	11101101;
	7592 :	11110001;
	7591 :	00010111;
	7590 :	00110111;
	7589 :	00010111;
	7588 :	11110111;
	7587 :	11111011;
	7586 :	00000100;
	7585 :	11110110;
	7584 :	00010101;
	7583 :	00010011;
	7582 :	11111111;
	7581 :	11100110;
	7580 :	11111000;
	7579 :	00000011;
	7578 :	11111110;
	7577 :	11111110;
	7576 :	10001000;
	7575 :	10111000;
	7574 :	10110011;
	7573 :	00010010;
	7572 :	00000010;
	7571 :	11111011;
	7570 :	10111101;
	7569 :	11000011;
	7568 :	11101110;
	7567 :	11110110;
	7566 :	11110100;
	7565 :	11110001;
	7564 :	00000101;
	7563 :	11011011;
	7562 :	00011000;
	7561 :	00011001;
	7560 :	11111100;
	7559 :	11101011;
	7558 :	11011111;
	7557 :	11101010;
	7556 :	11101100;
	7555 :	00000111;
	7554 :	00000110;
	7553 :	01001001;
	7552 :	11001110;
	7551 :	00000101;
	7550 :	11001100;
	7549 :	10101111;
	7548 :	11000000;
	7547 :	11010011;
	7546 :	11001000;
	7545 :	00001101;
	7544 :	11111110;
	7543 :	00011010;
	7542 :	00110110;
	7541 :	00001111;
	7540 :	00011010;
	7539 :	00001101;
	7538 :	00000111;
	7537 :	00001111;
	7536 :	11111110;
	7535 :	11110111;
	7534 :	11100000;
	7533 :	00000110;
	7532 :	11111100;
	7531 :	11110000;
	7530 :	00011100;
	7529 :	00001010;
	7528 :	11101000;
	7527 :	00001010;
	7526 :	00011110;
	7525 :	11000010;
	7524 :	11101010;
	7523 :	11100110;
	7522 :	11011101;
	7521 :	11101001;
	7520 :	00011111;
	7519 :	00011000;
	7518 :	10111010;
	7517 :	11101101;
	7516 :	11111010;
	7515 :	11111101;
	7514 :	00010110;
	7513 :	00010011;
	7512 :	11111100;
	7511 :	11101101;
	7510 :	11001110;
	7509 :	00000101;
	7508 :	00000011;
	7507 :	00010110;
	7506 :	11110100;
	7505 :	11111010;
	7504 :	11100011;
	7503 :	11100011;
	7502 :	11100101;
	7501 :	11111010;
	7500 :	00000010;
	7499 :	00010010;
	7498 :	11110011;
	7497 :	11100111;
	7496 :	11110100;
	7495 :	11110110;
	7494 :	11110001;
	7493 :	11101101;
	7492 :	00001011;
	7491 :	00010110;
	7490 :	00001100;
	7489 :	11101101;
	7488 :	11101000;
	7487 :	11101100;
	7486 :	00000111;
	7485 :	00000110;
	7484 :	00001101;
	7483 :	00000100;
	7482 :	00000101;
	7481 :	11011101;
	7480 :	00000111;
	7479 :	00010110;
	7478 :	11111111;
	7477 :	11100001;
	7476 :	11101011;
	7475 :	11110101;
	7474 :	11110010;
	7473 :	11111001;
	7472 :	00001101;
	7471 :	11000001;
	7470 :	11110010;
	7469 :	00010000;
	7468 :	11100111;
	7467 :	11111110;
	7466 :	00010100;
	7465 :	00001100;
	7464 :	00010000;
	7463 :	00010100;
	7462 :	00010110;
	7461 :	11111010;
	7460 :	11100101;
	7459 :	00000001;
	7458 :	00001101;
	7457 :	00000110;
	7456 :	00000001;
	7455 :	00000000;
	7454 :	11111100;
	7453 :	00001111;
	7452 :	11110011;
	7451 :	11110101;
	7450 :	11111011;
	7449 :	11110100;
	7448 :	11110110;
	7447 :	00010100;
	7446 :	00001011;
	7445 :	00000100;
	7444 :	00000111;
	7443 :	00001111;
	7442 :	00001101;
	7441 :	00001001;
	7440 :	00001100;
	7439 :	11110011;
	7438 :	11111010;
	7437 :	00001001;
	7436 :	11111111;
	7435 :	11111010;
	7434 :	11101010;
	7433 :	00000000;
	7432 :	00010101;
	7431 :	11110101;
	7430 :	00001100;
	7429 :	11011101;
	7428 :	11111100;
	7427 :	11110001;
	7426 :	11011001;
	7425 :	00011011;
	7424 :	11111001;
	7423 :	00010011;
	7422 :	11110100;
	7421 :	11111110;
	7420 :	00001011;
	7419 :	11110110;
	7418 :	11111101;
	7417 :	00000011;
	7416 :	00001010;
	7415 :	00010111;
	7414 :	00010100;
	7413 :	00010101;
	7412 :	11001101;
	7411 :	11100101;
	7410 :	11111010;
	7409 :	00010111;
	7408 :	00001011;
	7407 :	00000101;
	7406 :	11111001;
	7405 :	11111101;
	7404 :	11111011;
	7403 :	11100110;
	7402 :	11010100;
	7401 :	11101100;
	7400 :	11010000;
	7399 :	11111011;
	7398 :	11111011;
	7397 :	11100001;
	7396 :	00010010;
	7395 :	00011101;
	7394 :	00011110;
	7393 :	00000111;
	7392 :	00001110;
	7391 :	11111010;
	7390 :	11111010;
	7389 :	00001000;
	7388 :	00011100;
	7387 :	11101110;
	7386 :	11111011;
	7385 :	11110101;
	7384 :	11111110;
	7383 :	00010000;
	7382 :	00001101;
	7381 :	11111110;
	7380 :	11010000;
	7379 :	11101111;
	7378 :	11110111;
	7377 :	11111011;
	7376 :	00001110;
	7375 :	11111001;
	7374 :	11100101;
	7373 :	11111011;
	7372 :	11111101;
	7371 :	00000110;
	7370 :	00001001;
	7369 :	10111101;
	7368 :	11101100;
	7367 :	11000111;
	7366 :	00001101;
	7365 :	00000111;
	7364 :	00011110;
	7363 :	00010000;
	7362 :	10110011;
	7361 :	10111010;
	7360 :	11010001;
	7359 :	11101010;
	7358 :	11111110;
	7357 :	11110110;
	7356 :	00000111;
	7355 :	11100010;
	7354 :	11100011;
	7353 :	11010100;
	7352 :	11010011;
	7351 :	11100110;
	7350 :	11101110;
	7349 :	00010101;
	7348 :	00011000;
	7347 :	00011011;
	7346 :	00011110;
	7345 :	00001001;
	7344 :	00001000;
	7343 :	11110111;
	7342 :	00011110;
	7341 :	00001010;
	7340 :	00000110;
	7339 :	11111111;
	7338 :	11101000;
	7337 :	11111110;
	7336 :	00000011;
	7335 :	11110011;
	7334 :	11101011;
	7333 :	00000000;
	7332 :	11010000;
	7331 :	00010111;
	7330 :	00001001;
	7329 :	11011100;
	7328 :	11100111;
	7327 :	11100110;
	7326 :	11111011;
	7325 :	11110101;
	7324 :	00001001;
	7323 :	00011110;
	7322 :	11010100;
	7321 :	00001100;
	7320 :	00010011;
	7319 :	00001001;
	7318 :	00001010;
	7317 :	11101001;
	7316 :	11011101;
	7315 :	11011100;
	7314 :	00000101;
	7313 :	00101010;
	7312 :	00001000;
	7311 :	11101011;
	7310 :	10110111;
	7309 :	11010011;
	7308 :	11101000;
	7307 :	00000111;
	7306 :	11111100;
	7305 :	00000100;
	7304 :	11101000;
	7303 :	00000010;
	7302 :	11101111;
	7301 :	11101011;
	7300 :	00000000;
	7299 :	00010100;
	7298 :	00001011;
	7297 :	00001010;
	7296 :	00001110;
	7295 :	11111101;
	7294 :	00000110;
	7293 :	11111101;
	7292 :	11101101;
	7291 :	11111011;
	7290 :	00000101;
	7289 :	11111010;
	7288 :	11100101;
	7287 :	11111011;
	7286 :	00000011;
	7285 :	11101100;
	7284 :	11110000;
	7283 :	00000110;
	7282 :	11100000;
	7281 :	00001010;
	7280 :	00000010;
	7279 :	11100001;
	7278 :	00000100;
	7277 :	11110101;
	7276 :	00001011;
	7275 :	11110100;
	7274 :	00010001;
	7273 :	00001001;
	7272 :	11111100;
	7271 :	00000011;
	7270 :	11111101;
	7269 :	00010110;
	7268 :	00000001;
	7267 :	00001101;
	7266 :	11111111;
	7265 :	11110010;
	7264 :	11111100;
	7263 :	00010010;
	7262 :	00100101;
	7261 :	00010001;
	7260 :	11100011;
	7259 :	00001110;
	7258 :	11111111;
	7257 :	11110101;
	7256 :	11100101;
	7255 :	11011000;
	7254 :	11000000;
	7253 :	11101010;
	7252 :	11111110;
	7251 :	00011001;
	7250 :	00001010;
	7249 :	00001111;
	7248 :	11111110;
	7247 :	11111000;
	7246 :	11111111;
	7245 :	11111011;
	7244 :	00000011;
	7243 :	11110001;
	7242 :	11100001;
	7241 :	11111111;
	7240 :	00010001;
	7239 :	00011010;
	7238 :	11110101;
	7237 :	11101010;
	7236 :	11011011;
	7235 :	11111000;
	7234 :	00100011;
	7233 :	00110000;
	7232 :	00001000;
	7231 :	11111110;
	7230 :	11110010;
	7229 :	11100101;
	7228 :	11110101;
	7227 :	00101110;
	7226 :	11111011;
	7225 :	11101111;
	7224 :	11111001;
	7223 :	11110001;
	7222 :	11100000;
	7221 :	11111101;
	7220 :	11101010;
	7219 :	11100000;
	7218 :	11011110;
	7217 :	11110110;
	7216 :	11101110;
	7215 :	11110011;
	7214 :	00001010;
	7213 :	11111111;
	7212 :	11101011;
	7211 :	11100001;
	7210 :	00000011;
	7209 :	00000110;
	7208 :	00001101;
	7207 :	00001100;
	7206 :	00000101;
	7205 :	11111101;
	7204 :	11110001;
	7203 :	11111011;
	7202 :	00001010;
	7201 :	00010100;
	7200 :	00011100;
	7199 :	11111010;
	7198 :	11101110;
	7197 :	11111111;
	7196 :	00001011;
	7195 :	00010000;
	7194 :	11110011;
	7193 :	00000000;
	7192 :	11101010;
	7191 :	11111110;
	7190 :	00000000;
	7189 :	00000001;
	7188 :	11111001;
	7187 :	11100011;
	7186 :	11111001;
	7185 :	11110000;
	7184 :	00001010;
	7183 :	11110100;
	7182 :	11101000;
	7181 :	11100100;
	7180 :	00001100;
	7179 :	00000111;
	7178 :	00000110;
	7177 :	11110001;
	7176 :	00000110;
	7175 :	11110101;
	7174 :	11110000;
	7173 :	00010000;
	7172 :	00001011;
	7171 :	11111101;
	7170 :	11110111;
	7169 :	00000000;
	7168 :	00000011;
	7167 :	11111010;
	7166 :	00000001;
	7165 :	00011101;
	7164 :	00010100;
	7163 :	00000010;
	7162 :	11110100;
	7161 :	11110011;
	7160 :	11111111;
	7159 :	11111000;
	7158 :	00000001;
	7157 :	00001101;
	7156 :	11111101;
	7155 :	11111110;
	7154 :	00000000;
	7153 :	00001011;
	7152 :	00100010;
	7151 :	00001011;
	7150 :	00010100;
	7149 :	00011110;
	7148 :	00001101;
	7147 :	11111111;
	7146 :	00010101;
	7145 :	11111111;
	7144 :	11110010;
	7143 :	00000101;
	7142 :	11110111;
	7141 :	11110111;
	7140 :	11011111;
	7139 :	11101110;
	7138 :	11111101;
	7137 :	11110010;
	7136 :	11111010;
	7135 :	11010100;
	7134 :	11101011;
	7133 :	11110111;
	7132 :	11011110;
	7131 :	11110110;
	7130 :	00010100;
	7129 :	11111111;
	7128 :	11111100;
	7127 :	00001110;
	7126 :	00001000;
	7125 :	11110000;
	7124 :	00000110;
	7123 :	00001110;
	7122 :	00010111;
	7121 :	00011110;
	7120 :	00010101;
	7119 :	00001101;
	7118 :	11100101;
	7117 :	00001011;
	7116 :	00001010;
	7115 :	00000111;
	7114 :	11111010;
	7113 :	11110011;
	7112 :	11100001;
	7111 :	11101111;
	7110 :	11010110;
	7109 :	11111100;
	7108 :	11101101;
	7107 :	00010000;
	7106 :	11101011;
	7105 :	11110011;
	7104 :	11111001;
	7103 :	11111110;
	7102 :	11111111;
	7101 :	11011100;
	7100 :	11101110;
	7099 :	00001110;
	7098 :	11111110;
	7097 :	00011101;
	7096 :	11100111;
	7095 :	00010001;
	7094 :	00011110;
	7093 :	00100111;
	7092 :	00010011;
	7091 :	11110000;
	7090 :	11101111;
	7089 :	10101110;
	7088 :	10111100;
	7087 :	00001101;
	7086 :	00011010;
	7085 :	11100011;
	7084 :	11001011;
	7083 :	11101011;
	7082 :	11001101;
	7081 :	11110001;
	7080 :	11111100;
	7079 :	11100110;
	7078 :	11100000;
	7077 :	11111111;
	7076 :	11110001;
	7075 :	11110011;
	7074 :	11101101;
	7073 :	11111111;
	7072 :	11101010;
	7071 :	11110001;
	7070 :	11110101;
	7069 :	00001010;
	7068 :	00000110;
	7067 :	00100110;
	7066 :	00100100;
	7065 :	11111100;
	7064 :	11111100;
	7063 :	11101101;
	7062 :	11111010;
	7061 :	11010000;
	7060 :	11100111;
	7059 :	11110011;
	7058 :	11010110;
	7057 :	11110001;
	7056 :	11101001;
	7055 :	11111010;
	7054 :	00001100;
	7053 :	11101110;
	7052 :	00001000;
	7051 :	00000100;
	7050 :	11111000;
	7049 :	11011001;
	7048 :	00000001;
	7047 :	11101001;
	7046 :	11110110;
	7045 :	00000101;
	7044 :	00001011;
	7043 :	00000010;
	7042 :	11111110;
	7041 :	11100101;
	7040 :	00011010;
	7039 :	00010011;
	7038 :	11111011;
	7037 :	11111001;
	7036 :	00001110;
	7035 :	11111100;
	7034 :	00001000;
	7033 :	00000000;
	7032 :	11110101;
	7031 :	00001111;
	7030 :	00100100;
	7029 :	00001111;
	7028 :	00001000;
	7027 :	11100101;
	7026 :	11111111;
	7025 :	00000111;
	7024 :	00100110;
	7023 :	00100001;
	7022 :	00011010;
	7021 :	00000010;
	7020 :	00101001;
	7019 :	00011100;
	7018 :	00011001;
	7017 :	11111100;
	7016 :	00000100;
	7015 :	00000111;
	7014 :	11111001;
	7013 :	11110110;
	7012 :	11110011;
	7011 :	00000110;
	7010 :	00001110;
	7009 :	11110101;
	7008 :	11111001;
	7007 :	11101011;
	7006 :	11100111;
	7005 :	11110000;
	7004 :	11111011;
	7003 :	11111111;
	7002 :	11111001;
	7001 :	11111011;
	7000 :	11100110;
	6999 :	11111111;
	6998 :	11111110;
	6997 :	11111110;
	6996 :	11111110;
	6995 :	11111110;
	6994 :	11111001;
	6993 :	11111110;
	6992 :	11110011;
	6991 :	11100000;
	6990 :	11110011;
	6989 :	00001100;
	6988 :	00011010;
	6987 :	11111011;
	6986 :	00000100;
	6985 :	11111100;
	6984 :	11111001;
	6983 :	00000011;
	6982 :	00010110;
	6981 :	11110111;
	6980 :	11110010;
	6979 :	00001010;
	6978 :	00001001;
	6977 :	00001111;
	6976 :	00000100;
	6975 :	00000101;
	6974 :	00001100;
	6973 :	11111011;
	6972 :	00001000;
	6971 :	00000101;
	6970 :	00001111;
	6969 :	00001000;
	6968 :	00010011;
	6967 :	00011001;
	6966 :	00000101;
	6965 :	11110111;
	6964 :	11110101;
	6963 :	11111010;
	6962 :	00000110;
	6961 :	00001000;
	6960 :	11111001;
	6959 :	11101100;
	6958 :	11110000;
	6957 :	11111110;
	6956 :	11101011;
	6955 :	11111000;
	6954 :	00001000;
	6953 :	11111010;
	6952 :	00000010;
	6951 :	11100111;
	6950 :	11111110;
	6949 :	11111000;
	6948 :	11111100;
	6947 :	00010001;
	6946 :	00001100;
	6945 :	00001111;
	6944 :	11100011;
	6943 :	11110010;
	6942 :	11101011;
	6941 :	00001111;
	6940 :	11111101;
	6939 :	00000011;
	6938 :	11101001;
	6937 :	11111101;
	6936 :	11111101;
	6935 :	11110011;
	6934 :	00000101;
	6933 :	00100011;
	6932 :	00101001;
	6931 :	00010010;
	6930 :	11101100;
	6929 :	11111010;
	6928 :	00001011;
	6927 :	11110110;
	6926 :	00010000;
	6925 :	00000000;
	6924 :	11111101;
	6923 :	00001101;
	6922 :	11111011;
	6921 :	00000011;
	6920 :	00001011;
	6919 :	11111001;
	6918 :	11111000;
	6917 :	11111010;
	6916 :	11111110;
	6915 :	11111110;
	6914 :	00000010;
	6913 :	00010100;
	6912 :	00001101;
	6911 :	11110111;
	6910 :	11111110;
	6909 :	11110011;
	6908 :	11110011;
	6907 :	00000001;
	6906 :	00010011;
	6905 :	00011100;
	6904 :	00011110;
	6903 :	00010110;
	6902 :	11101001;
	6901 :	11110000;
	6900 :	11011100;
	6899 :	11101110;
	6898 :	11111101;
	6897 :	11011110;
	6896 :	11000010;
	6895 :	11011110;
	6894 :	11100001;
	6893 :	00001101;
	6892 :	00101110;
	6891 :	11100010;
	6890 :	11110001;
	6889 :	11100101;
	6888 :	11101110;
	6887 :	00010011;
	6886 :	00101101;
	6885 :	00010100;
	6884 :	00000001;
	6883 :	00001011;
	6882 :	00000110;
	6881 :	11101111;
	6880 :	11110001;
	6879 :	00010111;
	6878 :	00010100;
	6877 :	00010010;
	6876 :	11111110;
	6875 :	11110011;
	6874 :	11101011;
	6873 :	00000110;
	6872 :	00011001;
	6871 :	00001101;
	6870 :	00010100;
	6869 :	00001110;
	6868 :	11110101;
	6867 :	11101110;
	6866 :	11110001;
	6865 :	00001010;
	6864 :	00000100;
	6863 :	00010001;
	6862 :	00000100;
	6861 :	11110010;
	6860 :	11100110;
	6859 :	11110010;
	6858 :	00001001;
	6857 :	11111101;
	6856 :	00000100;
	6855 :	11111110;
	6854 :	00000001;
	6853 :	11101101;
	6852 :	00001101;
	6851 :	00000000;
	6850 :	11111110;
	6849 :	11101111;
	6848 :	11100110;
	6847 :	11101011;
	6846 :	11101111;
	6845 :	11111100;
	6844 :	11101100;
	6843 :	11011000;
	6842 :	11101111;
	6841 :	00010100;
	6840 :	00000001;
	6839 :	11111011;
	6838 :	00000010;
	6837 :	00000110;
	6836 :	00001010;
	6835 :	00000111;
	6834 :	11100110;
	6833 :	11101010;
	6832 :	11111100;
	6831 :	00000101;
	6830 :	00001010;
	6829 :	00000000;
	6828 :	11101111;
	6827 :	11101100;
	6826 :	11111100;
	6825 :	11111100;
	6824 :	11111111;
	6823 :	11110101;
	6822 :	11110111;
	6821 :	00000000;
	6820 :	00001000;
	6819 :	11111001;
	6818 :	11111001;
	6817 :	11110100;
	6816 :	11110010;
	6815 :	11110001;
	6814 :	11110000;
	6813 :	11100100;
	6812 :	00000011;
	6811 :	11110010;
	6810 :	11101100;
	6809 :	00001100;
	6808 :	11111101;
	6807 :	11100110;
	6806 :	11011011;
	6805 :	00001100;
	6804 :	11011001;
	6803 :	00011001;
	6802 :	11111101;
	6801 :	00000111;
	6800 :	11010011;
	6799 :	11000011;
	6798 :	11010101;
	6797 :	11000100;
	6796 :	11100100;
	6795 :	11101101;
	6794 :	11010101;
	6793 :	00000101;
	6792 :	00110000;
	6791 :	11110100;
	6790 :	00110010;
	6789 :	00001010;
	6788 :	00001100;
	6787 :	00010111;
	6786 :	11110001;
	6785 :	11010010;
	6784 :	10101111;
	6783 :	00001111;
	6782 :	00000100;
	6781 :	00000001;
	6780 :	11111000;
	6779 :	11011100;
	6778 :	11101001;
	6777 :	11001010;
	6776 :	00110011;
	6775 :	11100110;
	6774 :	11100101;
	6773 :	11011111;
	6772 :	11100010;
	6771 :	00001011;
	6770 :	00011101;
	6769 :	11110010;
	6768 :	11111100;
	6767 :	00000100;
	6766 :	11110111;
	6765 :	11011110;
	6764 :	00000110;
	6763 :	00001111;
	6762 :	11111111;
	6761 :	00000110;
	6760 :	00000101;
	6759 :	00000001;
	6758 :	11100010;
	6757 :	11001011;
	6756 :	11010010;
	6755 :	11111101;
	6754 :	00010000;
	6753 :	00010111;
	6752 :	00000001;
	6751 :	00101111;
	6750 :	00101111;
	6749 :	00000001;
	6748 :	11001011;
	6747 :	00000011;
	6746 :	00000101;
	6745 :	00010011;
	6744 :	00100000;
	6743 :	00000010;
	6742 :	11110110;
	6741 :	11100100;
	6740 :	00101000;
	6739 :	00001000;
	6738 :	00000001;
	6737 :	00001110;
	6736 :	00000100;
	6735 :	00010010;
	6734 :	11100001;
	6733 :	00101111;
	6732 :	00010100;
	6731 :	11111111;
	6730 :	00001011;
	6729 :	00001001;
	6728 :	00000110;
	6727 :	11110111;
	6726 :	00010000;
	6725 :	00000010;
	6724 :	00000100;
	6723 :	11110110;
	6722 :	11111111;
	6721 :	11110110;
	6720 :	11111001;
	6719 :	00000011;
	6718 :	11110100;
	6717 :	00010100;
	6716 :	00011010;
	6715 :	11111000;
	6714 :	11111000;
	6713 :	11101001;
	6712 :	11110110;
	6711 :	11110010;
	6710 :	11111101;
	6709 :	11111010;
	6708 :	11110100;
	6707 :	11110111;
	6706 :	11100011;
	6705 :	11101101;
	6704 :	11111001;
	6703 :	00010000;
	6702 :	00000000;
	6701 :	11100010;
	6700 :	11110010;
	6699 :	11111101;
	6698 :	11011101;
	6697 :	00001010;
	6696 :	11111001;
	6695 :	11101001;
	6694 :	00010110;
	6693 :	00010110;
	6692 :	00001001;
	6691 :	11111100;
	6690 :	00000100;
	6689 :	00010011;
	6688 :	11101001;
	6687 :	00010111;
	6686 :	00000010;
	6685 :	11111111;
	6684 :	11110101;
	6683 :	00011000;
	6682 :	00010101;
	6681 :	11111001;
	6680 :	11111101;
	6679 :	11110110;
	6678 :	00000111;
	6677 :	11111101;
	6676 :	11110100;
	6675 :	00010001;
	6674 :	11111011;
	6673 :	00000110;
	6672 :	00001010;
	6671 :	11111111;
	6670 :	11110100;
	6669 :	00001100;
	6668 :	00010110;
	6667 :	00001000;
	6666 :	11111000;
	6665 :	11111101;
	6664 :	11110111;
	6663 :	11111101;
	6662 :	11111101;
	6661 :	00010101;
	6660 :	11111101;
	6659 :	11101000;
	6658 :	11101111;
	6657 :	11111001;
	6656 :	11010001;
	6655 :	00010010;
	6654 :	11111100;
	6653 :	00010000;
	6652 :	11110011;
	6651 :	00000011;
	6650 :	00001101;
	6649 :	11110100;
	6648 :	11111111;
	6647 :	00010101;
	6646 :	11101110;
	6645 :	00101010;
	6644 :	00011000;
	6643 :	00010111;
	6642 :	11110000;
	6641 :	00000110;
	6640 :	11111010;
	6639 :	00010111;
	6638 :	00000100;
	6637 :	00000101;
	6636 :	11110100;
	6635 :	00011010;
	6634 :	00101011;
	6633 :	00100001;
	6632 :	11101111;
	6631 :	00000011;
	6630 :	00001011;
	6629 :	00010010;
	6628 :	00001010;
	6627 :	11110100;
	6626 :	00001010;
	6625 :	00001001;
	6624 :	00001110;
	6623 :	00000000;
	6622 :	00001000;
	6621 :	00000000;
	6620 :	00000001;
	6619 :	00001001;
	6618 :	11111011;
	6617 :	11110111;
	6616 :	00010100;
	6615 :	11110111;
	6614 :	11110010;
	6613 :	11100110;
	6612 :	11000111;
	6611 :	11011111;
	6610 :	11001101;
	6609 :	11100101;
	6608 :	11101100;
	6607 :	11101000;
	6606 :	11110010;
	6605 :	11011101;
	6604 :	11100110;
	6603 :	00010010;
	6602 :	00000101;
	6601 :	00001011;
	6600 :	11101111;
	6599 :	11101101;
	6598 :	11011111;
	6597 :	11010100;
	6596 :	00001000;
	6595 :	11111101;
	6594 :	00001101;
	6593 :	11110001;
	6592 :	11011010;
	6591 :	10110010;
	6590 :	11110111;
	6589 :	11101100;
	6588 :	11110011;
	6587 :	11111101;
	6586 :	11110001;
	6585 :	00001011;
	6584 :	11110000;
	6583 :	11100010;
	6582 :	00000111;
	6581 :	00001110;
	6580 :	00010000;
	6579 :	11100100;
	6578 :	11101101;
	6577 :	11100110;
	6576 :	11101000;
	6575 :	00000011;
	6574 :	00000010;
	6573 :	00000011;
	6572 :	11110001;
	6571 :	11111001;
	6570 :	11110110;
	6569 :	00000110;
	6568 :	00000110;
	6567 :	11110110;
	6566 :	11110110;
	6565 :	11110111;
	6564 :	11111111;
	6563 :	11011001;
	6562 :	11011011;
	6561 :	11101011;
	6560 :	11110111;
	6559 :	11110011;
	6558 :	11101000;
	6557 :	11111011;
	6556 :	11111111;
	6555 :	11110101;
	6554 :	00000000;
	6553 :	00010011;
	6552 :	11000001;
	6551 :	00000110;
	6550 :	00010101;
	6549 :	00010100;
	6548 :	00001000;
	6547 :	11110110;
	6546 :	11000110;
	6545 :	11101111;
	6544 :	00000010;
	6543 :	11111101;
	6542 :	11110101;
	6541 :	00010100;
	6540 :	00011010;
	6539 :	00010010;
	6538 :	11011010;
	6537 :	00010111;
	6536 :	11111110;
	6535 :	11110010;
	6534 :	00001101;
	6533 :	00010010;
	6532 :	11111010;
	6531 :	00000110;
	6530 :	00101000;
	6529 :	11111010;
	6528 :	00000110;
	6527 :	11101001;
	6526 :	11011100;
	6525 :	11111001;
	6524 :	00000111;
	6523 :	11111000;
	6522 :	00000110;
	6521 :	00000000;
	6520 :	00010001;
	6519 :	00000000;
	6518 :	00000001;
	6517 :	11110111;
	6516 :	11100111;
	6515 :	11101111;
	6514 :	11110111;
	6513 :	11001110;
	6512 :	11101000;
	6511 :	11111101;
	6510 :	11101000;
	6509 :	11101001;
	6508 :	00001000;
	6507 :	00000101;
	6506 :	00000111;
	6505 :	11111110;
	6504 :	11111101;
	6503 :	11110110;
	6502 :	00001000;
	6501 :	00001001;
	6500 :	11111111;
	6499 :	00001101;
	6498 :	00101000;
	6497 :	00001010;
	6496 :	00001011;
	6495 :	00000001;
	6494 :	00010000;
	6493 :	00001000;
	6492 :	00001011;
	6491 :	00100001;
	6490 :	00011000;
	6489 :	00001111;
	6488 :	00010000;
	6487 :	00011111;
	6486 :	00001011;
	6485 :	11101110;
	6484 :	00101101;
	6483 :	00001001;
	6482 :	00000011;
	6481 :	11110001;
	6480 :	00010000;
	6479 :	00000111;
	6478 :	00001010;
	6477 :	00010111;
	6476 :	00000111;
	6475 :	11101000;
	6474 :	11111010;
	6473 :	00001001;
	6472 :	00010111;
	6471 :	11110111;
	6470 :	11101100;
	6469 :	11101110;
	6468 :	11111110;
	6467 :	00000110;
	6466 :	11111000;
	6465 :	11111111;
	6464 :	11111011;
	6463 :	00000001;
	6462 :	00010010;
	6461 :	11100111;
	6460 :	11111001;
	6459 :	11100000;
	6458 :	11111000;
	6457 :	11101110;
	6456 :	11101011;
	6455 :	11111110;
	6454 :	11101110;
	6453 :	11011011;
	6452 :	11110111;
	6451 :	11101001;
	6450 :	11101001;
	6449 :	11001101;
	6448 :	11010100;
	6447 :	11101000;
	6446 :	00001010;
	6445 :	00011111;
	6444 :	11111100;
	6443 :	11011010;
	6442 :	11101011;
	6441 :	00000110;
	6440 :	00000111;
	6439 :	11110001;
	6438 :	11110110;
	6437 :	11111110;
	6436 :	11110010;
	6435 :	11010010;
	6434 :	11100010;
	6433 :	11110001;
	6432 :	00010100;
	6431 :	00001111;
	6430 :	11110000;
	6429 :	11101111;
	6428 :	11101001;
	6427 :	11110101;
	6426 :	11100101;
	6425 :	11100100;
	6424 :	11110011;
	6423 :	11000100;
	6422 :	11011001;
	6421 :	11110000;
	6420 :	11101011;
	6419 :	11111001;
	6418 :	11100101;
	6417 :	11110101;
	6416 :	11100110;
	6415 :	11111010;
	6414 :	00010001;
	6413 :	11110100;
	6412 :	11101100;
	6411 :	00000100;
	6410 :	00001101;
	6409 :	00000110;
	6408 :	00000111;
	6407 :	00000011;
	6406 :	00000011;
	6405 :	11111011;
	6404 :	00001010;
	6403 :	00000111;
	6402 :	11101011;
	6401 :	11111101;
	6400 :	11110110;
	6399 :	00000001;
	6398 :	11101010;
	6397 :	00001111;
	6396 :	00000000;
	6395 :	11100110;
	6394 :	00011000;
	6393 :	11111110;
	6392 :	00000000;
	6391 :	11101111;
	6390 :	00001100;
	6389 :	00000010;
	6388 :	11111011;
	6387 :	11110011;
	6386 :	11100110;
	6385 :	00000110;
	6384 :	11110010;
	6383 :	00000011;
	6382 :	00000011;
	6381 :	11110111;
	6380 :	11111010;
	6379 :	00000100;
	6378 :	00000110;
	6377 :	11110110;
	6376 :	11101000;
	6375 :	00000010;
	6374 :	00000110;
	6373 :	00000101;
	6372 :	00001110;
	6371 :	11111101;
	6370 :	11101111;
	6369 :	11101111;
	6368 :	11111001;
	6367 :	11110110;
	6366 :	11100000;
	6365 :	11101101;
	6364 :	00000101;
	6363 :	11101110;
	6362 :	11110010;
	6361 :	00000010;
	6360 :	00001100;
	6359 :	00010001;
	6358 :	00000010;
	6357 :	00010000;
	6356 :	11111011;
	6355 :	11110001;
	6354 :	11110111;
	6353 :	11110100;
	6352 :	11101100;
	6351 :	00010100;
	6350 :	00010101;
	6349 :	11101111;
	6348 :	00000100;
	6347 :	00000110;
	6346 :	00010100;
	6345 :	00001110;
	6344 :	11110001;
	6343 :	00000011;
	6342 :	00000000;
	6341 :	00000110;
	6340 :	00010000;
	6339 :	00010101;
	6338 :	00010010;
	6337 :	00000110;
	6336 :	00010110;
	6335 :	11111100;
	6334 :	00010000;
	6333 :	00000110;
	6332 :	00010101;
	6331 :	00000001;
	6330 :	00001000;
	6329 :	00001111;
	6328 :	11111010;
	6327 :	11110111;
	6326 :	11111101;
	6325 :	00001100;
	6324 :	00001100;
	6323 :	00001000;
	6322 :	00010000;
	6321 :	11100101;
	6320 :	11100010;
	6319 :	11010101;
	6318 :	11111110;
	6317 :	11110110;
	6316 :	11110101;
	6315 :	11011100;
	6314 :	11011110;
	6313 :	11011010;
	6312 :	11010110;
	6311 :	11110100;
	6310 :	11111010;
	6309 :	11101000;
	6308 :	11110010;
	6307 :	11110110;
	6306 :	00001001;
	6305 :	00001011;
	6304 :	00001011;
	6303 :	11101001;
	6302 :	11011111;
	6301 :	11110100;
	6300 :	11101111;
	6299 :	11011001;
	6298 :	00000001;
	6297 :	11110001;
	6296 :	11111010;
	6295 :	00010100;
	6294 :	11110001;
	6293 :	11110100;
	6292 :	00000010;
	6291 :	00001100;
	6290 :	11101001;
	6289 :	00000001;
	6288 :	00001001;
	6287 :	11111111;
	6286 :	00000101;
	6285 :	00010001;
	6284 :	00001001;
	6283 :	00000111;
	6282 :	00010001;
	6281 :	00001101;
	6280 :	00001110;
	6279 :	00000000;
	6278 :	00010011;
	6277 :	11110101;
	6276 :	11101111;
	6275 :	11110111;
	6274 :	11101011;
	6273 :	00000000;
	6272 :	11100000;
	6271 :	11100100;
	6270 :	11101101;
	6269 :	00000100;
	6268 :	00010010;
	6267 :	00001010;
	6266 :	00011010;
	6265 :	00001110;
	6264 :	00000010;
	6263 :	11101001;
	6262 :	11101111;
	6261 :	11111100;
	6260 :	11111011;
	6259 :	11100011;
	6258 :	11111010;
	6257 :	11100111;
	6256 :	11110101;
	6255 :	11111100;
	6254 :	11110001;
	6253 :	00001001;
	6252 :	11011111;
	6251 :	11110100;
	6250 :	11100000;
	6249 :	11111000;
	6248 :	11111100;
	6247 :	11110111;
	6246 :	11011110;
	6245 :	11100001;
	6244 :	11111011;
	6243 :	11010010;
	6242 :	11011011;
	6241 :	00010011;
	6240 :	00010111;
	6239 :	11011111;
	6238 :	11111010;
	6237 :	11111110;
	6236 :	11110010;
	6235 :	11101110;
	6234 :	00000010;
	6233 :	11111001;
	6232 :	00001110;
	6231 :	00010011;
	6230 :	00010001;
	6229 :	00001001;
	6228 :	11111110;
	6227 :	11010000;
	6226 :	11011101;
	6225 :	11101101;
	6224 :	00000011;
	6223 :	00000110;
	6222 :	00001000;
	6221 :	00001010;
	6220 :	00001011;
	6219 :	00000000;
	6218 :	00000111;
	6217 :	00010110;
	6216 :	00001110;
	6215 :	11101010;
	6214 :	11011001;
	6213 :	11101111;
	6212 :	11110101;
	6211 :	11101101;
	6210 :	11110101;
	6209 :	11111000;
	6208 :	11101111;
	6207 :	00000101;
	6206 :	00000111;
	6205 :	11110111;
	6204 :	11111111;
	6203 :	00000000;
	6202 :	11110010;
	6201 :	11111001;
	6200 :	11111100;
	6199 :	11111000;
	6198 :	11011101;
	6197 :	11111110;
	6196 :	00001101;
	6195 :	00001001;
	6194 :	11111111;
	6193 :	00001110;
	6192 :	11111111;
	6191 :	11111100;
	6190 :	00000000;
	6189 :	00010001;
	6188 :	11111000;
	6187 :	00000001;
	6186 :	11111000;
	6185 :	00001001;
	6184 :	00000000;
	6183 :	11111100;
	6182 :	00001100;
	6181 :	00001111;
	6180 :	11111001;
	6179 :	11011110;
	6178 :	00000010;
	6177 :	11110011;
	6176 :	11111010;
	6175 :	11011001;
	6174 :	00011010;
	6173 :	11101000;
	6172 :	00001111;
	6171 :	00001100;
	6170 :	00010111;
	6169 :	00000101;
	6168 :	11110101;
	6167 :	00001000;
	6166 :	11101001;
	6165 :	11101111;
	6164 :	11111001;
	6163 :	11100001;
	6162 :	11100100;
	6161 :	11100011;
	6160 :	11111111;
	6159 :	11100110;
	6158 :	00000010;
	6157 :	00000011;
	6156 :	11101111;
	6155 :	11110110;
	6154 :	11010111;
	6153 :	11110110;
	6152 :	11101100;
	6151 :	00001000;
	6150 :	11111000;
	6149 :	11010101;
	6148 :	11000101;
	6147 :	11011111;
	6146 :	00000111;
	6145 :	11101010;
	6144 :	00001111;
	6143 :	11111110;
	6142 :	00001001;
	6141 :	00011101;
	6140 :	00011110;
	6139 :	00010100;
	6138 :	11100001;
	6137 :	11111110;
	6136 :	00001001;
	6135 :	00000010;
	6134 :	00011011;
	6133 :	00010101;
	6132 :	00000010;
	6131 :	11101110;
	6130 :	11100110;
	6129 :	11111001;
	6128 :	11101011;
	6127 :	11111000;
	6126 :	11110011;
	6125 :	00000110;
	6124 :	11101011;
	6123 :	11011011;
	6122 :	11100110;
	6121 :	11100000;
	6120 :	11011101;
	6119 :	00000001;
	6118 :	00001010;
	6117 :	00000110;
	6116 :	11101011;
	6115 :	11011010;
	6114 :	11000110;
	6113 :	10110101;
	6112 :	11101011;
	6111 :	11110001;
	6110 :	11100100;
	6109 :	00101011;
	6108 :	11111100;
	6107 :	11001101;
	6106 :	11110001;
	6105 :	11111010;
	6104 :	00010011;
	6103 :	00000011;
	6102 :	00100101;
	6101 :	11111000;
	6100 :	11101010;
	6099 :	00010100;
	6098 :	00010100;
	6097 :	00010111;
	6096 :	00001010;
	6095 :	11101001;
	6094 :	11101001;
	6093 :	00001111;
	6092 :	00111110;
	6091 :	00101101;
	6090 :	00010111;
	6089 :	11101110;
	6088 :	00001111;
	6087 :	00001101;
	6086 :	00001001;
	6085 :	00010101;
	6084 :	00000110;
	6083 :	00011011;
	6082 :	11110001;
	6081 :	11101100;
	6080 :	00000011;
	6079 :	00001100;
	6078 :	11111010;
	6077 :	00010010;
	6076 :	11111100;
	6075 :	11111111;
	6074 :	11100110;
	6073 :	11110001;
	6072 :	11110011;
	6071 :	00000011;
	6070 :	00010110;
	6069 :	00010000;
	6068 :	11001110;
	6067 :	11111110;
	6066 :	11101001;
	6065 :	11111010;
	6064 :	11110101;
	6063 :	00001100;
	6062 :	11101110;
	6061 :	11110110;
	6060 :	00010010;
	6059 :	00001011;
	6058 :	00000000;
	6057 :	00001001;
	6056 :	00000011;
	6055 :	00010001;
	6054 :	11110011;
	6053 :	00000001;
	6052 :	00000001;
	6051 :	11111001;
	6050 :	00011001;
	6049 :	00010100;
	6048 :	00011111;
	6047 :	11111010;
	6046 :	00010101;
	6045 :	00001100;
	6044 :	00010011;
	6043 :	00010000;
	6042 :	11111000;
	6041 :	11111110;
	6040 :	11110010;
	6039 :	00001010;
	6038 :	00001100;
	6037 :	11100101;
	6036 :	11101101;
	6035 :	11110000;
	6034 :	11111111;
	6033 :	11111110;
	6032 :	11101011;
	6031 :	11110011;
	6030 :	11111000;
	6029 :	11110111;
	6028 :	00001010;
	6027 :	00000001;
	6026 :	11101011;
	6025 :	11110010;
	6024 :	00000011;
	6023 :	00001011;
	6022 :	00101011;
	6021 :	00100111;
	6020 :	11101100;
	6019 :	11011110;
	6018 :	11111101;
	6017 :	11101010;
	6016 :	00000100;
	6015 :	00101101;
	6014 :	11111010;
	6013 :	00111001;
	6012 :	11110110;
	6011 :	00110010;
	6010 :	11111011;
	6009 :	00000001;
	6008 :	01000110;
	6007 :	01010010;
	6006 :	00111100;
	6005 :	11110100;
	6004 :	00011001;
	6003 :	11111010;
	6002 :	00100011;
	6001 :	01001110;
	6000 :	00011010;
	5999 :	00000010;
	5998 :	00000110;
	5997 :	00011011;
	5996 :	00000110;
	5995 :	00100101;
	5994 :	00000000;
	5993 :	11011111;
	5992 :	11110011;
	5991 :	11111010;
	5990 :	00010111;
	5989 :	00011110;
	5988 :	10111011;
	5987 :	11001001;
	5986 :	11001110;
	5985 :	11111110;
	5984 :	00010001;
	5983 :	10110011;
	5982 :	11010111;
	5981 :	11010100;
	5980 :	11101110;
	5979 :	11111001;
	5978 :	00010111;
	5977 :	11010110;
	5976 :	00010001;
	5975 :	00011011;
	5974 :	00011100;
	5973 :	00101000;
	5972 :	00010111;
	5971 :	11110110;
	5970 :	10110111;
	5969 :	11101000;
	5968 :	11101010;
	5967 :	00000111;
	5966 :	11000000;
	5965 :	11101110;
	5964 :	00011001;
	5963 :	11110001;
	5962 :	11101011;
	5961 :	11101011;
	5960 :	11011100;
	5959 :	11110010;
	5958 :	11110100;
	5957 :	00001000;
	5956 :	11100001;
	5955 :	11110101;
	5954 :	00101000;
	5953 :	11101111;
	5952 :	11011101;
	5951 :	11100111;
	5950 :	11101110;
	5949 :	11111010;
	5948 :	11111001;
	5947 :	00001101;
	5946 :	11101010;
	5945 :	11101111;
	5944 :	00010111;
	5943 :	00010111;
	5942 :	11001110;
	5941 :	11100100;
	5940 :	11111000;
	5939 :	00000010;
	5938 :	00010001;
	5937 :	00001111;
	5936 :	00011100;
	5935 :	11011010;
	5934 :	11000101;
	5933 :	11101011;
	5932 :	11111001;
	5931 :	11100011;
	5930 :	11111011;
	5929 :	11111011;
	5928 :	00000101;
	5927 :	00000101;
	5926 :	11111100;
	5925 :	00000100;
	5924 :	11111110;
	5923 :	00000110;
	5922 :	00001010;
	5921 :	00001111;
	5920 :	11101011;
	5919 :	11100000;
	5918 :	11100001;
	5917 :	00001100;
	5916 :	00010010;
	5915 :	00100000;
	5914 :	11110010;
	5913 :	00010101;
	5912 :	11100000;
	5911 :	00000011;
	5910 :	00000101;
	5909 :	00011110;
	5908 :	00000001;
	5907 :	00000001;
	5906 :	00000110;
	5905 :	11110110;
	5904 :	00000101;
	5903 :	00011101;
	5902 :	00010000;
	5901 :	11100110;
	5900 :	00001100;
	5899 :	11110001;
	5898 :	11111111;
	5897 :	00000001;
	5896 :	11011011;
	5895 :	11101000;
	5894 :	11111001;
	5893 :	11111100;
	5892 :	00011011;
	5891 :	00010110;
	5890 :	11111111;
	5889 :	11110111;
	5888 :	00000001;
	5887 :	00001111;
	5886 :	11110000;
	5885 :	11110001;
	5884 :	00000001;
	5883 :	00000010;
	5882 :	11111011;
	5881 :	11111010;
	5880 :	00001001;
	5879 :	11101111;
	5878 :	00000111;
	5877 :	11111101;
	5876 :	00010011;
	5875 :	00010001;
	5874 :	00010000;
	5873 :	00011101;
	5872 :	11110100;
	5871 :	11100001;
	5870 :	11111110;
	5869 :	00000000;
	5868 :	00000110;
	5867 :	11111000;
	5866 :	00010011;
	5865 :	11010010;
	5864 :	00011111;
	5863 :	11011001;
	5862 :	00001001;
	5861 :	00001010;
	5860 :	00001011;
	5859 :	11100001;
	5858 :	11111000;
	5857 :	00000000;
	5856 :	00010101;
	5855 :	00001000;
	5854 :	00000110;
	5853 :	11100101;
	5852 :	00000111;
	5851 :	11110011;
	5850 :	11100111;
	5849 :	00001001;
	5848 :	11101111;
	5847 :	11101110;
	5846 :	11110101;
	5845 :	00001010;
	5844 :	11110101;
	5843 :	11110101;
	5842 :	11100101;
	5841 :	11101110;
	5840 :	11101011;
	5839 :	00001000;
	5838 :	00000011;
	5837 :	11110000;
	5836 :	11010111;
	5835 :	11111001;
	5834 :	11110111;
	5833 :	11010101;
	5832 :	11111101;
	5831 :	00000111;
	5830 :	00001111;
	5829 :	00001111;
	5828 :	00010100;
	5827 :	00100010;
	5826 :	00010101;
	5825 :	00001110;
	5824 :	00001110;
	5823 :	00001011;
	5822 :	00001011;
	5821 :	00010111;
	5820 :	00010110;
	5819 :	11111010;
	5818 :	11111001;
	5817 :	00001101;
	5816 :	00001001;
	5815 :	00001001;
	5814 :	00011100;
	5813 :	00000111;
	5812 :	00001010;
	5811 :	00011000;
	5810 :	11101111;
	5809 :	00000100;
	5808 :	00011101;
	5807 :	00101001;
	5806 :	00100010;
	5805 :	11111001;
	5804 :	11110101;
	5803 :	00000100;
	5802 :	00001100;
	5801 :	00001001;
	5800 :	00010110;
	5799 :	00010111;
	5798 :	11111101;
	5797 :	00000000;
	5796 :	00001000;
	5795 :	11111111;
	5794 :	00100100;
	5793 :	11011100;
	5792 :	10111110;
	5791 :	00100011;
	5790 :	00010100;
	5789 :	00000001;
	5788 :	11111011;
	5787 :	11111101;
	5786 :	11011101;
	5785 :	11101000;
	5784 :	11101010;
	5783 :	11111101;
	5782 :	00000011;
	5781 :	11110000;
	5780 :	00001101;
	5779 :	00101010;
	5778 :	00100110;
	5777 :	00011111;
	5776 :	00001010;
	5775 :	11111100;
	5774 :	11111011;
	5773 :	11101111;
	5772 :	00000100;
	5771 :	11111001;
	5770 :	11111001;
	5769 :	11001000;
	5768 :	00001011;
	5767 :	11011111;
	5766 :	00001001;
	5765 :	11101110;
	5764 :	11110101;
	5763 :	11111110;
	5762 :	11101110;
	5761 :	11101000;
	5760 :	00000001;
	5759 :	00000000;
	5758 :	11110101;
	5757 :	11011000;
	5756 :	11110101;
	5755 :	11101001;
	5754 :	00011111;
	5753 :	11101011;
	5752 :	11100110;
	5751 :	11111101;
	5750 :	00001001;
	5749 :	00100101;
	5748 :	00110000;
	5747 :	00010100;
	5746 :	11101110;
	5745 :	11100111;
	5744 :	00001100;
	5743 :	00010000;
	5742 :	00110110;
	5741 :	00101001;
	5740 :	00000001;
	5739 :	11110111;
	5738 :	11110100;
	5737 :	11101000;
	5736 :	00000000;
	5735 :	11110011;
	5734 :	00010100;
	5733 :	00000011;
	5732 :	00001100;
	5731 :	00000010;
	5730 :	00010011;
	5729 :	00001011;
	5728 :	00000001;
	5727 :	00010001;
	5726 :	11111110;
	5725 :	00001001;
	5724 :	11110010;
	5723 :	11011111;
	5722 :	00000100;
	5721 :	11111001;
	5720 :	11110001;
	5719 :	00000111;
	5718 :	11111011;
	5717 :	11111011;
	5716 :	11110101;
	5715 :	00001010;
	5714 :	00010000;
	5713 :	11100110;
	5712 :	11101101;
	5711 :	11110000;
	5710 :	11100110;
	5709 :	00000011;
	5708 :	11100101;
	5707 :	11110101;
	5706 :	11101101;
	5705 :	00000001;
	5704 :	00000001;
	5703 :	11110101;
	5702 :	00000110;
	5701 :	00000001;
	5700 :	11110000;
	5699 :	11111101;
	5698 :	00000111;
	5697 :	00001101;
	5696 :	00000111;
	5695 :	11110010;
	5694 :	11110100;
	5693 :	00000010;
	5692 :	00001111;
	5691 :	00000100;
	5690 :	00001011;
	5689 :	11110001;
	5688 :	11110101;
	5687 :	11011010;
	5686 :	11110011;
	5685 :	11110101;
	5684 :	00010100;
	5683 :	11110011;
	5682 :	11110111;
	5681 :	11011111;
	5680 :	11101100;
	5679 :	11100100;
	5678 :	11110111;
	5677 :	00010001;
	5676 :	00000011;
	5675 :	00000101;
	5674 :	11100110;
	5673 :	11011111;
	5672 :	11010110;
	5671 :	11011010;
	5670 :	11110001;
	5669 :	11111011;
	5668 :	00011111;
	5667 :	00010001;
	5666 :	11100101;
	5665 :	11111101;
	5664 :	11110110;
	5663 :	00000011;
	5662 :	11101100;
	5661 :	11111000;
	5660 :	00000110;
	5659 :	00000011;
	5658 :	00010010;
	5657 :	00001101;
	5656 :	00010000;
	5655 :	11111010;
	5654 :	11110111;
	5653 :	00001011;
	5652 :	00101001;
	5651 :	00100100;
	5650 :	00100000;
	5649 :	00000101;
	5648 :	11110010;
	5647 :	11110011;
	5646 :	00110010;
	5645 :	01000100;
	5644 :	00101010;
	5643 :	00101001;
	5642 :	00010101;
	5641 :	00000001;
	5640 :	00000010;
	5639 :	00001101;
	5638 :	00010101;
	5637 :	00010001;
	5636 :	11111111;
	5635 :	00001100;
	5634 :	11111001;
	5633 :	00010010;
	5632 :	00010011;
	5631 :	00000010;
	5630 :	11111100;
	5629 :	00001100;
	5628 :	00000010;
	5627 :	11111100;
	5626 :	11110101;
	5625 :	11101100;
	5624 :	11110110;
	5623 :	11110011;
	5622 :	00001001;
	5621 :	00010001;
	5620 :	11111110;
	5619 :	00000001;
	5618 :	00000010;
	5617 :	11111111;
	5616 :	11111111;
	5615 :	00001101;
	5614 :	00000100;
	5613 :	00001001;
	5612 :	11111010;
	5611 :	00011001;
	5610 :	00000011;
	5609 :	11110100;
	5608 :	11110101;
	5607 :	00000110;
	5606 :	11111101;
	5605 :	11111000;
	5604 :	00000011;
	5603 :	00001101;
	5602 :	00001100;
	5601 :	00011001;
	5600 :	00010010;
	5599 :	00000110;
	5598 :	00001100;
	5597 :	00001100;
	5596 :	00000001;
	5595 :	00000011;
	5594 :	00011010;
	5593 :	00010100;
	5592 :	11111111;
	5591 :	11111001;
	5590 :	11111010;
	5589 :	11100011;
	5588 :	11101101;
	5587 :	00000001;
	5586 :	11111001;
	5585 :	00001011;
	5584 :	00010010;
	5583 :	11111011;
	5582 :	00001101;
	5581 :	11111101;
	5580 :	00001100;
	5579 :	00000110;
	5578 :	11001110;
	5577 :	11011111;
	5576 :	11101101;
	5575 :	11111011;
	5574 :	00000000;
	5573 :	00010000;
	5572 :	11110011;
	5571 :	11011111;
	5570 :	11111101;
	5569 :	11111111;
	5568 :	00001010;
	5567 :	11111010;
	5566 :	00000010;
	5565 :	11110101;
	5564 :	11101100;
	5563 :	11111111;
	5562 :	11110110;
	5561 :	11110010;
	5560 :	11101111;
	5559 :	11101100;
	5558 :	00000111;
	5557 :	11111000;
	5556 :	00011011;
	5555 :	00000111;
	5554 :	00000000;
	5553 :	11101100;
	5552 :	11101001;
	5551 :	00000101;
	5550 :	11011111;
	5549 :	00000011;
	5548 :	00000000;
	5547 :	11101110;
	5546 :	00001100;
	5545 :	11110111;
	5544 :	00010001;
	5543 :	11111011;
	5542 :	11100010;
	5541 :	11011111;
	5540 :	11101011;
	5539 :	11011111;
	5538 :	11111111;
	5537 :	00001101;
	5536 :	00000101;
	5535 :	11111000;
	5534 :	11011100;
	5533 :	11100101;
	5532 :	11011011;
	5531 :	11101111;
	5530 :	11110011;
	5529 :	11001110;
	5528 :	11000111;
	5527 :	11001111;
	5526 :	11010101;
	5525 :	11110000;
	5524 :	11111110;
	5523 :	00011010;
	5522 :	11110100;
	5521 :	00011011;
	5520 :	00000001;
	5519 :	00010000;
	5518 :	00001001;
	5517 :	00010100;
	5516 :	11111001;
	5515 :	11110101;
	5514 :	00001011;
	5513 :	11100010;
	5512 :	11101000;
	5511 :	00010100;
	5510 :	11111111;
	5509 :	11111011;
	5508 :	11101100;
	5507 :	00011000;
	5506 :	00001000;
	5505 :	00010110;
	5504 :	00101111;
	5503 :	00011100;
	5502 :	00010100;
	5501 :	11100100;
	5500 :	00001001;
	5499 :	00000000;
	5498 :	11111011;
	5497 :	00011010;
	5496 :	00010000;
	5495 :	00000111;
	5494 :	11111111;
	5493 :	11011010;
	5492 :	11011001;
	5491 :	11011100;
	5490 :	11011000;
	5489 :	00000011;
	5488 :	00001101;
	5487 :	11101111;
	5486 :	00001001;
	5485 :	11110001;
	5484 :	00001000;
	5483 :	11110010;
	5482 :	11100101;
	5481 :	11101111;
	5480 :	11110101;
	5479 :	11110001;
	5478 :	00000101;
	5477 :	00011110;
	5476 :	00100000;
	5475 :	11111001;
	5474 :	11101000;
	5473 :	00000000;
	5472 :	00010101;
	5471 :	00000101;
	5470 :	11111110;
	5469 :	00011000;
	5468 :	00010101;
	5467 :	11101001;
	5466 :	11011110;
	5465 :	00000001;
	5464 :	00000011;
	5463 :	11100011;
	5462 :	11110111;
	5461 :	00011100;
	5460 :	11111011;
	5459 :	11110010;
	5458 :	00100111;
	5457 :	11010010;
	5456 :	10111000;
	5455 :	11010100;
	5454 :	11111110;
	5453 :	00001111;
	5452 :	11111010;
	5451 :	11111101;
	5450 :	11110000;
	5449 :	11010011;
	5448 :	11111010;
	5447 :	00001100;
	5446 :	11111010;
	5445 :	00000011;
	5444 :	00001001;
	5443 :	00010100;
	5442 :	00001001;
	5441 :	00001010;
	5440 :	00100000;
	5439 :	00010111;
	5438 :	11111110;
	5437 :	11110100;
	5436 :	11011110;
	5435 :	11111111;
	5434 :	11101000;
	5433 :	11100011;
	5432 :	11110111;
	5431 :	11100101;
	5430 :	11111011;
	5429 :	11111100;
	5428 :	11111111;
	5427 :	00000011;
	5426 :	00000011;
	5425 :	11110100;
	5424 :	00000010;
	5423 :	11111111;
	5422 :	00000101;
	5421 :	00000001;
	5420 :	00001111;
	5419 :	11111101;
	5418 :	11111010;
	5417 :	11111010;
	5416 :	00001110;
	5415 :	00000001;
	5414 :	00011101;
	5413 :	00010110;
	5412 :	00001110;
	5411 :	00011001;
	5410 :	00000100;
	5409 :	11111110;
	5408 :	00001101;
	5407 :	11101010;
	5406 :	11110001;
	5405 :	11101101;
	5404 :	00000001;
	5403 :	11111000;
	5402 :	11111000;
	5401 :	11111011;
	5400 :	11100100;
	5399 :	11100000;
	5398 :	11110010;
	5397 :	11101010;
	5396 :	00011001;
	5395 :	00010110;
	5394 :	11111101;
	5393 :	11110101;
	5392 :	00001101;
	5391 :	00110001;
	5390 :	00011000;
	5389 :	11011101;
	5388 :	11111000;
	5387 :	11111011;
	5386 :	11100110;
	5385 :	11101110;
	5384 :	11110100;
	5383 :	00000101;
	5382 :	11110010;
	5381 :	11101101;
	5380 :	00010011;
	5379 :	00010111;
	5378 :	00000010;
	5377 :	11101000;
	5376 :	11110011;
	5375 :	00000101;
	5374 :	11111101;
	5373 :	00011110;
	5372 :	00010000;
	5371 :	00000110;
	5370 :	00000111;
	5369 :	11101011;
	5368 :	00010011;
	5367 :	00000010;
	5366 :	00010101;
	5365 :	00001110;
	5364 :	00000010;
	5363 :	11111101;
	5362 :	11110010;
	5361 :	00000001;
	5360 :	11111011;
	5359 :	11101111;
	5358 :	11101101;
	5357 :	11111000;
	5356 :	11111000;
	5355 :	11101110;
	5354 :	00000100;
	5353 :	11101110;
	5352 :	11101101;
	5351 :	11100101;
	5350 :	11011011;
	5349 :	11101011;
	5348 :	11101101;
	5347 :	00011000;
	5346 :	00010101;
	5345 :	11111111;
	5344 :	00000101;
	5343 :	00000100;
	5342 :	00000001;
	5341 :	00001111;
	5340 :	11111000;
	5339 :	11101110;
	5338 :	11111110;
	5337 :	00001010;
	5336 :	00001000;
	5335 :	11111011;
	5334 :	11110101;
	5333 :	11111101;
	5332 :	00000011;
	5331 :	00110001;
	5330 :	00100010;
	5329 :	11110001;
	5328 :	11110011;
	5327 :	00000011;
	5326 :	11110000;
	5325 :	11101011;
	5324 :	11111010;
	5323 :	11101110;
	5322 :	10110000;
	5321 :	10100011;
	5320 :	11111011;
	5319 :	10110011;
	5318 :	00000100;
	5317 :	00101101;
	5316 :	11110000;
	5315 :	10010001;
	5314 :	10010100;
	5313 :	11011001;
	5312 :	00011000;
	5311 :	00100111;
	5310 :	00111101;
	5309 :	00001011;
	5308 :	10101101;
	5307 :	10101110;
	5306 :	11100111;
	5305 :	11110000;
	5304 :	00011011;
	5303 :	11100110;
	5302 :	11001100;
	5301 :	10101000;
	5300 :	10111001;
	5299 :	11101100;
	5298 :	00001011;
	5297 :	00001011;
	5296 :	11110110;
	5295 :	11100101;
	5294 :	11100010;
	5293 :	11111001;
	5292 :	11111010;
	5291 :	11110001;
	5290 :	11111010;
	5289 :	11110011;
	5288 :	11110001;
	5287 :	11111010;
	5286 :	11110100;
	5285 :	11101011;
	5284 :	00000010;
	5283 :	11111110;
	5282 :	00001010;
	5281 :	00000010;
	5280 :	11111011;
	5279 :	11101100;
	5278 :	11100111;
	5277 :	00000101;
	5276 :	00000100;
	5275 :	00000110;
	5274 :	00010110;
	5273 :	00000110;
	5272 :	11110001;
	5271 :	11101100;
	5270 :	00000011;
	5269 :	11111001;
	5268 :	11011001;
	5267 :	00000001;
	5266 :	00001011;
	5265 :	11110100;
	5264 :	11011000;
	5263 :	11111111;
	5262 :	11110110;
	5261 :	11111101;
	5260 :	00011010;
	5259 :	11111010;
	5258 :	00000000;
	5257 :	11101000;
	5256 :	00010100;
	5255 :	00001010;
	5254 :	00011001;
	5253 :	00010101;
	5252 :	00010100;
	5251 :	00001110;
	5250 :	11101010;
	5249 :	00100011;
	5248 :	00011000;
	5247 :	00011001;
	5246 :	00111110;
	5245 :	00101011;
	5244 :	11111011;
	5243 :	11111101;
	5242 :	11001101;
	5241 :	00001001;
	5240 :	11111110;
	5239 :	11101000;
	5238 :	11110100;
	5237 :	11000010;
	5236 :	00000011;
	5235 :	00000100;
	5234 :	00001001;
	5233 :	00011000;
	5232 :	11101101;
	5231 :	11011001;
	5230 :	11010111;
	5229 :	11101100;
	5228 :	00000001;
	5227 :	00001001;
	5226 :	11110011;
	5225 :	11111000;
	5224 :	11111100;
	5223 :	11010000;
	5222 :	11111101;
	5221 :	11111011;
	5220 :	11001010;
	5219 :	11000111;
	5218 :	00010101;
	5217 :	00100110;
	5216 :	00011100;
	5215 :	10111111;
	5214 :	11111011;
	5213 :	11011010;
	5212 :	00001010;
	5211 :	00110010;
	5210 :	00110101;
	5209 :	00010100;
	5208 :	00011001;
	5207 :	00000110;
	5206 :	00000111;
	5205 :	00001110;
	5204 :	00100011;
	5203 :	00111001;
	5202 :	00110001;
	5201 :	11000111;
	5200 :	00010101;
	5199 :	11110111;
	5198 :	00100011;
	5197 :	01101111;
	5196 :	00101101;
	5195 :	00011000;
	5194 :	00001101;
	5193 :	11010111;
	5192 :	11100111;
	5191 :	11001100;
	5190 :	11100001;
	5189 :	11100111;
	5188 :	11110110;
	5187 :	00000110;
	5186 :	11111101;
	5185 :	00001011;
	5184 :	00000110;
	5183 :	00001101;
	5182 :	00000101;
	5181 :	11010010;
	5180 :	11100011;
	5179 :	00001111;
	5178 :	00000100;
	5177 :	00000110;
	5176 :	00011110;
	5175 :	00001101;
	5174 :	11111010;
	5173 :	11010000;
	5172 :	00001000;
	5171 :	11110000;
	5170 :	11101101;
	5169 :	00101010;
	5168 :	00001000;
	5167 :	00001010;
	5166 :	11011111;
	5165 :	11111011;
	5164 :	00000001;
	5163 :	11110110;
	5162 :	00001101;
	5161 :	00011010;
	5160 :	11110011;
	5159 :	11100010;
	5158 :	11110000;
	5157 :	00000011;
	5156 :	11101010;
	5155 :	11101010;
	5154 :	11101111;
	5153 :	11100001;
	5152 :	11101001;
	5151 :	00011000;
	5150 :	00010111;
	5149 :	00000101;
	5148 :	11111101;
	5147 :	11110111;
	5146 :	00001100;
	5145 :	00001100;
	5144 :	00000011;
	5143 :	11111101;
	5142 :	11110101;
	5141 :	00000000;
	5140 :	00000001;
	5139 :	11100011;
	5138 :	11111001;
	5137 :	11110010;
	5136 :	11110101;
	5135 :	00100111;
	5134 :	11111101;
	5133 :	11101010;
	5132 :	11100101;
	5131 :	11110010;
	5130 :	11110100;
	5129 :	11111111;
	5128 :	00000101;
	5127 :	11100011;
	5126 :	11110100;
	5125 :	11111001;
	5124 :	00000101;
	5123 :	11100101;
	5122 :	11111110;
	5121 :	00001100;
	5120 :	11111010;
	5119 :	00000000;
	5118 :	00011011;
	5117 :	00001110;
	5116 :	00001000;
	5115 :	00001001;
	5114 :	00010100;
	5113 :	11110000;
	5112 :	00010111;
	5111 :	00010011;
	5110 :	11111111;
	5109 :	11110011;
	5108 :	00000110;
	5107 :	11111011;
	5106 :	11101101;
	5105 :	00000001;
	5104 :	11110110;
	5103 :	11111001;
	5102 :	11111011;
	5101 :	00001000;
	5100 :	11110110;
	5099 :	00000001;
	5098 :	11111111;
	5097 :	00010010;
	5096 :	00010011;
	5095 :	11101100;
	5094 :	11111100;
	5093 :	11111000;
	5092 :	11111101;
	5091 :	11111110;
	5090 :	11111010;
	5089 :	11100001;
	5088 :	11101100;
	5087 :	00000000;
	5086 :	00001000;
	5085 :	00001000;
	5084 :	00001000;
	5083 :	11110000;
	5082 :	11110101;
	5081 :	00010100;
	5080 :	00000000;
	5079 :	00001110;
	5078 :	00000011;
	5077 :	00001111;
	5076 :	11111111;
	5075 :	00000011;
	5074 :	11110111;
	5073 :	11110111;
	5072 :	00000111;
	5071 :	00001010;
	5070 :	00001110;
	5069 :	00011011;
	5068 :	00001000;
	5067 :	11110010;
	5066 :	11110111;
	5065 :	11111010;
	5064 :	11110101;
	5063 :	00010011;
	5062 :	00001101;
	5061 :	00000111;
	5060 :	11101001;
	5059 :	00001100;
	5058 :	11111001;
	5057 :	00000001;
	5056 :	00001001;
	5055 :	00001110;
	5054 :	00010011;
	5053 :	11110011;
	5052 :	00100011;
	5051 :	00001001;
	5050 :	11111110;
	5049 :	00100010;
	5048 :	00110100;
	5047 :	00011111;
	5046 :	11111011;
	5045 :	11101001;
	5044 :	11000000;
	5043 :	11001011;
	5042 :	11101010;
	5041 :	00000010;
	5040 :	11111011;
	5039 :	00000101;
	5038 :	11101010;
	5037 :	11001110;
	5036 :	11000000;
	5035 :	11110011;
	5034 :	11100111;
	5033 :	11111010;
	5032 :	11111011;
	5031 :	11101011;
	5030 :	11110110;
	5029 :	00000001;
	5028 :	00010100;
	5027 :	00001110;
	5026 :	00000000;
	5025 :	11101110;
	5024 :	11011111;
	5023 :	11010110;
	5022 :	11111111;
	5021 :	00001111;
	5020 :	00010011;
	5019 :	00000110;
	5018 :	00000110;
	5017 :	10111100;
	5016 :	11010111;
	5015 :	00001110;
	5014 :	00000000;
	5013 :	00000111;
	5012 :	00010010;
	5011 :	11111111;
	5010 :	11111000;
	5009 :	00001111;
	5008 :	11111000;
	5007 :	11110100;
	5006 :	00001110;
	5005 :	00010011;
	5004 :	11110100;
	5003 :	00010011;
	5002 :	00011001;
	5001 :	00000110;
	5000 :	00001110;
	4999 :	00101001;
	4998 :	00010110;
	4997 :	11111101;
	4996 :	00000011;
	4995 :	11011000;
	4994 :	11001110;
	4993 :	11100100;
	4992 :	11111011;
	4991 :	00001011;
	4990 :	11011011;
	4989 :	11100110;
	4988 :	11100111;
	4987 :	00001100;
	4986 :	00100100;
	4985 :	00001110;
	4984 :	11110000;
	4983 :	11110100;
	4982 :	11111000;
	4981 :	00000101;
	4980 :	00000010;
	4979 :	00011000;
	4978 :	00000100;
	4977 :	11101011;
	4976 :	00000101;
	4975 :	00010100;
	4974 :	00001000;
	4973 :	11101011;
	4972 :	00000100;
	4971 :	00000111;
	4970 :	11100100;
	4969 :	11011111;
	4968 :	00101110;
	4967 :	11100111;
	4966 :	10111110;
	4965 :	11111011;
	4964 :	11110000;
	4963 :	11101011;
	4962 :	00001001;
	4961 :	00000110;
	4960 :	11100101;
	4959 :	11011101;
	4958 :	11011000;
	4957 :	11111010;
	4956 :	00000101;
	4955 :	11111010;
	4954 :	00001101;
	4953 :	11011110;
	4952 :	00000001;
	4951 :	00001111;
	4950 :	00010010;
	4949 :	11110011;
	4948 :	11110000;
	4947 :	11101000;
	4946 :	11101110;
	4945 :	11110111;
	4944 :	11100011;
	4943 :	11101100;
	4942 :	00000100;
	4941 :	11111101;
	4940 :	11111110;
	4939 :	11111001;
	4938 :	00001001;
	4937 :	00010111;
	4936 :	00000001;
	4935 :	11111100;
	4934 :	00000011;
	4933 :	00001100;
	4932 :	00000100;
	4931 :	11111011;
	4930 :	00010011;
	4929 :	00001010;
	4928 :	11101101;
	4927 :	11111010;
	4926 :	00011001;
	4925 :	00010100;
	4924 :	11111101;
	4923 :	11111111;
	4922 :	00000101;
	4921 :	00010000;
	4920 :	11111001;
	4919 :	00000110;
	4918 :	11111111;
	4917 :	11111011;
	4916 :	11110000;
	4915 :	00001000;
	4914 :	00001011;
	4913 :	00000000;
	4912 :	11111000;
	4911 :	00000011;
	4910 :	11111111;
	4909 :	11110110;
	4908 :	00000011;
	4907 :	11101111;
	4906 :	00000011;
	4905 :	00010101;
	4904 :	11111011;
	4903 :	00001100;
	4902 :	00011010;
	4901 :	00101101;
	4900 :	11111100;
	4899 :	11110111;
	4898 :	00010001;
	4897 :	00001111;
	4896 :	11111101;
	4895 :	11110010;
	4894 :	11100111;
	4893 :	11110010;
	4892 :	11111111;
	4891 :	11111100;
	4890 :	00010000;
	4889 :	00010011;
	4888 :	00001111;
	4887 :	00000111;
	4886 :	11110101;
	4885 :	00000111;
	4884 :	00000011;
	4883 :	11111010;
	4882 :	11100101;
	4881 :	11000110;
	4880 :	11110010;
	4879 :	11111110;
	4878 :	11001100;
	4877 :	11100000;
	4876 :	00000110;
	4875 :	11001001;
	4874 :	10100001;
	4873 :	10110000;
	4872 :	11100111;
	4871 :	00000101;
	4870 :	01000001;
	4869 :	00100110;
	4868 :	11100110;
	4867 :	11000110;
	4866 :	10110101;
	4865 :	11111111;
	4864 :	00001111;
	4863 :	00011111;
	4862 :	00011110;
	4861 :	11100001;
	4860 :	11011111;
	4859 :	11101001;
	4858 :	11111100;
	4857 :	11110110;
	4856 :	11110010;
	4855 :	00000000;
	4854 :	00000101;
	4853 :	11100001;
	4852 :	11110010;
	4851 :	11110101;
	4850 :	11110110;
	4849 :	11101111;
	4848 :	11111011;
	4847 :	11111000;
	4846 :	11110001;
	4845 :	11110000;
	4844 :	11111100;
	4843 :	11111111;
	4842 :	00001101;
	4841 :	11110100;
	4840 :	00000110;
	4839 :	11111000;
	4838 :	11111110;
	4837 :	11110001;
	4836 :	00001011;
	4835 :	00000011;
	4834 :	00000001;
	4833 :	11110011;
	4832 :	11110111;
	4831 :	00001011;
	4830 :	11100110;
	4829 :	00000111;
	4828 :	00001110;
	4827 :	00001010;
	4826 :	00000100;
	4825 :	00000110;
	4824 :	00000001;
	4823 :	11110001;
	4822 :	00001100;
	4821 :	00010111;
	4820 :	11111010;
	4819 :	00000100;
	4818 :	00000010;
	4817 :	11110000;
	4816 :	00000101;
	4815 :	11111110;
	4814 :	11111100;
	4813 :	11110001;
	4812 :	11101011;
	4811 :	11110010;
	4810 :	11111011;
	4809 :	11111011;
	4808 :	00000110;
	4807 :	00011010;
	4806 :	11111101;
	4805 :	11111001;
	4804 :	11111010;
	4803 :	00000001;
	4802 :	00000101;
	4801 :	11111111;
	4800 :	11100001;
	4799 :	11011011;
	4798 :	11110000;
	4797 :	11110100;
	4796 :	11111011;
	4795 :	11100101;
	4794 :	11110001;
	4793 :	11111101;
	4792 :	00001111;
	4791 :	11111010;
	4790 :	11110010;
	4789 :	11101111;
	4788 :	11111011;
	4787 :	11111000;
	4786 :	00000010;
	4785 :	00000100;
	4784 :	00000110;
	4783 :	00010110;
	4782 :	00000010;
	4781 :	11110111;
	4780 :	00010010;
	4779 :	00001010;
	4778 :	11111010;
	4777 :	00010111;
	4776 :	00001010;
	4775 :	00001110;
	4774 :	00000100;
	4773 :	11111101;
	4772 :	00001000;
	4771 :	11100000;
	4770 :	11110101;
	4769 :	00010111;
	4768 :	00001010;
	4767 :	00000010;
	4766 :	11110111;
	4765 :	00001001;
	4764 :	11011110;
	4763 :	11110001;
	4762 :	11111011;
	4761 :	00000011;
	4760 :	00000011;
	4759 :	00001010;
	4758 :	00100001;
	4757 :	00001101;
	4756 :	00011000;
	4755 :	00011000;
	4754 :	00011001;
	4753 :	00001111;
	4752 :	00000101;
	4751 :	11101100;
	4750 :	11100101;
	4749 :	11110111;
	4748 :	00000001;
	4747 :	11111001;
	4746 :	11101010;
	4745 :	11100101;
	4744 :	11110111;
	4743 :	00001100;
	4742 :	11110011;
	4741 :	11101110;
	4740 :	11010010;
	4739 :	11101111;
	4738 :	11101110;
	4737 :	11101000;
	4736 :	00000010;
	4735 :	11110000;
	4734 :	11100010;
	4733 :	11010011;
	4732 :	11110101;
	4731 :	00001111;
	4730 :	00000110;
	4729 :	00111001;
	4728 :	00010111;
	4727 :	11111000;
	4726 :	11101111;
	4725 :	11100010;
	4724 :	00001010;
	4723 :	01000001;
	4722 :	00011100;
	4721 :	11111100;
	4720 :	11101101;
	4719 :	11100110;
	4718 :	11101010;
	4717 :	11111011;
	4716 :	11110000;
	4715 :	11011110;
	4714 :	11010111;
	4713 :	11010011;
	4712 :	11110010;
	4711 :	11101001;
	4710 :	00001010;
	4709 :	00001000;
	4708 :	11111101;
	4707 :	00000000;
	4706 :	00011110;
	4705 :	00100100;
	4704 :	00010110;
	4703 :	00011100;
	4702 :	11110101;
	4701 :	00000001;
	4700 :	11110111;
	4699 :	00010010;
	4698 :	11101010;
	4697 :	11110011;
	4696 :	11111111;
	4695 :	11100101;
	4694 :	11101101;
	4693 :	11101111;
	4692 :	00000100;
	4691 :	00001100;
	4690 :	11101110;
	4689 :	11011101;
	4688 :	11110001;
	4687 :	00010001;
	4686 :	11101011;
	4685 :	11110011;
	4684 :	11101111;
	4683 :	00000001;
	4682 :	00011110;
	4681 :	00001010;
	4680 :	00010000;
	4679 :	00000111;
	4678 :	00010110;
	4677 :	00010001;
	4676 :	11110110;
	4675 :	00110111;
	4674 :	11111011;
	4673 :	00001001;
	4672 :	11100000;
	4671 :	00001110;
	4670 :	00001000;
	4669 :	11100111;
	4668 :	00011000;
	4667 :	11011011;
	4666 :	11100100;
	4665 :	11011001;
	4664 :	00001101;
	4663 :	00001000;
	4662 :	11101101;
	4661 :	00000011;
	4660 :	00010101;
	4659 :	11111110;
	4658 :	11111111;
	4657 :	11111101;
	4656 :	00000100;
	4655 :	11100101;
	4654 :	00000010;
	4653 :	00010100;
	4652 :	00011110;
	4651 :	00010100;
	4650 :	11111111;
	4649 :	11111110;
	4648 :	11111100;
	4647 :	00000100;
	4646 :	00001100;
	4645 :	00000100;
	4644 :	00001000;
	4643 :	00001100;
	4642 :	00001101;
	4641 :	11110111;
	4640 :	00000010;
	4639 :	11111101;
	4638 :	11111010;
	4637 :	11111000;
	4636 :	11101100;
	4635 :	11101100;
	4634 :	00001111;
	4633 :	11110111;
	4632 :	11010011;
	4631 :	11101001;
	4630 :	11110100;
	4629 :	11111001;
	4628 :	00000100;
	4627 :	11110101;
	4626 :	11111000;
	4625 :	11100001;
	4624 :	11111011;
	4623 :	11101111;
	4622 :	11110111;
	4621 :	11110010;
	4620 :	11110010;
	4619 :	00000010;
	4618 :	00010010;
	4617 :	11111011;
	4616 :	00000011;
	4615 :	00000010;
	4614 :	11110000;
	4613 :	11110101;
	4612 :	00000101;
	4611 :	00001001;
	4610 :	00001010;
	4609 :	11110101;
	4608 :	00000111;
	4607 :	11100110;
	4606 :	11101011;
	4605 :	00000100;
	4604 :	11110110;
	4603 :	11111010;
	4602 :	00000111;
	4601 :	00001101;
	4600 :	11111101;
	4599 :	00001100;
	4598 :	00000101;
	4597 :	11111011;
	4596 :	11111100;
	4595 :	00000001;
	4594 :	00001010;
	4593 :	11111100;
	4592 :	00000001;
	4591 :	00000100;
	4590 :	11110100;
	4589 :	11111101;
	4588 :	00000001;
	4587 :	11101111;
	4586 :	00000101;
	4585 :	11111110;
	4584 :	11110011;
	4583 :	00000000;
	4582 :	00000010;
	4581 :	00000110;
	4580 :	00000010;
	4579 :	00000100;
	4578 :	11111011;
	4577 :	00000000;
	4576 :	11101101;
	4575 :	11100101;
	4574 :	00001010;
	4573 :	00001010;
	4572 :	11111001;
	4571 :	11001110;
	4570 :	00000111;
	4569 :	00000000;
	4568 :	00000000;
	4567 :	11101000;
	4566 :	00001010;
	4565 :	00000110;
	4564 :	11101000;
	4563 :	00000101;
	4562 :	00000101;
	4561 :	11111001;
	4560 :	11111100;
	4559 :	00000000;
	4558 :	11101001;
	4557 :	11111010;
	4556 :	00010101;
	4555 :	11110110;
	4554 :	11111100;
	4553 :	00000111;
	4552 :	00000101;
	4551 :	11101110;
	4550 :	00000000;
	4549 :	11100000;
	4548 :	11101011;
	4547 :	11101100;
	4546 :	00000011;
	4545 :	00110110;
	4544 :	00101111;
	4543 :	00001010;
	4542 :	11010010;
	4541 :	11010010;
	4540 :	11100110;
	4539 :	00011000;
	4538 :	00111001;
	4537 :	00110101;
	4536 :	00000110;
	4535 :	00011110;
	4534 :	11111111;
	4533 :	00110001;
	4532 :	00011011;
	4531 :	11111101;
	4530 :	00111100;
	4529 :	00000100;
	4528 :	00110101;
	4527 :	01000111;
	4526 :	01001110;
	4525 :	00101001;
	4524 :	11101011;
	4523 :	10100010;
	4522 :	10111010;
	4521 :	00100001;
	4520 :	00110001;
	4519 :	00011111;
	4518 :	00010011;
	4517 :	11100111;
	4516 :	11111010;
	4515 :	00000010;
	4514 :	11110000;
	4513 :	00000011;
	4512 :	00000000;
	4511 :	11101111;
	4510 :	11111010;
	4509 :	11111111;
	4508 :	00001110;
	4507 :	00001111;
	4506 :	00001000;
	4505 :	00010010;
	4504 :	00010001;
	4503 :	00000100;
	4502 :	11101110;
	4501 :	11110101;
	4500 :	00000101;
	4499 :	00001001;
	4498 :	00001111;
	4497 :	00010000;
	4496 :	00010100;
	4495 :	11111011;
	4494 :	11110001;
	4493 :	11110010;
	4492 :	11100101;
	4491 :	11111010;
	4490 :	11111101;
	4489 :	11100011;
	4488 :	00001011;
	4487 :	00000110;
	4486 :	11110010;
	4485 :	11001011;
	4484 :	11001010;
	4483 :	11111100;
	4482 :	11111100;
	4481 :	00001100;
	4480 :	11111010;
	4479 :	00001010;
	4478 :	00000011;
	4477 :	11101110;
	4476 :	00000100;
	4475 :	00000011;
	4474 :	11101010;
	4473 :	11001011;
	4472 :	00001110;
	4471 :	00011100;
	4470 :	00100101;
	4469 :	00001001;
	4468 :	00011110;
	4467 :	11011111;
	4466 :	11110101;
	4465 :	11110001;
	4464 :	00101010;
	4463 :	00010001;
	4462 :	00001000;
	4461 :	11111010;
	4460 :	00001110;
	4459 :	11111010;
	4458 :	00010110;
	4457 :	00001000;
	4456 :	00011110;
	4455 :	00001100;
	4454 :	11101010;
	4453 :	11001110;
	4452 :	11111000;
	4451 :	00001101;
	4450 :	00010000;
	4449 :	00001000;
	4448 :	00001000;
	4447 :	00001111;
	4446 :	00100001;
	4445 :	11111101;
	4444 :	11110101;
	4443 :	11100011;
	4442 :	11111100;
	4441 :	11110111;
	4440 :	11001011;
	4439 :	00100001;
	4438 :	11111001;
	4437 :	11010000;
	4436 :	10111000;
	4435 :	11001100;
	4434 :	00000001;
	4433 :	11001101;
	4432 :	11101000;
	4431 :	00101000;
	4430 :	11100000;
	4429 :	11010110;
	4428 :	11000010;
	4427 :	11101111;
	4426 :	11101110;
	4425 :	11000010;
	4424 :	10111111;
	4423 :	11111011;
	4422 :	00110111;
	4421 :	00000110;
	4420 :	00010110;
	4419 :	00001110;
	4418 :	10111011;
	4417 :	11110011;
	4416 :	11101011;
	4415 :	01000010;
	4414 :	11101001;
	4413 :	00000110;
	4412 :	00000010;
	4411 :	00001100;
	4410 :	11101010;
	4409 :	00100101;
	4408 :	11101001;
	4407 :	11111111;
	4406 :	11001011;
	4405 :	11011001;
	4404 :	11110011;
	4403 :	00001010;
	4402 :	00010100;
	4401 :	11101110;
	4400 :	11110110;
	4399 :	11100101;
	4398 :	11110101;
	4397 :	00010001;
	4396 :	11111001;
	4395 :	00000001;
	4394 :	11110110;
	4393 :	11110001;
	4392 :	11110010;
	4391 :	11101010;
	4390 :	00000101;
	4389 :	00000111;
	4388 :	11001001;
	4387 :	11101001;
	4386 :	11101110;
	4385 :	00010011;
	4384 :	00001010;
	4383 :	00000001;
	4382 :	00011010;
	4381 :	11011001;
	4380 :	11001010;
	4379 :	11010101;
	4378 :	00011000;
	4377 :	00001011;
	4376 :	11110001;
	4375 :	10111101;
	4374 :	00001110;
	4373 :	11111000;
	4372 :	00001001;
	4371 :	00001101;
	4370 :	00000011;
	4369 :	11111010;
	4368 :	11101000;
	4367 :	00010011;
	4366 :	11110001;
	4365 :	00000110;
	4364 :	11111110;
	4363 :	00000000;
	4362 :	11111111;
	4361 :	11111000;
	4360 :	00001101;
	4359 :	00000010;
	4358 :	11111011;
	4357 :	11111110;
	4356 :	00000010;
	4355 :	11110100;
	4354 :	00000111;
	4353 :	00000000;
	4352 :	00001111;
	4351 :	00000100;
	4350 :	00011111;
	4349 :	00010000;
	4348 :	11111110;
	4347 :	11111011;
	4346 :	00000110;
	4345 :	11111010;
	4344 :	00001101;
	4343 :	00011011;
	4342 :	11111001;
	4341 :	00000100;
	4340 :	11111000;
	4339 :	00000101;
	4338 :	00000010;
	4337 :	11111100;
	4336 :	11101000;
	4335 :	11110001;
	4334 :	11101101;
	4333 :	11111010;
	4332 :	00101010;
	4331 :	00001100;
	4330 :	11011010;
	4329 :	11010010;
	4328 :	11111111;
	4327 :	11100111;
	4326 :	11111110;
	4325 :	00101001;
	4324 :	00101110;
	4323 :	00000011;
	4322 :	11110110;
	4321 :	11101001;
	4320 :	11111011;
	4319 :	11111100;
	4318 :	00010000;
	4317 :	11111100;
	4316 :	00000111;
	4315 :	00000000;
	4314 :	11110011;
	4313 :	11110001;
	4312 :	00000010;
	4311 :	00010011;
	4310 :	00010010;
	4309 :	11110011;
	4308 :	00000001;
	4307 :	11110100;
	4306 :	11111100;
	4305 :	11101111;
	4304 :	00101011;
	4303 :	00001001;
	4302 :	11111110;
	4301 :	11111010;
	4300 :	11111110;
	4299 :	00000101;
	4298 :	11101101;
	4297 :	11111011;
	4296 :	00000000;
	4295 :	11111010;
	4294 :	11111101;
	4293 :	11100101;
	4292 :	11110111;
	4291 :	11111111;
	4290 :	00000011;
	4289 :	11110111;
	4288 :	11101111;
	4287 :	11101111;
	4286 :	11110111;
	4285 :	11110001;
	4284 :	11101000;
	4283 :	00001011;
	4282 :	10111100;
	4281 :	10111011;
	4280 :	11100010;
	4279 :	00000100;
	4278 :	11110110;
	4277 :	11111100;
	4276 :	00100111;
	4275 :	11110110;
	4274 :	11100111;
	4273 :	11100000;
	4272 :	11101111;
	4271 :	00000000;
	4270 :	11111010;
	4269 :	00010100;
	4268 :	11111100;
	4267 :	00011101;
	4266 :	00001011;
	4265 :	11101000;
	4264 :	11100011;
	4263 :	11110101;
	4262 :	00001111;
	4261 :	00100011;
	4260 :	11110110;
	4259 :	11100010;
	4258 :	00000101;
	4257 :	11101000;
	4256 :	11111001;
	4255 :	00000111;
	4254 :	00110100;
	4253 :	00000000;
	4252 :	00000101;
	4251 :	11111110;
	4250 :	00000011;
	4249 :	11100001;
	4248 :	00001001;
	4247 :	00010011;
	4246 :	00001010;
	4245 :	00000011;
	4244 :	11111100;
	4243 :	11111000;
	4242 :	11110010;
	4241 :	00010111;
	4240 :	11011111;
	4239 :	00010010;
	4238 :	00010110;
	4237 :	00010011;
	4236 :	11110011;
	4235 :	11111000;
	4234 :	00001011;
	4233 :	11010001;
	4232 :	10111010;
	4231 :	00010000;
	4230 :	00011111;
	4229 :	00001100;
	4228 :	11111110;
	4227 :	00001000;
	4226 :	00100111;
	4225 :	11111011;
	4224 :	00000101;
	4223 :	00000101;
	4222 :	00010010;
	4221 :	00000111;
	4220 :	00000110;
	4219 :	00010111;
	4218 :	00001101;
	4217 :	00001000;
	4216 :	00000001;
	4215 :	11111010;
	4214 :	11111100;
	4213 :	00010101;
	4212 :	11010010;
	4211 :	11011101;
	4210 :	11001010;
	4209 :	11011111;
	4208 :	11100101;
	4207 :	00001100;
	4206 :	00011000;
	4205 :	11101001;
	4204 :	11011110;
	4203 :	11101001;
	4202 :	00000001;
	4201 :	00000001;
	4200 :	11110110;
	4199 :	00010001;
	4198 :	11110101;
	4197 :	00001110;
	4196 :	00000100;
	4195 :	00000010;
	4194 :	11111111;
	4193 :	00000010;
	4192 :	11101010;
	4191 :	00010001;
	4190 :	00100001;
	4189 :	00011110;
	4188 :	00011001;
	4187 :	00101010;
	4186 :	00000011;
	4185 :	00000010;
	4184 :	11011100;
	4183 :	00000101;
	4182 :	00000001;
	4181 :	00011100;
	4180 :	00000010;
	4179 :	11010011;
	4178 :	11110001;
	4177 :	11001111;
	4176 :	11100011;
	4175 :	11110111;
	4174 :	00010101;
	4173 :	00010001;
	4172 :	11100101;
	4171 :	00000001;
	4170 :	00001110;
	4169 :	00011001;
	4168 :	11111000;
	4167 :	00001110;
	4166 :	11011111;
	4165 :	00000100;
	4164 :	11111011;
	4163 :	00010000;
	4162 :	11101111;
	4161 :	00000000;
	4160 :	00001001;
	4159 :	11111010;
	4158 :	11111000;
	4157 :	00001100;
	4156 :	00001100;
	4155 :	00010010;
	4154 :	00001001;
	4153 :	00001011;
	4152 :	11111000;
	4151 :	11111100;
	4150 :	00000001;
	4149 :	00010000;
	4148 :	00010000;
	4147 :	11110011;
	4146 :	11100111;
	4145 :	11111001;
	4144 :	11110111;
	4143 :	00000010;
	4142 :	11111000;
	4141 :	11111010;
	4140 :	00000011;
	4139 :	00001001;
	4138 :	11111000;
	4137 :	11110011;
	4136 :	00000110;
	4135 :	11011100;
	4134 :	11100100;
	4133 :	11111000;
	4132 :	00000001;
	4131 :	00000101;
	4130 :	11110011;
	4129 :	00000000;
	4128 :	11110111;
	4127 :	11101000;
	4126 :	11110001;
	4125 :	11111011;
	4124 :	11101110;
	4123 :	00000111;
	4122 :	00000010;
	4121 :	00001100;
	4120 :	11111111;
	4119 :	11110111;
	4118 :	11111011;
	4117 :	11110110;
	4116 :	11110000;
	4115 :	00011010;
	4114 :	11110101;
	4113 :	11110111;
	4112 :	00000100;
	4111 :	00010010;
	4110 :	11110110;
	4109 :	11111010;
	4108 :	00001000;
	4107 :	11111000;
	4106 :	11101010;
	4105 :	11110101;
	4104 :	00010101;
	4103 :	11111110;
	4102 :	11111001;
	4101 :	11100000;
	4100 :	10110100;
	4099 :	11101111;
	4098 :	00000010;
	4097 :	00110001;
	4096 :	00011101;
	4095 :	00001110;
	4094 :	00000110;
	4093 :	00001001;
	4092 :	00101001;
	4091 :	00010011;
	4090 :	00001001;
	4089 :	00110000;
	4088 :	00001100;
	4087 :	00101111;
	4086 :	00111110;
	4085 :	01010100;
	4084 :	00100010;
	4083 :	11010011;
	4082 :	11001111;
	4081 :	11100101;
	4080 :	00010110;
	4079 :	00110011;
	4078 :	01010000;
	4077 :	00110010;
	4076 :	11001011;
	4075 :	11000100;
	4074 :	11111001;
	4073 :	00000011;
	4072 :	00001111;
	4071 :	00000001;
	4070 :	00010001;
	4069 :	00001011;
	4068 :	00001101;
	4067 :	00001111;
	4066 :	00000001;
	4065 :	00000010;
	4064 :	11110000;
	4063 :	11110001;
	4062 :	11111001;
	4061 :	00001011;
	4060 :	11111000;
	4059 :	00010101;
	4058 :	00000111;
	4057 :	00010000;
	4056 :	00000110;
	4055 :	00001101;
	4054 :	11111010;
	4053 :	00001110;
	4052 :	11111110;
	4051 :	11110101;
	4050 :	00001010;
	4049 :	00001010;
	4048 :	00000101;
	4047 :	00000000;
	4046 :	00000110;
	4045 :	11111001;
	4044 :	11110101;
	4043 :	11111101;
	4042 :	11111001;
	4041 :	11111010;
	4040 :	00000100;
	4039 :	00000100;
	4038 :	00000110;
	4037 :	11101101;
	4036 :	11110010;
	4035 :	00010001;
	4034 :	00000001;
	4033 :	00001001;
	4032 :	11111011;
	4031 :	00010101;
	4030 :	00010110;
	4029 :	00000101;
	4028 :	11101111;
	4027 :	11111001;
	4026 :	00000011;
	4025 :	11110110;
	4024 :	00000000;
	4023 :	00000100;
	4022 :	11111011;
	4021 :	11111010;
	4020 :	11110000;
	4019 :	11111101;
	4018 :	00000010;
	4017 :	00011101;
	4016 :	00010001;
	4015 :	00000001;
	4014 :	00000000;
	4013 :	00000101;
	4012 :	11101001;
	4011 :	11110101;
	4010 :	00001110;
	4009 :	00000000;
	4008 :	11111101;
	4007 :	00000010;
	4006 :	00001100;
	4005 :	11110100;
	4004 :	11111010;
	4003 :	11110110;
	4002 :	11111110;
	4001 :	00000100;
	4000 :	00000001;
	3999 :	11110010;
	3998 :	11111000;
	3997 :	11110110;
	3996 :	11101000;
	3995 :	11100000;
	3994 :	11011101;
	3993 :	11101010;
	3992 :	11111001;
	3991 :	11110010;
	3990 :	11100000;
	3989 :	00011010;
	3988 :	11101000;
	3987 :	11100000;
	3986 :	11101111;
	3985 :	00001111;
	3984 :	11111110;
	3983 :	11110101;
	3982 :	00001111;
	3981 :	11110111;
	3980 :	00001000;
	3979 :	00000110;
	3978 :	11111011;
	3977 :	00000011;
	3976 :	11110010;
	3975 :	00000010;
	3974 :	11111011;
	3973 :	00000011;
	3972 :	11101111;
	3971 :	11101101;
	3970 :	11101001;
	3969 :	11111110;
	3968 :	11111111;
	3967 :	00000010;
	3966 :	00100000;
	3965 :	00101001;
	3964 :	00000101;
	3963 :	11110011;
	3962 :	11111000;
	3961 :	11110010;
	3960 :	11101011;
	3959 :	11111110;
	3958 :	00010000;
	3957 :	00100000;
	3956 :	00010100;
	3955 :	11110110;
	3954 :	00001000;
	3953 :	11110110;
	3952 :	00001001;
	3951 :	11111110;
	3950 :	00010010;
	3949 :	00101010;
	3948 :	00000010;
	3947 :	11111100;
	3946 :	00000001;
	3945 :	00011011;
	3944 :	00001001;
	3943 :	00001011;
	3942 :	11111001;
	3941 :	00001010;
	3940 :	00100101;
	3939 :	00011000;
	3938 :	00100011;
	3937 :	11110000;
	3936 :	11110010;
	3935 :	11100111;
	3934 :	11010111;
	3933 :	00001001;
	3932 :	11110101;
	3931 :	11110000;
	3930 :	11111101;
	3929 :	00000100;
	3928 :	11110111;
	3927 :	11011110;
	3926 :	11101111;
	3925 :	00000000;
	3924 :	00000101;
	3923 :	11110110;
	3922 :	11101110;
	3921 :	11100100;
	3920 :	11101111;
	3919 :	11111111;
	3918 :	00001111;
	3917 :	11111010;
	3916 :	00001001;
	3915 :	00001010;
	3914 :	11100111;
	3913 :	11111111;
	3912 :	11110111;
	3911 :	00100010;
	3910 :	00010110;
	3909 :	11111100;
	3908 :	11111001;
	3907 :	11111101;
	3906 :	11111101;
	3905 :	11101001;
	3904 :	00000010;
	3903 :	00001010;
	3902 :	00000100;
	3901 :	11110110;
	3900 :	00001001;
	3899 :	00001111;
	3898 :	00000110;
	3897 :	00000010;
	3896 :	11110000;
	3895 :	00010001;
	3894 :	00010011;
	3893 :	00010010;
	3892 :	00000111;
	3891 :	00000101;
	3890 :	11011001;
	3889 :	00000111;
	3888 :	11010000;
	3887 :	00000010;
	3886 :	00011100;
	3885 :	00001111;
	3884 :	00010110;
	3883 :	11111111;
	3882 :	11100111;
	3881 :	00001001;
	3880 :	00101100;
	3879 :	00010000;
	3878 :	11110110;
	3877 :	11101110;
	3876 :	00100101;
	3875 :	00001011;
	3874 :	00001000;
	3873 :	00010110;
	3872 :	11100111;
	3871 :	11110100;
	3870 :	11111101;
	3869 :	11110011;
	3868 :	11100101;
	3867 :	00000110;
	3866 :	11111101;
	3865 :	00000001;
	3864 :	11111111;
	3863 :	00010001;
	3862 :	11111101;
	3861 :	11011000;
	3860 :	11101011;
	3859 :	11100110;
	3858 :	00000000;
	3857 :	00001011;
	3856 :	00000101;
	3855 :	11111001;
	3854 :	00000111;
	3853 :	11110100;
	3852 :	11111110;
	3851 :	11110111;
	3850 :	00001000;
	3849 :	00000010;
	3848 :	00010111;
	3847 :	00001111;
	3846 :	11111010;
	3845 :	00001111;
	3844 :	00011011;
	3843 :	00010001;
	3842 :	00001010;
	3841 :	00001010;
	3840 :	11110011;
	3839 :	11111101;
	3838 :	11111100;
	3837 :	00000000;
	3836 :	11111100;
	3835 :	00001100;
	3834 :	00001010;
	3833 :	11100111;
	3832 :	11110000;
	3831 :	11101000;
	3830 :	11111100;
	3829 :	00001111;
	3828 :	00001011;
	3827 :	11111100;
	3826 :	11111011;
	3825 :	11100111;
	3824 :	00010000;
	3823 :	11101001;
	3822 :	11110111;
	3821 :	00010100;
	3820 :	11110010;
	3819 :	11110010;
	3818 :	11110100;
	3817 :	11101100;
	3816 :	00001011;
	3815 :	11111101;
	3814 :	11110001;
	3813 :	11111001;
	3812 :	11111001;
	3811 :	11100111;
	3810 :	11100100;
	3809 :	11101001;
	3808 :	11110001;
	3807 :	11111101;
	3806 :	00001010;
	3805 :	00000011;
	3804 :	00001001;
	3803 :	11111110;
	3802 :	11110100;
	3801 :	11101110;
	3800 :	00000110;
	3799 :	00010100;
	3798 :	00001110;
	3797 :	00101011;
	3796 :	00010101;
	3795 :	00011010;
	3794 :	11111001;
	3793 :	11110000;
	3792 :	11111011;
	3791 :	11111110;
	3790 :	11100100;
	3789 :	00011101;
	3788 :	00001001;
	3787 :	11100110;
	3786 :	00001010;
	3785 :	11101011;
	3784 :	11100100;
	3783 :	11010111;
	3782 :	00000001;
	3781 :	00000101;
	3780 :	00000000;
	3779 :	00010110;
	3778 :	11101011;
	3777 :	11101100;
	3776 :	11100110;
	3775 :	11100111;
	3774 :	00001001;
	3773 :	00010100;
	3772 :	11111001;
	3771 :	00011101;
	3770 :	11110101;
	3769 :	11101010;
	3768 :	11011111;
	3767 :	11010111;
	3766 :	11100101;
	3765 :	00000110;
	3764 :	00010010;
	3763 :	11110000;
	3762 :	11100010;
	3761 :	11011100;
	3760 :	00000010;
	3759 :	11111111;
	3758 :	11110110;
	3757 :	00101010;
	3756 :	00011000;
	3755 :	00011100;
	3754 :	00001101;
	3753 :	00101101;
	3752 :	00110011;
	3751 :	00010011;
	3750 :	00000001;
	3749 :	11010011;
	3748 :	00010100;
	3747 :	11100100;
	3746 :	10111111;
	3745 :	11101100;
	3744 :	00010110;
	3743 :	11110001;
	3742 :	10110001;
	3741 :	11000001;
	3740 :	10111011;
	3739 :	11011100;
	3738 :	11110011;
	3737 :	00000010;
	3736 :	11100111;
	3735 :	11000101;
	3734 :	10111001;
	3733 :	11011100;
	3732 :	11111111;
	3731 :	11111000;
	3730 :	11111111;
	3729 :	11100101;
	3728 :	11001000;
	3727 :	10111101;
	3726 :	11100101;
	3725 :	11111101;
	3724 :	11110110;
	3723 :	11111100;
	3722 :	00000000;
	3721 :	00000000;
	3720 :	11110011;
	3719 :	00000010;
	3718 :	11110010;
	3717 :	11011101;
	3716 :	11101101;
	3715 :	11111100;
	3714 :	11100111;
	3713 :	11110110;
	3712 :	11111010;
	3711 :	00000001;
	3710 :	11110110;
	3709 :	00000001;
	3708 :	00001001;
	3707 :	00011001;
	3706 :	11111001;
	3705 :	11111011;
	3704 :	00000111;
	3703 :	00010111;
	3702 :	11110101;
	3701 :	00001111;
	3700 :	11111110;
	3699 :	11110111;
	3698 :	00011010;
	3697 :	00000001;
	3696 :	11001110;
	3695 :	11111010;
	3694 :	00001110;
	3693 :	11111001;
	3692 :	11101101;
	3691 :	00000101;
	3690 :	11100111;
	3689 :	11101100;
	3688 :	00010100;
	3687 :	00101010;
	3686 :	00001010;
	3685 :	11100010;
	3684 :	11111011;
	3683 :	00000110;
	3682 :	11110110;
	3681 :	11111000;
	3680 :	11011111;
	3679 :	11110100;
	3678 :	11010001;
	3677 :	11010001;
	3676 :	11111011;
	3675 :	00000111;
	3674 :	11111101;
	3673 :	00000111;
	3672 :	00000110;
	3671 :	00001101;
	3670 :	00010011;
	3669 :	11111110;
	3668 :	11001100;
	3667 :	00001011;
	3666 :	11101000;
	3665 :	11100000;
	3664 :	00000110;
	3663 :	00001110;
	3662 :	00001010;
	3661 :	00001011;
	3660 :	00001011;
	3659 :	00000110;
	3658 :	11111110;
	3657 :	11110000;
	3656 :	00000010;
	3655 :	11111101;
	3654 :	11000110;
	3653 :	11110101;
	3652 :	00011010;
	3651 :	11110011;
	3650 :	11101100;
	3649 :	00011000;
	3648 :	11010011;
	3647 :	11110000;
	3646 :	00001100;
	3645 :	00010111;
	3644 :	00001001;
	3643 :	00011001;
	3642 :	11101001;
	3641 :	11110000;
	3640 :	11101000;
	3639 :	00000111;
	3638 :	00100011;
	3637 :	00110100;
	3636 :	01000010;
	3635 :	01000100;
	3634 :	11110000;
	3633 :	11001101;
	3632 :	00000001;
	3631 :	11010000;
	3630 :	00000011;
	3629 :	11000101;
	3628 :	00000000;
	3627 :	00011101;
	3626 :	00001101;
	3625 :	00011110;
	3624 :	00000000;
	3623 :	00010110;
	3622 :	00110101;
	3621 :	00101101;
	3620 :	11111001;
	3619 :	11111011;
	3618 :	11101101;
	3617 :	00001000;
	3616 :	00010110;
	3615 :	11101101;
	3614 :	11011011;
	3613 :	11001101;
	3612 :	00010011;
	3611 :	11100100;
	3610 :	11111001;
	3609 :	00000111;
	3608 :	11111001;
	3607 :	11111100;
	3606 :	11011100;
	3605 :	00000011;
	3604 :	11010000;
	3603 :	11111011;
	3602 :	00011000;
	3601 :	00001001;
	3600 :	11110111;
	3599 :	11111101;
	3598 :	00000001;
	3597 :	11100111;
	3596 :	00000111;
	3595 :	00101011;
	3594 :	00001010;
	3593 :	00010100;
	3592 :	00001010;
	3591 :	00000101;
	3590 :	00101001;
	3589 :	00000010;
	3588 :	00100101;
	3587 :	00000101;
	3586 :	00000111;
	3585 :	11101101;
	3584 :	11110101;
	3583 :	00010111;
	3582 :	00000111;
	3581 :	11011000;
	3580 :	11110011;
	3579 :	11011111;
	3578 :	11111011;
	3577 :	11111000;
	3576 :	11111100;
	3575 :	00000100;
	3574 :	11111011;
	3573 :	00000100;
	3572 :	11101100;
	3571 :	00010000;
	3570 :	00001001;
	3569 :	00010111;
	3568 :	00001100;
	3567 :	11110100;
	3566 :	11111110;
	3565 :	00000001;
	3564 :	00001010;
	3563 :	00000000;
	3562 :	11101000;
	3561 :	00010101;
	3560 :	11011110;
	3559 :	00000111;
	3558 :	00000011;
	3557 :	11111100;
	3556 :	00010000;
	3555 :	00001110;
	3554 :	11111011;
	3553 :	11101101;
	3552 :	00000001;
	3551 :	11100110;
	3550 :	00011001;
	3549 :	00010010;
	3548 :	00000011;
	3547 :	11111001;
	3546 :	11110000;
	3545 :	11101011;
	3544 :	00010011;
	3543 :	00000011;
	3542 :	11111111;
	3541 :	11110100;
	3540 :	00001101;
	3539 :	00011101;
	3538 :	11111000;
	3537 :	00010111;
	3536 :	11110011;
	3535 :	11111111;
	3534 :	00000100;
	3533 :	11111111;
	3532 :	11111001;
	3531 :	11111111;
	3530 :	11111101;
	3529 :	00000111;
	3528 :	11110000;
	3527 :	00010001;
	3526 :	00001101;
	3525 :	00000100;
	3524 :	11111101;
	3523 :	00001010;
	3522 :	00000011;
	3521 :	00001100;
	3520 :	11111110;
	3519 :	00001110;
	3518 :	00000010;
	3517 :	00000000;
	3516 :	11111110;
	3515 :	11111111;
	3514 :	11111101;
	3513 :	11101101;
	3512 :	00001011;
	3511 :	11101111;
	3510 :	00010100;
	3509 :	00000000;
	3508 :	11110000;
	3507 :	00001101;
	3506 :	11100110;
	3505 :	11101100;
	3504 :	11101101;
	3503 :	11110011;
	3502 :	00000101;
	3501 :	00000100;
	3500 :	00000011;
	3499 :	11111001;
	3498 :	11111010;
	3497 :	00011001;
	3496 :	00000010;
	3495 :	00001010;
	3494 :	00001001;
	3493 :	11110100;
	3492 :	00100101;
	3491 :	00011101;
	3490 :	00100100;
	3489 :	00010111;
	3488 :	00000000;
	3487 :	00000010;
	3486 :	11111011;
	3485 :	00011001;
	3484 :	00010001;
	3483 :	00010001;
	3482 :	11111010;
	3481 :	00000001;
	3480 :	11100010;
	3479 :	00000010;
	3478 :	11110100;
	3477 :	00011011;
	3476 :	00000010;
	3475 :	00001110;
	3474 :	00001100;
	3473 :	00010101;
	3472 :	11111101;
	3471 :	11101101;
	3470 :	11111000;
	3469 :	00011101;
	3468 :	00011101;
	3467 :	11111101;
	3466 :	00001011;
	3465 :	00010011;
	3464 :	11110110;
	3463 :	11101010;
	3462 :	11110001;
	3461 :	00001010;
	3460 :	11011101;
	3459 :	11010110;
	3458 :	11110111;
	3457 :	11110001;
	3456 :	11010111;
	3455 :	00101100;
	3454 :	11001111;
	3453 :	11101110;
	3452 :	00000010;
	3451 :	00000011;
	3450 :	11110101;
	3449 :	00011001;
	3448 :	00101010;
	3447 :	11111101;
	3446 :	00011001;
	3445 :	00010001;
	3444 :	00000010;
	3443 :	11110001;
	3442 :	01000100;
	3441 :	00110100;
	3440 :	01000001;
	3439 :	00111111;
	3438 :	00000010;
	3437 :	11111100;
	3436 :	11110111;
	3435 :	00010101;
	3434 :	00011010;
	3433 :	11111110;
	3432 :	00001001;
	3431 :	11101100;
	3430 :	11101100;
	3429 :	00001100;
	3428 :	11110000;
	3427 :	00010000;
	3426 :	00101101;
	3425 :	00111010;
	3424 :	00001001;
	3423 :	11111010;
	3422 :	11110100;
	3421 :	00101011;
	3420 :	00011101;
	3419 :	00001000;
	3418 :	11101101;
	3417 :	11110011;
	3416 :	11111100;
	3415 :	11111011;
	3414 :	00011110;
	3413 :	11101111;
	3412 :	11101111;
	3411 :	00000101;
	3410 :	11111001;
	3409 :	11101000;
	3408 :	00001001;
	3407 :	00000011;
	3406 :	00000100;
	3405 :	11101110;
	3404 :	00011101;
	3403 :	00010000;
	3402 :	11101010;
	3401 :	00001110;
	3400 :	11101110;
	3399 :	00010011;
	3398 :	11100000;
	3397 :	00100011;
	3396 :	00001000;
	3395 :	00001101;
	3394 :	00001000;
	3393 :	11110100;
	3392 :	00000101;
	3391 :	00101110;
	3390 :	00111011;
	3389 :	00011101;
	3388 :	11110100;
	3387 :	00000001;
	3386 :	00001001;
	3385 :	11110101;
	3384 :	00011010;
	3383 :	11100001;
	3382 :	00001010;
	3381 :	11111011;
	3380 :	11111101;
	3379 :	11110100;
	3378 :	00000010;
	3377 :	00001010;
	3376 :	11111111;
	3375 :	00001110;
	3374 :	00000101;
	3373 :	11111011;
	3372 :	11111010;
	3371 :	11111110;
	3370 :	00001010;
	3369 :	11111011;
	3368 :	11110111;
	3367 :	11110000;
	3366 :	11101101;
	3365 :	11100001;
	3364 :	11011111;
	3363 :	11110110;
	3362 :	11111001;
	3361 :	11110111;
	3360 :	00010000;
	3359 :	11110100;
	3358 :	11100101;
	3357 :	00000111;
	3356 :	11100011;
	3355 :	00001111;
	3354 :	00001111;
	3353 :	00001101;
	3352 :	11111011;
	3351 :	11111100;
	3350 :	00000111;
	3349 :	00001000;
	3348 :	11111001;
	3347 :	00000000;
	3346 :	00000110;
	3345 :	00010100;
	3344 :	00100001;
	3343 :	00000001;
	3342 :	11111100;
	3341 :	11111100;
	3340 :	00000100;
	3339 :	00000000;
	3338 :	11111010;
	3337 :	00001000;
	3336 :	00000001;
	3335 :	00001111;
	3334 :	00100010;
	3333 :	00000000;
	3332 :	11111010;
	3331 :	00001101;
	3330 :	11111110;
	3329 :	11101110;
	3328 :	11110001;
	3327 :	11101111;
	3326 :	11110110;
	3325 :	11110001;
	3324 :	00001100;
	3323 :	00000010;
	3322 :	11111010;
	3321 :	11100100;
	3320 :	11110100;
	3319 :	00000111;
	3318 :	11111101;
	3317 :	00000100;
	3316 :	00100100;
	3315 :	00010100;
	3314 :	00010101;
	3313 :	00010011;
	3312 :	00100000;
	3311 :	00010010;
	3310 :	00000011;
	3309 :	00010100;
	3308 :	11101000;
	3307 :	00010010;
	3306 :	00001100;
	3305 :	11111001;
	3304 :	11111100;
	3303 :	00010011;
	3302 :	11011000;
	3301 :	10101100;
	3300 :	10100001;
	3299 :	10101011;
	3298 :	11001100;
	3297 :	11110000;
	3296 :	00000010;
	3295 :	11010110;
	3294 :	10110101;
	3293 :	10000101;
	3292 :	11001000;
	3291 :	11100111;
	3290 :	11101101;
	3289 :	11110011;
	3288 :	11101100;
	3287 :	11110100;
	3286 :	11100000;
	3285 :	11111011;
	3284 :	11111101;
	3283 :	11111110;
	3282 :	11111100;
	3281 :	11111001;
	3280 :	11110001;
	3279 :	11101110;
	3278 :	11111110;
	3277 :	11101101;
	3276 :	11101011;
	3275 :	11101100;
	3274 :	11110000;
	3273 :	11110101;
	3272 :	11100100;
	3271 :	11110000;
	3270 :	11100111;
	3269 :	11111011;
	3268 :	00000010;
	3267 :	11101011;
	3266 :	00011010;
	3265 :	00000111;
	3264 :	11111110;
	3263 :	00000001;
	3262 :	11111100;
	3261 :	11101111;
	3260 :	00000111;
	3259 :	00101010;
	3258 :	00000110;
	3257 :	00011100;
	3256 :	00010000;
	3255 :	11110011;
	3254 :	11111101;
	3253 :	00000001;
	3252 :	00000010;
	3251 :	11111001;
	3250 :	00010110;
	3249 :	00001110;
	3248 :	11111110;
	3247 :	11111000;
	3246 :	00000110;
	3245 :	11011000;
	3244 :	11100101;
	3243 :	11101011;
	3242 :	11111100;
	3241 :	00000111;
	3240 :	00000100;
	3239 :	11111110;
	3238 :	00000010;
	3237 :	11101101;
	3236 :	00001001;
	3235 :	00001011;
	3234 :	11110011;
	3233 :	00001001;
	3232 :	11111000;
	3231 :	00000011;
	3230 :	11110101;
	3229 :	00000011;
	3228 :	00000000;
	3227 :	11111001;
	3226 :	11111111;
	3225 :	00000011;
	3224 :	11100101;
	3223 :	00000011;
	3222 :	11110110;
	3221 :	00000010;
	3220 :	11101010;
	3219 :	11110000;
	3218 :	00000011;
	3217 :	11111101;
	3216 :	11110111;
	3215 :	11110010;
	3214 :	00000011;
	3213 :	00001011;
	3212 :	11101011;
	3211 :	00010010;
	3210 :	00010011;
	3209 :	00001000;
	3208 :	00001001;
	3207 :	00010110;
	3206 :	00001011;
	3205 :	11110010;
	3204 :	11111100;
	3203 :	00011000;
	3202 :	00000000;
	3201 :	00010111;
	3200 :	00001100;
	3199 :	11111100;
	3198 :	00001110;
	3197 :	11110101;
	3196 :	11111101;
	3195 :	00001100;
	3194 :	00001000;
	3193 :	00001001;
	3192 :	00001011;
	3191 :	00001101;
	3190 :	00000100;
	3189 :	11101100;
	3188 :	11100001;
	3187 :	11001111;
	3186 :	00000000;
	3185 :	00000111;
	3184 :	11111000;
	3183 :	11001110;
	3182 :	11001110;
	3181 :	11010100;
	3180 :	11011111;
	3179 :	11110111;
	3178 :	11100001;
	3177 :	11110111;
	3176 :	11110111;
	3175 :	10111100;
	3174 :	11001111;
	3173 :	11101111;
	3172 :	11110111;
	3171 :	11110011;
	3170 :	00010000;
	3169 :	00001110;
	3168 :	00000010;
	3167 :	00100001;
	3166 :	11111100;
	3165 :	11110111;
	3164 :	00001100;
	3163 :	00010110;
	3162 :	00011000;
	3161 :	11111010;
	3160 :	00011010;
	3159 :	11110111;
	3158 :	11111110;
	3157 :	00000000;
	3156 :	11100001;
	3155 :	11101101;
	3154 :	11101111;
	3153 :	11000000;
	3152 :	00000111;
	3151 :	00001110;
	3150 :	11101110;
	3149 :	00010100;
	3148 :	11101100;
	3147 :	11011101;
	3146 :	11100010;
	3145 :	00001011;
	3144 :	00001001;
	3143 :	00000001;
	3142 :	00001100;
	3141 :	11110110;
	3140 :	11111011;
	3139 :	11110011;
	3138 :	11101111;
	3137 :	11110110;
	3136 :	11110100;
	3135 :	00010101;
	3134 :	00000010;
	3133 :	11110010;
	3132 :	00000010;
	3131 :	00001000;
	3130 :	00011011;
	3129 :	00000010;
	3128 :	11100000;
	3127 :	11011110;
	3126 :	11111101;
	3125 :	11110101;
	3124 :	11110101;
	3123 :	00010000;
	3122 :	00001011;
	3121 :	11011001;
	3120 :	11101100;
	3119 :	00000011;
	3118 :	00010110;
	3117 :	11101100;
	3116 :	11111010;
	3115 :	00000111;
	3114 :	11100110;
	3113 :	11111001;
	3112 :	00000101;
	3111 :	00000111;
	3110 :	11101011;
	3109 :	11010110;
	3108 :	11101110;
	3107 :	11100110;
	3106 :	11001100;
	3105 :	11100000;
	3104 :	11111011;
	3103 :	11110000;
	3102 :	11010111;
	3101 :	11111001;
	3100 :	11000100;
	3099 :	11111011;
	3098 :	11111111;
	3097 :	00010110;
	3096 :	11111110;
	3095 :	11110011;
	3094 :	11111111;
	3093 :	11111100;
	3092 :	11010010;
	3091 :	00000111;
	3090 :	00000010;
	3089 :	00001010;
	3088 :	00000011;
	3087 :	00010110;
	3086 :	11101110;
	3085 :	11111000;
	3084 :	00010011;
	3083 :	00011101;
	3082 :	00001011;
	3081 :	00010001;
	3080 :	00001100;
	3079 :	11111100;
	3078 :	00000100;
	3077 :	00010101;
	3076 :	00001011;
	3075 :	00000001;
	3074 :	00001111;
	3073 :	00000010;
	3072 :	11111010;
	3071 :	11101110;
	3070 :	11110101;
	3069 :	11110011;
	3068 :	11100011;
	3067 :	11111100;
	3066 :	11101100;
	3065 :	11101011;
	3064 :	11110010;
	3063 :	11111111;
	3062 :	11111110;
	3061 :	11111001;
	3060 :	11101000;
	3059 :	11010011;
	3058 :	11100100;
	3057 :	00001111;
	3056 :	00000011;
	3055 :	00000000;
	3054 :	00000010;
	3053 :	11110001;
	3052 :	11110011;
	3051 :	00001001;
	3050 :	11110001;
	3049 :	11110010;
	3048 :	00001010;
	3047 :	00010001;
	3046 :	00000101;
	3045 :	00000010;
	3044 :	11111011;
	3043 :	00000001;
	3042 :	00000101;
	3041 :	00001110;
	3040 :	11111001;
	3039 :	11111100;
	3038 :	00001101;
	3037 :	00000110;
	3036 :	11110011;
	3035 :	11100101;
	3034 :	11100111;
	3033 :	00010110;
	3032 :	00100010;
	3031 :	11111011;
	3030 :	11111101;
	3029 :	11110001;
	3028 :	00001101;
	3027 :	11110100;
	3026 :	00001000;
	3025 :	00001011;
	3024 :	00001101;
	3023 :	11111011;
	3022 :	11110101;
	3021 :	00010011;
	3020 :	00000110;
	3019 :	00000010;
	3018 :	00001000;
	3017 :	00011010;
	3016 :	11110000;
	3015 :	00001110;
	3014 :	00011100;
	3013 :	11101001;
	3012 :	11001011;
	3011 :	11101000;
	3010 :	00001101;
	3009 :	11101110;
	3008 :	11111110;
	3007 :	00010100;
	3006 :	11111100;
	3005 :	11001011;
	3004 :	11100001;
	3003 :	11111111;
	3002 :	00001110;
	3001 :	00000100;
	3000 :	00010011;
	2999 :	00001111;
	2998 :	00000010;
	2997 :	00010000;
	2996 :	00001100;
	2995 :	11111111;
	2994 :	00011001;
	2993 :	00011010;
	2992 :	00010110;
	2991 :	11111001;
	2990 :	00010111;
	2989 :	00001000;
	2988 :	11111001;
	2987 :	11110111;
	2986 :	11111111;
	2985 :	00000000;
	2984 :	00011011;
	2983 :	00000010;
	2982 :	11100110;
	2981 :	11011010;
	2980 :	11000110;
	2979 :	11110100;
	2978 :	00011010;
	2977 :	00110011;
	2976 :	00110010;
	2975 :	00100001;
	2974 :	10110001;
	2973 :	11001011;
	2972 :	00011000;
	2971 :	00110100;
	2970 :	00100111;
	2969 :	00010010;
	2968 :	11101000;
	2967 :	00000111;
	2966 :	00010110;
	2965 :	00101111;
	2964 :	00011101;
	2963 :	00011110;
	2962 :	00101110;
	2961 :	00001000;
	2960 :	10101110;
	2959 :	11100100;
	2958 :	00010101;
	2957 :	00010000;
	2956 :	00011000;
	2955 :	00101111;
	2954 :	00001101;
	2953 :	11010111;
	2952 :	11101010;
	2951 :	00010000;
	2950 :	00110001;
	2949 :	00111111;
	2948 :	00001110;
	2947 :	11101011;
	2946 :	00010010;
	2945 :	11111011;
	2944 :	00010101;
	2943 :	00010000;
	2942 :	11111111;
	2941 :	00000001;
	2940 :	11110110;
	2939 :	11111100;
	2938 :	00000110;
	2937 :	00010010;
	2936 :	00010000;
	2935 :	00010010;
	2934 :	11111101;
	2933 :	11111000;
	2932 :	11111011;
	2931 :	00001001;
	2930 :	00010101;
	2929 :	00000011;
	2928 :	00000010;
	2927 :	00001010;
	2926 :	11111010;
	2925 :	11110011;
	2924 :	11110101;
	2923 :	00001010;
	2922 :	11110100;
	2921 :	11010111;
	2920 :	11011011;
	2919 :	11100000;
	2918 :	11110110;
	2917 :	11111110;
	2916 :	00000100;
	2915 :	00010001;
	2914 :	11111010;
	2913 :	00000101;
	2912 :	00001111;
	2911 :	11111111;
	2910 :	00011000;
	2909 :	00100011;
	2908 :	00010001;
	2907 :	00000010;
	2906 :	00011011;
	2905 :	00011001;
	2904 :	11100110;
	2903 :	11110010;
	2902 :	00000000;
	2901 :	11111010;
	2900 :	11111001;
	2899 :	00001010;
	2898 :	11111010;
	2897 :	11111000;
	2896 :	11110001;
	2895 :	11110100;
	2894 :	00000101;
	2893 :	00010101;
	2892 :	11111001;
	2891 :	11110100;
	2890 :	00001101;
	2889 :	00011111;
	2888 :	00010001;
	2887 :	00010100;
	2886 :	11111011;
	2885 :	11110001;
	2884 :	11110000;
	2883 :	00010000;
	2882 :	00011000;
	2881 :	00011111;
	2880 :	00000000;
	2879 :	11110111;
	2878 :	11111101;
	2877 :	11110010;
	2876 :	00000101;
	2875 :	00000010;
	2874 :	11111111;
	2873 :	10111110;
	2872 :	10101000;
	2871 :	11000001;
	2870 :	11000111;
	2869 :	11100110;
	2868 :	00000110;
	2867 :	00011011;
	2866 :	11111010;
	2865 :	00000001;
	2864 :	00011100;
	2863 :	11110111;
	2862 :	00010100;
	2861 :	00100011;
	2860 :	00011110;
	2859 :	00000001;
	2858 :	00011010;
	2857 :	00101011;
	2856 :	11100000;
	2855 :	11110011;
	2854 :	11100000;
	2853 :	11110010;
	2852 :	11001101;
	2851 :	10111011;
	2850 :	00010011;
	2849 :	11110111;
	2848 :	00000011;
	2847 :	11111110;
	2846 :	00001000;
	2845 :	10100001;
	2844 :	11011100;
	2843 :	00011101;
	2842 :	00100110;
	2841 :	00001011;
	2840 :	00000001;
	2839 :	11101111;
	2838 :	11110011;
	2837 :	10101010;
	2836 :	11110001;
	2835 :	11101110;
	2834 :	00011000;
	2833 :	11111010;
	2832 :	11101001;
	2831 :	11001001;
	2830 :	11110110;
	2829 :	00000011;
	2828 :	00101100;
	2827 :	00000110;
	2826 :	00000010;
	2825 :	11011111;
	2824 :	11100101;
	2823 :	11010111;
	2822 :	00010010;
	2821 :	00010110;
	2820 :	11110100;
	2819 :	11111011;
	2818 :	11110101;
	2817 :	11101111;
	2816 :	11011111;
	2815 :	11101110;
	2814 :	00011010;
	2813 :	00000100;
	2812 :	11111101;
	2811 :	11110000;
	2810 :	11101101;
	2809 :	11101001;
	2808 :	11100111;
	2807 :	00010011;
	2806 :	11011100;
	2805 :	00000101;
	2804 :	11101100;
	2803 :	11111110;
	2802 :	11111101;
	2801 :	00010010;
	2800 :	11111101;
	2799 :	11100011;
	2798 :	11111001;
	2797 :	00001001;
	2796 :	00010000;
	2795 :	11111100;
	2794 :	00000011;
	2793 :	00010010;
	2792 :	00001000;
	2791 :	11110010;
	2790 :	00000011;
	2789 :	00001000;
	2788 :	00000110;
	2787 :	00000111;
	2786 :	11101100;
	2785 :	11101000;
	2784 :	11111101;
	2783 :	00011001;
	2782 :	00010011;
	2781 :	00001000;
	2780 :	00001000;
	2779 :	11111100;
	2778 :	11100000;
	2777 :	11111000;
	2776 :	00100000;
	2775 :	00010001;
	2774 :	11101101;
	2773 :	11100110;
	2772 :	11100111;
	2771 :	11111010;
	2770 :	11101111;
	2769 :	11110110;
	2768 :	00000111;
	2767 :	00001000;
	2766 :	11100010;
	2765 :	11101111;
	2764 :	11001100;
	2763 :	11110101;
	2762 :	00011010;
	2761 :	00110001;
	2760 :	00010011;
	2759 :	00001010;
	2758 :	11101010;
	2757 :	11011101;
	2756 :	11010111;
	2755 :	11110000;
	2754 :	00001110;
	2753 :	11111100;
	2752 :	11111000;
	2751 :	11111101;
	2750 :	11110010;
	2749 :	11110110;
	2748 :	00000101;
	2747 :	11110110;
	2746 :	11110001;
	2745 :	11110101;
	2744 :	11111111;
	2743 :	00000010;
	2742 :	11110110;
	2741 :	00000000;
	2740 :	00001111;
	2739 :	00001001;
	2738 :	11111001;
	2737 :	11111000;
	2736 :	11110101;
	2735 :	00001010;
	2734 :	00000001;
	2733 :	00000010;
	2732 :	11111011;
	2731 :	11111011;
	2730 :	11111111;
	2729 :	11110001;
	2728 :	11111100;
	2727 :	00001110;
	2726 :	11111000;
	2725 :	11101000;
	2724 :	11101000;
	2723 :	11111111;
	2722 :	00010111;
	2721 :	11101011;
	2720 :	11110010;
	2719 :	11111000;
	2718 :	11110111;
	2717 :	11101010;
	2716 :	11011010;
	2715 :	11011101;
	2714 :	00000010;
	2713 :	00001111;
	2712 :	00100011;
	2711 :	00000011;
	2710 :	11110001;
	2709 :	11101100;
	2708 :	11011001;
	2707 :	00000100;
	2706 :	11101001;
	2705 :	11110001;
	2704 :	11111011;
	2703 :	00000100;
	2702 :	11111011;
	2701 :	11101101;
	2700 :	11001110;
	2699 :	11110011;
	2698 :	11110010;
	2697 :	11111001;
	2696 :	00001101;
	2695 :	00000000;
	2694 :	11101010;
	2693 :	11110111;
	2692 :	00011011;
	2691 :	00000000;
	2690 :	00000100;
	2689 :	00001000;
	2688 :	00000000;
	2687 :	11111100;
	2686 :	00010000;
	2685 :	00010011;
	2684 :	11110000;
	2683 :	11101011;
	2682 :	00000000;
	2681 :	11111011;
	2680 :	11110010;
	2679 :	00000111;
	2678 :	11111011;
	2677 :	11011100;
	2676 :	11111110;
	2675 :	11110001;
	2674 :	11110010;
	2673 :	00000000;
	2672 :	11110001;
	2671 :	11011110;
	2670 :	00000011;
	2669 :	00100100;
	2668 :	11100100;
	2667 :	11011111;
	2666 :	11101001;
	2665 :	11100001;
	2664 :	11011001;
	2663 :	11011110;
	2662 :	11011000;
	2661 :	11101101;
	2660 :	11100011;
	2659 :	11101100;
	2658 :	11001101;
	2657 :	11100011;
	2656 :	11100111;
	2655 :	11100101;
	2654 :	11111010;
	2653 :	00000010;
	2652 :	11110001;
	2651 :	11010101;
	2650 :	11011010;
	2649 :	11110101;
	2648 :	11111000;
	2647 :	11111110;
	2646 :	00000100;
	2645 :	00001010;
	2644 :	11110011;
	2643 :	11010100;
	2642 :	11000110;
	2641 :	11101001;
	2640 :	00110010;
	2639 :	11110101;
	2638 :	00000000;
	2637 :	11001010;
	2636 :	11011111;
	2635 :	11100100;
	2634 :	11110011;
	2633 :	00001011;
	2632 :	00011100;
	2631 :	00000101;
	2630 :	11111000;
	2629 :	00001001;
	2628 :	00011010;
	2627 :	00000100;
	2626 :	00101101;
	2625 :	00011100;
	2624 :	11001011;
	2623 :	11110011;
	2622 :	11111100;
	2621 :	00011000;
	2620 :	11101100;
	2619 :	11110000;
	2618 :	00011100;
	2617 :	11110000;
	2616 :	11010111;
	2615 :	11101110;
	2614 :	11000010;
	2613 :	10110110;
	2612 :	11011100;
	2611 :	11110110;
	2610 :	11111010;
	2609 :	00001000;
	2608 :	00000100;
	2607 :	00010001;
	2606 :	00010011;
	2605 :	11101110;
	2604 :	11101110;
	2603 :	11110011;
	2602 :	11101000;
	2601 :	11111101;
	2600 :	00010000;
	2599 :	11111000;
	2598 :	11111101;
	2597 :	00000100;
	2596 :	11101100;
	2595 :	00001001;
	2594 :	00000100;
	2593 :	00000010;
	2592 :	11110101;
	2591 :	00010101;
	2590 :	11110110;
	2589 :	00001001;
	2588 :	00001010;
	2587 :	00001101;
	2586 :	11111001;
	2585 :	11111111;
	2584 :	00010011;
	2583 :	11111111;
	2582 :	00001000;
	2581 :	11111010;
	2580 :	00010111;
	2579 :	11101011;
	2578 :	11100111;
	2577 :	11101100;
	2576 :	11111111;
	2575 :	00000010;
	2574 :	11111000;
	2573 :	11101101;
	2572 :	00001101;
	2571 :	11111001;
	2570 :	11100101;
	2569 :	11101010;
	2568 :	11101010;
	2567 :	00010111;
	2566 :	00001010;
	2565 :	11110111;
	2564 :	11110011;
	2563 :	11011100;
	2562 :	11110100;
	2561 :	11111001;
	2560 :	11101010;
	2559 :	00000111;
	2558 :	11110111;
	2557 :	00000100;
	2556 :	00001001;
	2555 :	00000011;
	2554 :	11111011;
	2553 :	11011100;
	2552 :	11110101;
	2551 :	11111111;
	2550 :	00000000;
	2549 :	00000000;
	2548 :	00000011;
	2547 :	00001011;
	2546 :	00001101;
	2545 :	00000101;
	2544 :	00000100;
	2543 :	00001011;
	2542 :	00000111;
	2541 :	11110110;
	2540 :	11101001;
	2539 :	11101011;
	2538 :	00000100;
	2537 :	00000101;
	2536 :	00010000;
	2535 :	11111000;
	2534 :	11110100;
	2533 :	11011100;
	2532 :	11000011;
	2531 :	00000111;
	2530 :	00011011;
	2529 :	00011000;
	2528 :	11111111;
	2527 :	11011000;
	2526 :	11111110;
	2525 :	00011000;
	2524 :	00101011;
	2523 :	00001010;
	2522 :	00010111;
	2521 :	00000011;
	2520 :	11111001;
	2519 :	11110110;
	2518 :	11000101;
	2517 :	11011010;
	2516 :	00001100;
	2515 :	00101101;
	2514 :	00101000;
	2513 :	00011001;
	2512 :	11100000;
	2511 :	10100000;
	2510 :	11100000;
	2509 :	00010000;
	2508 :	00110000;
	2507 :	00010100;
	2506 :	11111110;
	2505 :	11101101;
	2504 :	11111011;
	2503 :	11110011;
	2502 :	11011100;
	2501 :	11101010;
	2500 :	11110110;
	2499 :	11110110;
	2498 :	11110111;
	2497 :	11101010;
	2496 :	11100111;
	2495 :	11101111;
	2494 :	00000010;
	2493 :	11111011;
	2492 :	11101110;
	2491 :	11110100;
	2490 :	00000000;
	2489 :	00001000;
	2488 :	00000000;
	2487 :	00010101;
	2486 :	00001011;
	2485 :	00001001;
	2484 :	11111011;
	2483 :	11110110;
	2482 :	00001000;
	2481 :	00000010;
	2480 :	11110101;
	2479 :	00000011;
	2478 :	00000010;
	2477 :	00001010;
	2476 :	11111110;
	2475 :	11110010;
	2474 :	11110111;
	2473 :	11011110;
	2472 :	11100100;
	2471 :	11110111;
	2470 :	11111000;
	2469 :	00001111;
	2468 :	00001110;
	2467 :	00011111;
	2466 :	11110111;
	2465 :	11111011;
	2464 :	11110100;
	2463 :	11110110;
	2462 :	11111110;
	2461 :	00001110;
	2460 :	11111001;
	2459 :	00000000;
	2458 :	11110010;
	2457 :	00000000;
	2456 :	00001110;
	2455 :	00001001;
	2454 :	00001100;
	2453 :	00000001;
	2452 :	00001011;
	2451 :	11111011;
	2450 :	00000010;
	2449 :	11110101;
	2448 :	00011001;
	2447 :	00011100;
	2446 :	00011010;
	2445 :	00010011;
	2444 :	00000101;
	2443 :	00001110;
	2442 :	00001011;
	2441 :	00000110;
	2440 :	00001101;
	2439 :	11111001;
	2438 :	00001111;
	2437 :	00000000;
	2436 :	00000100;
	2435 :	11111010;
	2434 :	11111101;
	2433 :	00000100;
	2432 :	11100111;
	2431 :	11011100;
	2430 :	11101000;
	2429 :	11111100;
	2428 :	00001100;
	2427 :	11111011;
	2426 :	11111000;
	2425 :	00000110;
	2424 :	11110001;
	2423 :	11100110;
	2422 :	11110010;
	2421 :	11110110;
	2420 :	11111100;
	2419 :	11111011;
	2418 :	00000110;
	2417 :	11100011;
	2416 :	11100111;
	2415 :	11111000;
	2414 :	11110100;
	2413 :	11111100;
	2412 :	11110000;
	2411 :	00000001;
	2410 :	11101010;
	2409 :	00001011;
	2408 :	00000011;
	2407 :	11110000;
	2406 :	00000010;
	2405 :	11111111;
	2404 :	00010011;
	2403 :	00000010;
	2402 :	11110111;
	2401 :	00011001;
	2400 :	11101111;
	2399 :	11100101;
	2398 :	11110000;
	2397 :	00101011;
	2396 :	01011011;
	2395 :	01000001;
	2394 :	00000000;
	2393 :	11111010;
	2392 :	11001100;
	2391 :	11101111;
	2390 :	00001110;
	2389 :	00010000;
	2388 :	00011010;
	2387 :	00010100;
	2386 :	11101000;
	2385 :	11010111;
	2384 :	00001111;
	2383 :	11111111;
	2382 :	00010110;
	2381 :	00011101;
	2380 :	00010011;
	2379 :	00000100;
	2378 :	00001110;
	2377 :	00011000;
	2376 :	00001001;
	2375 :	00000000;
	2374 :	00001011;
	2373 :	00001000;
	2372 :	11011011;
	2371 :	11100010;
	2370 :	11110000;
	2369 :	00011010;
	2368 :	00000010;
	2367 :	00000011;
	2366 :	00000010;
	2365 :	11110011;
	2364 :	00000100;
	2363 :	00000010;
	2362 :	00001101;
	2361 :	11111111;
	2360 :	11111011;
	2359 :	00001101;
	2358 :	11111101;
	2357 :	00100111;
	2356 :	00011000;
	2355 :	11110000;
	2354 :	00001010;
	2353 :	11111011;
	2352 :	00001010;
	2351 :	11110110;
	2350 :	00000000;
	2349 :	00010011;
	2348 :	00000101;
	2347 :	00000100;
	2346 :	00001100;
	2345 :	00001010;
	2344 :	11111100;
	2343 :	00011101;
	2342 :	00100110;
	2341 :	11111001;
	2340 :	11111110;
	2339 :	00001110;
	2338 :	00010101;
	2337 :	01000000;
	2336 :	11110011;
	2335 :	11110010;
	2334 :	11101011;
	2333 :	11110101;
	2332 :	00001101;
	2331 :	11111111;
	2330 :	00111010;
	2329 :	11001011;
	2328 :	11101100;
	2327 :	11100010;
	2326 :	11010110;
	2325 :	11101010;
	2324 :	00000100;
	2323 :	11101001;
	2322 :	00000000;
	2321 :	00011001;
	2320 :	00010111;
	2319 :	11101110;
	2318 :	11010011;
	2317 :	11011111;
	2316 :	11001100;
	2315 :	00100010;
	2314 :	00100001;
	2313 :	00000011;
	2312 :	00000111;
	2311 :	11101010;
	2310 :	11111100;
	2309 :	00001010;
	2308 :	11010110;
	2307 :	00000100;
	2306 :	00010011;
	2305 :	00001111;
	2304 :	11101111;
	2303 :	11101101;
	2302 :	00000001;
	2301 :	11111011;
	2300 :	11111100;
	2299 :	00000101;
	2298 :	11111101;
	2297 :	11100100;
	2296 :	11101001;
	2295 :	11111111;
	2294 :	00000100;
	2293 :	00000110;
	2292 :	11111000;
	2291 :	00001000;
	2290 :	00000101;
	2289 :	00000011;
	2288 :	00010000;
	2287 :	00010010;
	2286 :	11111101;
	2285 :	00010011;
	2284 :	00001010;
	2283 :	00001110;
	2282 :	00001010;
	2281 :	00010010;
	2280 :	00000001;
	2279 :	00000011;
	2278 :	00001000;
	2277 :	00000000;
	2276 :	11111111;
	2275 :	11111101;
	2274 :	11110100;
	2273 :	11110011;
	2272 :	11110011;
	2271 :	11110000;
	2270 :	11101101;
	2269 :	11111000;
	2268 :	11100100;
	2267 :	11110001;
	2266 :	11100000;
	2265 :	00000101;
	2264 :	00001010;
	2263 :	00000000;
	2262 :	00001001;
	2261 :	11110111;
	2260 :	00010001;
	2259 :	00000000;
	2258 :	00000111;
	2257 :	11111110;
	2256 :	00001100;
	2255 :	00011110;
	2254 :	11100111;
	2253 :	11100011;
	2252 :	00100101;
	2251 :	00011100;
	2250 :	11100101;
	2249 :	11011001;
	2248 :	11100000;
	2247 :	00000110;
	2246 :	00000000;
	2245 :	00100101;
	2244 :	00101001;
	2243 :	00010100;
	2242 :	00000101;
	2241 :	11101010;
	2240 :	11111100;
	2239 :	00001001;
	2238 :	11111101;
	2237 :	00011100;
	2236 :	00000100;
	2235 :	11110111;
	2234 :	11110111;
	2233 :	00000110;
	2232 :	11111001;
	2231 :	11110001;
	2230 :	11110101;
	2229 :	00001111;
	2228 :	11110101;
	2227 :	11110100;
	2226 :	00000010;
	2225 :	11111111;
	2224 :	11011110;
	2223 :	11111111;
	2222 :	11111011;
	2221 :	11101011;
	2220 :	11111100;
	2219 :	11110011;
	2218 :	00000111;
	2217 :	11110001;
	2216 :	00000100;
	2215 :	00010000;
	2214 :	00001110;
	2213 :	11110111;
	2212 :	11111011;
	2211 :	00000001;
	2210 :	00010011;
	2209 :	00001101;
	2208 :	00000000;
	2207 :	00010111;
	2206 :	00000111;
	2205 :	00000101;
	2204 :	11110000;
	2203 :	00000101;
	2202 :	00100001;
	2201 :	11111011;
	2200 :	11111111;
	2199 :	00000010;
	2198 :	00100000;
	2197 :	00001000;
	2196 :	01000001;
	2195 :	00100110;
	2194 :	00000111;
	2193 :	11110111;
	2192 :	11101101;
	2191 :	11111010;
	2190 :	01011110;
	2189 :	00110101;
	2188 :	00000001;
	2187 :	00001001;
	2186 :	11010100;
	2185 :	10101110;
	2184 :	11101101;
	2183 :	00100111;
	2182 :	11111011;
	2181 :	11101100;
	2180 :	11110100;
	2179 :	00110000;
	2178 :	00111110;
	2177 :	00000110;
	2176 :	11100001;
	2175 :	10101111;
	2174 :	11100011;
	2173 :	00011011;
	2172 :	00101101;
	2171 :	01000011;
	2170 :	00101001;
	2169 :	11001010;
	2168 :	10111001;
	2167 :	11110011;
	2166 :	00100010;
	2165 :	00010111;
	2164 :	00011011;
	2163 :	11111011;
	2162 :	00001101;
	2161 :	00000100;
	2160 :	00001011;
	2159 :	00010000;
	2158 :	11111101;
	2157 :	11101101;
	2156 :	00000100;
	2155 :	00000010;
	2154 :	11111011;
	2153 :	00000100;
	2152 :	11110100;
	2151 :	11110000;
	2150 :	11111010;
	2149 :	00000010;
	2148 :	11110111;
	2147 :	11111100;
	2146 :	00000010;
	2145 :	11111110;
	2144 :	00000010;
	2143 :	00001010;
	2142 :	00010100;
	2141 :	00000101;
	2140 :	11110011;
	2139 :	00010000;
	2138 :	00011001;
	2137 :	00100111;
	2136 :	00010011;
	2135 :	00001001;
	2134 :	11111010;
	2133 :	00010011;
	2132 :	11111111;
	2131 :	00000111;
	2130 :	11101111;
	2129 :	00000110;
	2128 :	00000100;
	2127 :	11101000;
	2126 :	11101100;
	2125 :	11101010;
	2124 :	00001001;
	2123 :	00010000;
	2122 :	00100101;
	2121 :	00100101;
	2120 :	00000011;
	2119 :	11011011;
	2118 :	11010101;
	2117 :	11110110;
	2116 :	00000000;
	2115 :	00100110;
	2114 :	00000000;
	2113 :	11111000;
	2112 :	11101010;
	2111 :	11011010;
	2110 :	11101101;
	2109 :	11111000;
	2108 :	00000110;
	2107 :	00001101;
	2106 :	11100001;
	2105 :	11100010;
	2104 :	11110011;
	2103 :	11100011;
	2102 :	11110011;
	2101 :	11110101;
	2100 :	00100100;
	2099 :	11010000;
	2098 :	11110100;
	2097 :	11110011;
	2096 :	11110001;
	2095 :	00000000;
	2094 :	00000000;
	2093 :	00000111;
	2092 :	11111100;
	2091 :	11111100;
	2090 :	00010011;
	2089 :	00101111;
	2088 :	00100100;
	2087 :	00011010;
	2086 :	00011010;
	2085 :	00000111;
	2084 :	00010101;
	2083 :	00010111;
	2082 :	00000010;
	2081 :	11110001;
	2080 :	00111100;
	2079 :	00100000;
	2078 :	11110100;
	2077 :	11110110;
	2076 :	11110101;
	2075 :	00001001;
	2074 :	00000001;
	2073 :	00101000;
	2072 :	00010010;
	2071 :	00001000;
	2070 :	11100000;
	2069 :	11010000;
	2068 :	11110001;
	2067 :	11111001;
	2066 :	00100110;
	2065 :	00000101;
	2064 :	11111111;
	2063 :	11110011;
	2062 :	11000001;
	2061 :	11100010;
	2060 :	11100001;
	2059 :	11110000;
	2058 :	11011010;
	2057 :	11101001;
	2056 :	11110100;
	2055 :	11011110;
	2054 :	10001100;
	2053 :	10101011;
	2052 :	11001101;
	2051 :	11110110;
	2050 :	11001111;
	2049 :	11101000;
	2048 :	00010111;
	2047 :	11111011;
	2046 :	00010111;
	2045 :	11101100;
	2044 :	11010010;
	2043 :	11010010;
	2042 :	00010000;
	2041 :	00010001;
	2040 :	00001111;
	2039 :	11101111;
	2038 :	00000000;
	2037 :	11111111;
	2036 :	00010111;
	2035 :	00011111;
	2034 :	11110011;
	2033 :	11100111;
	2032 :	11100000;
	2031 :	11111010;
	2030 :	00010000;
	2029 :	00001001;
	2028 :	00001011;
	2027 :	00000001;
	2026 :	11101011;
	2025 :	11110001;
	2024 :	11111010;
	2023 :	00000110;
	2022 :	11101100;
	2021 :	11101010;
	2020 :	11110101;
	2019 :	11110100;
	2018 :	11110001;
	2017 :	11101010;
	2016 :	11111000;
	2015 :	11101010;
	2014 :	11101000;
	2013 :	00000100;
	2012 :	00001110;
	2011 :	00000101;
	2010 :	11111001;
	2009 :	11111111;
	2008 :	11110011;
	2007 :	00001000;
	2006 :	11111110;
	2005 :	11110110;
	2004 :	11101101;
	2003 :	11111000;
	2002 :	00000010;
	2001 :	00001000;
	2000 :	00010000;
	1999 :	11110010;
	1998 :	11110011;
	1997 :	11111001;
	1996 :	00000100;
	1995 :	11111111;
	1994 :	01000000;
	1993 :	11110000;
	1992 :	11110111;
	1991 :	00000010;
	1990 :	11111101;
	1989 :	00010100;
	1988 :	00001111;
	1987 :	00101000;
	1986 :	00011010;
	1985 :	00010000;
	1984 :	00010001;
	1983 :	00011010;
	1982 :	00001100;
	1981 :	11110010;
	1980 :	00010111;
	1979 :	11110010;
	1978 :	11111110;
	1977 :	11111000;
	1976 :	11111011;
	1975 :	00001011;
	1974 :	11100100;
	1973 :	11110100;
	1972 :	11100101;
	1971 :	11100010;
	1970 :	11110001;
	1969 :	00000011;
	1968 :	11111100;
	1967 :	11111111;
	1966 :	00000011;
	1965 :	11111011;
	1964 :	11110000;
	1963 :	11110111;
	1962 :	00000011;
	1961 :	00001000;
	1960 :	11111010;
	1959 :	11111011;
	1958 :	00001100;
	1957 :	00000000;
	1956 :	11101001;
	1955 :	11110100;
	1954 :	11110111;
	1953 :	11110111;
	1952 :	00000001;
	1951 :	11111000;
	1950 :	11111111;
	1949 :	11111000;
	1948 :	11110011;
	1947 :	00000000;
	1946 :	00001101;
	1945 :	00001111;
	1944 :	11101101;
	1943 :	00000110;
	1942 :	00000011;
	1941 :	00011011;
	1940 :	00010010;
	1939 :	00001110;
	1938 :	00010011;
	1937 :	00010010;
	1936 :	11101110;
	1935 :	00000100;
	1934 :	11111011;
	1933 :	11110100;
	1932 :	11101010;
	1931 :	00010001;
	1930 :	00011111;
	1929 :	00001100;
	1928 :	00000100;
	1927 :	11100000;
	1926 :	11101010;
	1925 :	11100001;
	1924 :	11110000;
	1923 :	00000001;
	1922 :	11111111;
	1921 :	00000010;
	1920 :	11111101;
	1919 :	00000100;
	1918 :	00000100;
	1917 :	11110011;
	1916 :	11011001;
	1915 :	11101100;
	1914 :	11111010;
	1913 :	11111100;
	1912 :	00000101;
	1911 :	11110011;
	1910 :	11111110;
	1909 :	11110111;
	1908 :	11100101;
	1907 :	11000100;
	1906 :	11111010;
	1905 :	00000001;
	1904 :	11110100;
	1903 :	00010001;
	1902 :	11101000;
	1901 :	11101000;
	1900 :	11101110;
	1899 :	00010001;
	1898 :	00010001;
	1897 :	11110110;
	1896 :	11111010;
	1895 :	11101101;
	1894 :	11010111;
	1893 :	11100111;
	1892 :	00011010;
	1891 :	00001000;
	1890 :	00010001;
	1889 :	00001100;
	1888 :	00101010;
	1887 :	00001110;
	1886 :	11101010;
	1885 :	11010100;
	1884 :	11110111;
	1883 :	11110111;
	1882 :	00010110;
	1881 :	00100010;
	1880 :	00100001;
	1879 :	00000110;
	1878 :	11110011;
	1877 :	11110010;
	1876 :	11010001;
	1875 :	00000100;
	1874 :	11110100;
	1873 :	11010010;
	1872 :	11100001;
	1871 :	11111100;
	1870 :	11110000;
	1869 :	11111110;
	1868 :	00000000;
	1867 :	11100110;
	1866 :	11011000;
	1865 :	00000001;
	1864 :	00000000;
	1863 :	11111010;
	1862 :	00000000;
	1861 :	00000010;
	1860 :	11111111;
	1859 :	00100101;
	1858 :	11011011;
	1857 :	10111110;
	1856 :	11001110;
	1855 :	11111000;
	1854 :	00001100;
	1853 :	00101100;
	1852 :	00101111;
	1851 :	11101110;
	1850 :	00000101;
	1849 :	11101010;
	1848 :	11110001;
	1847 :	00000111;
	1846 :	11100000;
	1845 :	11010110;
	1844 :	11110110;
	1843 :	11011110;
	1842 :	11100000;
	1841 :	00010001;
	1840 :	00010001;
	1839 :	11100001;
	1838 :	11010010;
	1837 :	11011111;
	1836 :	10110011;
	1835 :	11010100;
	1834 :	00011011;
	1833 :	11101101;
	1832 :	11111101;
	1831 :	00011011;
	1830 :	00000010;
	1829 :	11111001;
	1828 :	11101010;
	1827 :	00000001;
	1826 :	11101001;
	1825 :	00000010;
	1824 :	00001011;
	1823 :	00001010;
	1822 :	00000110;
	1821 :	11100000;
	1820 :	00010101;
	1819 :	00001010;
	1818 :	11101101;
	1817 :	00001001;
	1816 :	00001001;
	1815 :	00010001;
	1814 :	11100111;
	1813 :	00001111;
	1812 :	00001111;
	1811 :	11110000;
	1810 :	11100010;
	1809 :	11101111;
	1808 :	11110110;
	1807 :	11111001;
	1806 :	11110011;
	1805 :	00000000;
	1804 :	11111100;
	1803 :	00001001;
	1802 :	11100011;
	1801 :	00000000;
	1800 :	00001111;
	1799 :	00000111;
	1798 :	00000101;
	1797 :	11111100;
	1796 :	11111111;
	1795 :	00001000;
	1794 :	00010111;
	1793 :	00010000;
	1792 :	11111101;
	1791 :	00010011;
	1790 :	11110101;
	1789 :	00010010;
	1788 :	00001000;
	1787 :	00000101;
	1786 :	11101010;
	1785 :	11110011;
	1784 :	00001111;
	1783 :	00000011;
	1782 :	00000110;
	1781 :	11110011;
	1780 :	11101000;
	1779 :	11011111;
	1778 :	11100101;
	1777 :	11111000;
	1776 :	11110011;
	1775 :	00001000;
	1774 :	00001010;
	1773 :	11111010;
	1772 :	00000100;
	1771 :	11110011;
	1770 :	00001000;
	1769 :	11111110;
	1768 :	11111001;
	1767 :	00010110;
	1766 :	11111101;
	1765 :	00000001;
	1764 :	11101011;
	1763 :	11101001;
	1762 :	11111000;
	1761 :	00011100;
	1760 :	00010001;
	1759 :	00000010;
	1758 :	00001000;
	1757 :	00001010;
	1756 :	00000010;
	1755 :	00110001;
	1754 :	00011111;
	1753 :	00001001;
	1752 :	00000010;
	1751 :	11111001;
	1750 :	00001011;
	1749 :	00111010;
	1748 :	00101010;
	1747 :	11110110;
	1746 :	11101111;
	1745 :	11011101;
	1744 :	11100011;
	1743 :	00010110;
	1742 :	00101111;
	1741 :	11111001;
	1740 :	11001110;
	1739 :	11111010;
	1738 :	00101000;
	1737 :	00010110;
	1736 :	11110100;
	1735 :	11101001;
	1734 :	11001111;
	1733 :	00010000;
	1732 :	00100100;
	1731 :	00100110;
	1730 :	00110100;
	1729 :	00001101;
	1728 :	11011101;
	1727 :	11010001;
	1726 :	11111010;
	1725 :	00010001;
	1724 :	00100000;
	1723 :	00100010;
	1722 :	11110010;
	1721 :	00000100;
	1720 :	00010010;
	1719 :	00011011;
	1718 :	00011000;
	1717 :	00000000;
	1716 :	00010001;
	1715 :	00000000;
	1714 :	00000111;
	1713 :	11111000;
	1712 :	00001110;
	1711 :	11110111;
	1710 :	00000110;
	1709 :	00001010;
	1708 :	00000000;
	1707 :	00000001;
	1706 :	00001000;
	1705 :	00000100;
	1704 :	11111000;
	1703 :	00000001;
	1702 :	11111100;
	1701 :	00001010;
	1700 :	00010010;
	1699 :	11111100;
	1698 :	11101100;
	1697 :	00001001;
	1696 :	00000010;
	1695 :	00000011;
	1694 :	00001100;
	1693 :	00000100;
	1692 :	11111110;
	1691 :	00000010;
	1690 :	00010111;
	1689 :	00011011;
	1688 :	11110111;
	1687 :	00000010;
	1686 :	11111001;
	1685 :	11110110;
	1684 :	11101001;
	1683 :	11111101;
	1682 :	11111110;
	1681 :	11110010;
	1680 :	11110111;
	1679 :	11111010;
	1678 :	11110010;
	1677 :	00000011;
	1676 :	00000000;
	1675 :	00001010;
	1674 :	11110011;
	1673 :	00000111;
	1672 :	00001011;
	1671 :	00001010;
	1670 :	11111000;
	1669 :	11110110;
	1668 :	11111110;
	1667 :	11111010;
	1666 :	00000111;
	1665 :	11110110;
	1664 :	11110111;
	1663 :	11101100;
	1662 :	11100001;
	1661 :	11110111;
	1660 :	11110110;
	1659 :	00000001;
	1658 :	11111101;
	1657 :	00000011;
	1656 :	00000010;
	1655 :	11110000;
	1654 :	00001111;
	1653 :	00001110;
	1652 :	00000011;
	1651 :	00001001;
	1650 :	00001011;
	1649 :	00001100;
	1648 :	00010111;
	1647 :	00011111;
	1646 :	00001100;
	1645 :	00010010;
	1644 :	00001000;
	1643 :	11111111;
	1642 :	00000011;
	1641 :	00000010;
	1640 :	00000101;
	1639 :	11111100;
	1638 :	11101110;
	1637 :	11101010;
	1636 :	11110101;
	1635 :	11111011;
	1634 :	11110110;
	1633 :	11110110;
	1632 :	11100100;
	1631 :	11110011;
	1630 :	11101101;
	1629 :	11101010;
	1628 :	11111100;
	1627 :	11110001;
	1626 :	11111110;
	1625 :	11100101;
	1624 :	11111100;
	1623 :	00000000;
	1622 :	11111010;
	1621 :	00000111;
	1620 :	00001100;
	1619 :	00011000;
	1618 :	00001001;
	1617 :	00000101;
	1616 :	00001000;
	1615 :	00110011;
	1614 :	01001011;
	1613 :	00000010;
	1612 :	11110101;
	1611 :	00000110;
	1610 :	00001001;
	1609 :	00100100;
	1608 :	01010110;
	1607 :	00110011;
	1606 :	00000101;
	1605 :	11001111;
	1604 :	11100000;
	1603 :	00001010;
	1602 :	00011110;
	1601 :	00010110;
	1600 :	00010110;
	1599 :	00000110;
	1598 :	11110001;
	1597 :	00000001;
	1596 :	00001001;
	1595 :	00010101;
	1594 :	11101001;
	1593 :	11110001;
	1592 :	00110000;
	1591 :	00111111;
	1590 :	00011111;
	1589 :	00000010;
	1588 :	11001101;
	1587 :	11001101;
	1586 :	11111000;
	1585 :	11111101;
	1584 :	00000011;
	1583 :	11100100;
	1582 :	11110100;
	1581 :	11100111;
	1580 :	11111010;
	1579 :	11110101;
	1578 :	00001001;
	1577 :	11110101;
	1576 :	00000000;
	1575 :	00000101;
	1574 :	00000101;
	1573 :	11111011;
	1572 :	00001011;
	1571 :	00001001;
	1570 :	00001001;
	1569 :	11111000;
	1568 :	11100010;
	1567 :	11111100;
	1566 :	00001001;
	1565 :	00001101;
	1564 :	00000110;
	1563 :	00000001;
	1562 :	00000111;
	1561 :	00000000;
	1560 :	00011111;
	1559 :	00100000;
	1558 :	00001100;
	1557 :	00011010;
	1556 :	00000000;
	1555 :	11101110;
	1554 :	00001011;
	1553 :	00011110;
	1552 :	00000110;
	1551 :	11110111;
	1550 :	00001001;
	1549 :	11111101;
	1548 :	11100100;
	1547 :	11100000;
	1546 :	00100101;
	1545 :	11110100;
	1544 :	11101111;
	1543 :	11111100;
	1542 :	00010100;
	1541 :	11100010;
	1540 :	11011111;
	1539 :	11111101;
	1538 :	11010011;
	1537 :	11100001;
	1536 :	00010001;
	1535 :	00010011;
	1534 :	11110100;
	1533 :	00001001;
	1532 :	11011101;
	1531 :	11010001;
	1530 :	11100001;
	1529 :	00001010;
	1528 :	00000101;
	1527 :	00000101;
	1526 :	00000011;
	1525 :	00011110;
	1524 :	00001010;
	1523 :	00001000;
	1522 :	00000110;
	1521 :	00101000;
	1520 :	11111111;
	1519 :	00001001;
	1518 :	00000110;
	1517 :	00000010;
	1516 :	00010000;
	1515 :	11110010;
	1514 :	00001000;
	1513 :	00000011;
	1512 :	00000111;
	1511 :	00000100;
	1510 :	00000000;
	1509 :	11101111;
	1508 :	11111011;
	1507 :	00010011;
	1506 :	00001101;
	1505 :	00000011;
	1504 :	11111010;
	1503 :	00000110;
	1502 :	11111010;
	1501 :	00000000;
	1500 :	11110101;
	1499 :	11110101;
	1498 :	11011110;
	1497 :	11101010;
	1496 :	11110010;
	1495 :	11111000;
	1494 :	11110010;
	1493 :	00001111;
	1492 :	11100111;
	1491 :	11110000;
	1490 :	11101111;
	1489 :	00000111;
	1488 :	00010001;
	1487 :	11110111;
	1486 :	00000010;
	1485 :	11110101;
	1484 :	11110010;
	1483 :	00001001;
	1482 :	11110111;
	1481 :	00000101;
	1480 :	11100000;
	1479 :	11110101;
	1478 :	11111010;
	1477 :	11111110;
	1476 :	11111001;
	1475 :	11110011;
	1474 :	11110111;
	1473 :	00001110;
	1472 :	00010100;
	1471 :	00001110;
	1470 :	00011110;
	1469 :	11110000;
	1468 :	00000100;
	1467 :	00001000;
	1466 :	00001010;
	1465 :	00010011;
	1464 :	00000111;
	1463 :	00010000;
	1462 :	11110100;
	1461 :	00011001;
	1460 :	00010110;
	1459 :	11110000;
	1458 :	11110001;
	1457 :	00010100;
	1456 :	00001010;
	1455 :	00010010;
	1454 :	00000111;
	1453 :	00010010;
	1452 :	11110101;
	1451 :	11111001;
	1450 :	11111000;
	1449 :	00010011;
	1448 :	00001111;
	1447 :	00000101;
	1446 :	11110001;
	1445 :	00000000;
	1444 :	11010010;
	1443 :	11101010;
	1442 :	11101101;
	1441 :	00001001;
	1440 :	00000000;
	1439 :	11111010;
	1438 :	00010111;
	1437 :	11110101;
	1436 :	00001000;
	1435 :	00010100;
	1434 :	11110011;
	1433 :	11101110;
	1432 :	11111101;
	1431 :	00001100;
	1430 :	11111000;
	1429 :	11111111;
	1428 :	11111000;
	1427 :	00000011;
	1426 :	11111001;
	1425 :	11110011;
	1424 :	11111111;
	1423 :	11110100;
	1422 :	11111011;
	1421 :	00010010;
	1420 :	00010000;
	1419 :	00000111;
	1418 :	00010000;
	1417 :	11111111;
	1416 :	11110010;
	1415 :	11111110;
	1414 :	00011010;
	1413 :	00011000;
	1412 :	00001010;
	1411 :	00000000;
	1410 :	11110010;
	1409 :	00001001;
	1408 :	00011011;
	1407 :	11110001;
	1406 :	00000100;
	1405 :	00010101;
	1404 :	00000010;
	1403 :	11011100;
	1402 :	00010010;
	1401 :	01000111;
	1400 :	00011011;
	1399 :	00001001;
	1398 :	11101010;
	1397 :	10101001;
	1396 :	10001111;
	1395 :	11110100;
	1394 :	00000001;
	1393 :	11101010;
	1392 :	11111110;
	1391 :	11001111;
	1390 :	10111000;
	1389 :	11001000;
	1388 :	00001000;
	1387 :	11111111;
	1386 :	11110100;
	1385 :	11100111;
	1384 :	11100011;
	1383 :	11000010;
	1382 :	10111100;
	1381 :	11101100;
	1380 :	11111001;
	1379 :	00000101;
	1378 :	11111000;
	1377 :	11111010;
	1376 :	11101000;
	1375 :	11011010;
	1374 :	11110010;
	1373 :	00010010;
	1372 :	00011010;
	1371 :	11111111;
	1370 :	11100101;
	1369 :	00000100;
	1368 :	11101010;
	1367 :	11111000;
	1366 :	00000011;
	1365 :	00001101;
	1364 :	00000000;
	1363 :	00001101;
	1362 :	11101100;
	1361 :	11111000;
	1360 :	00001001;
	1359 :	00011111;
	1358 :	00001001;
	1357 :	11111001;
	1356 :	11100111;
	1355 :	11110000;
	1354 :	00000111;
	1353 :	00011011;
	1352 :	00010111;
	1351 :	00011011;
	1350 :	11101110;
	1349 :	11110011;
	1348 :	00000011;
	1347 :	00011011;
	1346 :	00000011;
	1345 :	00010110;
	1344 :	00100101;
	1343 :	11111110;
	1342 :	00000101;
	1341 :	00010001;
	1340 :	00000110;
	1339 :	11111010;
	1338 :	00000100;
	1337 :	11111001;
	1336 :	00000000;
	1335 :	00011110;
	1334 :	00011000;
	1333 :	00100110;
	1332 :	11110000;
	1331 :	11101011;
	1330 :	00010101;
	1329 :	11111101;
	1328 :	11111100;
	1327 :	00010001;
	1326 :	00010010;
	1325 :	00010010;
	1324 :	00010110;
	1323 :	00001110;
	1322 :	11100100;
	1321 :	11100110;
	1320 :	00000011;
	1319 :	11101111;
	1318 :	11111101;
	1317 :	00001101;
	1316 :	00000101;
	1315 :	11100100;
	1314 :	11111110;
	1313 :	11001100;
	1312 :	11111100;
	1311 :	00101010;
	1310 :	00110010;
	1309 :	11101101;
	1308 :	11101100;
	1307 :	11101111;
	1306 :	11111100;
	1305 :	11110011;
	1304 :	01000000;
	1303 :	00011010;
	1302 :	00100000;
	1301 :	11101110;
	1300 :	11111101;
	1299 :	00010010;
	1298 :	00011000;
	1297 :	00101110;
	1296 :	00100101;
	1295 :	11010010;
	1294 :	00010101;
	1293 :	00010001;
	1292 :	00010010;
	1291 :	00010101;
	1290 :	11101011;
	1289 :	11101011;
	1288 :	11101100;
	1287 :	00000100;
	1286 :	00001100;
	1285 :	00011111;
	1284 :	00110011;
	1283 :	10110110;
	1282 :	11000010;
	1281 :	11111110;
	1280 :	11100001;
	1279 :	11101110;
	1278 :	01000001;
	1277 :	00110000;
	1276 :	00011000;
	1275 :	11101001;
	1274 :	11010111;
	1273 :	11100101;
	1272 :	00111001;
	1271 :	11110010;
	1270 :	00001011;
	1269 :	01001000;
	1268 :	00100001;
	1267 :	00000001;
	1266 :	11110011;
	1265 :	00000110;
	1264 :	11100111;
	1263 :	00001000;
	1262 :	11100011;
	1261 :	11011011;
	1260 :	11101110;
	1259 :	11101000;
	1258 :	00001001;
	1257 :	11111111;
	1256 :	00001010;
	1255 :	11110000;
	1254 :	00001011;
	1253 :	00011001;
	1252 :	11011110;
	1251 :	11111001;
	1250 :	00000010;
	1249 :	11110010;
	1248 :	11001010;
	1247 :	11101001;
	1246 :	11001011;
	1245 :	00011110;
	1244 :	11011100;
	1243 :	11101111;
	1242 :	11100011;
	1241 :	11100101;
	1240 :	00000100;
	1239 :	11100110;
	1238 :	00000110;
	1237 :	00000001;
	1236 :	00000101;
	1235 :	00001111;
	1234 :	11111100;
	1233 :	00001011;
	1232 :	11100101;
	1231 :	11110101;
	1230 :	00100000;
	1229 :	11111100;
	1228 :	11111101;
	1227 :	00000100;
	1226 :	11101011;
	1225 :	00100100;
	1224 :	00000111;
	1223 :	00000100;
	1222 :	00100110;
	1221 :	00000101;
	1220 :	00001001;
	1219 :	00010010;
	1218 :	00000111;
	1217 :	00000100;
	1216 :	00010000;
	1215 :	11010000;
	1214 :	11011010;
	1213 :	00000101;
	1212 :	11111111;
	1211 :	00010110;
	1210 :	00001001;
	1209 :	00001101;
	1208 :	11010101;
	1207 :	11100101;
	1206 :	00100000;
	1205 :	00001111;
	1204 :	11101100;
	1203 :	00010110;
	1202 :	11101110;
	1201 :	11000111;
	1200 :	11110110;
	1199 :	00001101;
	1198 :	11100111;
	1197 :	00000010;
	1196 :	00010101;
	1195 :	11110100;
	1194 :	11011001;
	1193 :	00001100;
	1192 :	11101101;
	1191 :	00001010;
	1190 :	00001111;
	1189 :	00000100;
	1188 :	00011000;
	1187 :	00000101;
	1186 :	11111101;
	1185 :	11101011;
	1184 :	11111010;
	1183 :	00000000;
	1182 :	00010001;
	1181 :	00001001;
	1180 :	00001111;
	1179 :	00001101;
	1178 :	00010101;
	1177 :	00000111;
	1176 :	00011000;
	1175 :	11111011;
	1174 :	00001000;
	1173 :	00000001;
	1172 :	00001000;
	1171 :	00100010;
	1170 :	00000100;
	1169 :	00010011;
	1168 :	00001010;
	1167 :	11111111;
	1166 :	11110110;
	1165 :	11011000;
	1164 :	00000110;
	1163 :	11111000;
	1162 :	11110111;
	1161 :	11111000;
	1160 :	11001111;
	1159 :	11011011;
	1158 :	11101000;
	1157 :	00001111;
	1156 :	11110101;
	1155 :	11100001;
	1154 :	00000101;
	1153 :	11111110;
	1152 :	11011100;
	1151 :	00000110;
	1150 :	00000011;
	1149 :	11110001;
	1148 :	11111111;
	1147 :	00001011;
	1146 :	11011111;
	1145 :	11100011;
	1144 :	00010110;
	1143 :	11111010;
	1142 :	11110100;
	1141 :	00001000;
	1140 :	11111010;
	1139 :	00000011;
	1138 :	11111110;
	1137 :	11111111;
	1136 :	11110110;
	1135 :	11110011;
	1134 :	00010000;
	1133 :	00000010;
	1132 :	00011011;
	1131 :	00010000;
	1130 :	00010001;
	1129 :	00011101;
	1128 :	11110100;
	1127 :	00001100;
	1126 :	00011111;
	1125 :	00001000;
	1124 :	00110111;
	1123 :	11110101;
	1122 :	00011011;
	1121 :	00010001;
	1120 :	11111000;
	1119 :	00100011;
	1118 :	00000010;
	1117 :	00101101;
	1116 :	00110000;
	1115 :	00010100;
	1114 :	00000000;
	1113 :	00000100;
	1112 :	00100101;
	1111 :	11011011;
	1110 :	11101110;
	1109 :	01001101;
	1108 :	00001010;
	1107 :	11110101;
	1106 :	11110001;
	1105 :	00010001;
	1104 :	11110101;
	1103 :	00100011;
	1102 :	00101001;
	1101 :	00000010;
	1100 :	11100110;
	1099 :	00000100;
	1098 :	00101000;
	1097 :	00111000;
	1096 :	01011011;
	1095 :	00011110;
	1094 :	11110001;
	1093 :	11110000;
	1092 :	00000010;
	1091 :	00011111;
	1090 :	00101111;
	1089 :	01010001;
	1088 :	00011010;
	1087 :	11111110;
	1086 :	11111101;
	1085 :	00001000;
	1084 :	00100110;
	1083 :	00010111;
	1082 :	00100001;
	1081 :	00001001;
	1080 :	00110101;
	1079 :	11111110;
	1078 :	00100101;
	1077 :	00000111;
	1076 :	00100001;
	1075 :	11101011;
	1074 :	00011001;
	1073 :	00101000;
	1072 :	00010001;
	1071 :	00010110;
	1070 :	00100011;
	1069 :	00110010;
	1068 :	00001000;
	1067 :	00101000;
	1066 :	00101111;
	1065 :	00000010;
	1064 :	00001010;
	1063 :	00010101;
	1062 :	00001100;
	1061 :	11110101;
	1060 :	00101110;
	1059 :	11111111;
	1058 :	11101100;
	1057 :	00010000;
	1056 :	00011000;
	1055 :	11110000;
	1054 :	11011111;
	1053 :	00001010;
	1052 :	11001100;
	1051 :	11101101;
	1050 :	11110010;
	1049 :	11111010;
	1048 :	11100111;
	1047 :	11100100;
	1046 :	00011011;
	1045 :	00000000;
	1044 :	00010110;
	1043 :	00000000;
	1042 :	11110010;
	1041 :	11101101;
	1040 :	11100101;
	1039 :	00001111;
	1038 :	00010111;
	1037 :	00011010;
	1036 :	11111100;
	1035 :	00010100;
	1034 :	11111010;
	1033 :	11111001;
	1032 :	11111110;
	1031 :	00000000;
	1030 :	00001001;
	1029 :	00010101;
	1028 :	00001101;
	1027 :	00001111;
	1026 :	00011011;
	1025 :	00011010;
	1024 :	00101011;
	1023 :	00010101;
	1022 :	00000010;
	1021 :	00010101;
	1020 :	11110110;
	1019 :	11101001;
	1018 :	11110101;
	1017 :	00010010;
	1016 :	00000011;
	1015 :	00001001;
	1014 :	00000001;
	1013 :	00001001;
	1012 :	11000110;
	1011 :	00000110;
	1010 :	11111010;
	1009 :	11101000;
	1008 :	11110111;
	1007 :	00001010;
	1006 :	11101010;
	1005 :	11011010;
	1004 :	00001110;
	1003 :	11110000;
	1002 :	11100111;
	1001 :	11111110;
	1000 :	00011001;
	999 :	11011111;
	998 :	11011111;
	997 :	00000010;
	996 :	11110100;
	995 :	11110011;
	994 :	00010000;
	993 :	00010111;
	992 :	00001100;
	991 :	11101011;
	990 :	11011000;
	989 :	11110010;
	988 :	11111000;
	987 :	00011000;
	986 :	00001000;
	985 :	00011011;
	984 :	00010010;
	983 :	00011011;
	982 :	00010010;
	981 :	00010001;
	980 :	00100100;
	979 :	11110000;
	978 :	00000111;
	977 :	00001101;
	976 :	00000100;
	975 :	11111011;
	974 :	00001101;
	973 :	00001011;
	972 :	00011010;
	971 :	00011110;
	970 :	00000001;
	969 :	11111100;
	968 :	11111011;
	967 :	00000101;
	966 :	00010010;
	965 :	00011110;
	964 :	11100011;
	963 :	11110111;
	962 :	11110100;
	961 :	00000000;
	960 :	11111101;
	959 :	00011101;
	958 :	00100000;
	957 :	00011111;
	956 :	11100101;
	955 :	11100100;
	954 :	11111000;
	953 :	11111110;
	952 :	00011010;
	951 :	00000001;
	950 :	11101101;
	949 :	11000010;
	948 :	11101001;
	947 :	00010101;
	946 :	00000101;
	945 :	00001000;
	944 :	11111110;
	943 :	11101011;
	942 :	11011001;
	941 :	11001111;
	940 :	11110000;
	939 :	00110011;
	938 :	00101100;
	937 :	00101010;
	936 :	00101010;
	935 :	00100111;
	934 :	00010101;
	933 :	00010101;
	932 :	00011011;
	931 :	00010111;
	930 :	00010001;
	929 :	00010010;
	928 :	00011000;
	927 :	00100100;
	926 :	00001000;
	925 :	00010101;
	924 :	00011111;
	923 :	00001000;
	922 :	11111011;
	921 :	11110110;
	920 :	00000010;
	919 :	11111110;
	918 :	00010001;
	917 :	00000101;
	916 :	00000101;
	915 :	00001011;
	914 :	00001001;
	913 :	00101000;
	912 :	00010110;
	911 :	00010010;
	910 :	00000111;
	909 :	00000010;
	908 :	11101000;
	907 :	00001111;
	906 :	11110010;
	905 :	00000010;
	904 :	00000101;
	903 :	00010110;
	902 :	00000000;
	901 :	11111010;
	900 :	00000111;
	899 :	00010010;
	898 :	00010001;
	897 :	00010110;
	896 :	00010101;
	895 :	11111111;
	894 :	11111101;
	893 :	00000001;
	892 :	11101010;
	891 :	11101110;
	890 :	00000010;
	889 :	00010110;
	888 :	11111011;
	887 :	00000100;
	886 :	00001011;
	885 :	00010001;
	884 :	00001001;
	883 :	00000100;
	882 :	00011001;
	881 :	00010111;
	880 :	11110111;
	879 :	11111000;
	878 :	00010010;
	877 :	00010001;
	876 :	11111011;
	875 :	00010000;
	874 :	11110000;
	873 :	11111100;
	872 :	11100111;
	871 :	11111001;
	870 :	11110100;
	869 :	11111010;
	868 :	11111101;
	867 :	11111001;
	866 :	00000010;
	865 :	11101000;
	864 :	00010011;
	863 :	00000011;
	862 :	11110010;
	861 :	11101111;
	860 :	11110000;
	859 :	11110101;
	858 :	11101101;
	857 :	00010010;
	856 :	11111101;
	855 :	11110010;
	854 :	00001001;
	853 :	00000000;
	852 :	11111111;
	851 :	11111010;
	850 :	00010011;
	849 :	11100011;
	848 :	11101100;
	847 :	11111100;
	846 :	11110100;
	845 :	11101111;
	844 :	00001001;
	843 :	00010100;
	842 :	11111110;
	841 :	11110101;
	840 :	11110110;
	839 :	11101111;
	838 :	00000111;
	837 :	00000101;
	836 :	00000110;
	835 :	00001001;
	834 :	11101100;
	833 :	00100001;
	832 :	00001110;
	831 :	00010001;
	830 :	11110010;
	829 :	00011110;
	828 :	11111011;
	827 :	00000100;
	826 :	00010101;
	825 :	11110010;
	824 :	00100001;
	823 :	00001010;
	822 :	11111000;
	821 :	00011001;
	820 :	00011100;
	819 :	00001010;
	818 :	00001101;
	817 :	00100000;
	816 :	11100100;
	815 :	11001011;
	814 :	00010010;
	813 :	00000111;
	812 :	11111101;
	811 :	11111110;
	810 :	11000101;
	809 :	11010100;
	808 :	11100110;
	807 :	11101101;
	806 :	11110001;
	805 :	10111011;
	804 :	00000010;
	803 :	11110011;
	802 :	00000000;
	801 :	00010111;
	800 :	11111101;
	799 :	00010100;
	798 :	11110111;
	797 :	11101011;
	796 :	11110100;
	795 :	11011100;
	794 :	11110101;
	793 :	11111110;
	792 :	11111100;
	791 :	00000001;
	790 :	11011100;
	789 :	11101011;
	788 :	11100110;
	787 :	00000000;
	786 :	11111100;
	785 :	00000000;
	784 :	00011100;
	783 :	11100000;
	782 :	11011001;
	781 :	11101110;
	780 :	11111001;
	779 :	11111110;
	778 :	00010100;
	777 :	11101100;
	776 :	00000010;
	775 :	11010011;
	774 :	11101111;
	773 :	00000001;
	772 :	00101000;
	771 :	00000000;
	770 :	00010000;
	769 :	00001001;
	768 :	11111110;
	767 :	11101110;
	766 :	11100111;
	765 :	00010010;
	764 :	00010001;
	763 :	00001111;
	762 :	11100000;
	761 :	00100011;
	760 :	00100000;
	759 :	00000010;
	758 :	00000000;
	757 :	00001100;
	756 :	00000101;
	755 :	11110110;
	754 :	00101100;
	753 :	00101100;
	752 :	11111011;
	751 :	00000001;
	750 :	00000111;
	749 :	00001011;
	748 :	11101101;
	747 :	00011011;
	746 :	00000011;
	745 :	00001110;
	744 :	11101100;
	743 :	11111000;
	742 :	11111111;
	741 :	00001110;
	740 :	00000001;
	739 :	00001010;
	738 :	00000101;
	737 :	11111011;
	736 :	11111011;
	735 :	11011001;
	734 :	11111001;
	733 :	11110011;
	732 :	11101011;
	731 :	11110110;
	730 :	11101101;
	729 :	11110111;
	728 :	11111100;
	727 :	00000111;
	726 :	00001010;
	725 :	11111001;
	724 :	00000111;
	723 :	11111101;
	722 :	11101111;
	721 :	00010000;
	720 :	00000110;
	719 :	00001011;
	718 :	00010001;
	717 :	00000000;
	716 :	00001000;
	715 :	00010000;
	714 :	00000011;
	713 :	00001100;
	712 :	11111010;
	711 :	11110001;
	710 :	11100100;
	709 :	00001101;
	708 :	00001111;
	707 :	00010010;
	706 :	00000000;
	705 :	00000000;
	704 :	11111100;
	703 :	00001100;
	702 :	00001010;
	701 :	00001000;
	700 :	00000110;
	699 :	00001101;
	698 :	00010010;
	697 :	00010010;
	696 :	11111111;
	695 :	11110011;
	694 :	00000000;
	693 :	00000110;
	692 :	11111101;
	691 :	11111010;
	690 :	00000000;
	689 :	11111011;
	688 :	11111011;
	687 :	11010011;
	686 :	11110001;
	685 :	11101110;
	684 :	00000010;
	683 :	11101010;
	682 :	11110001;
	681 :	11110101;
	680 :	11101101;
	679 :	11111001;
	678 :	11111111;
	677 :	11110000;
	676 :	00000100;
	675 :	00001110;
	674 :	11111110;
	673 :	11111100;
	672 :	11111010;
	671 :	00001011;
	670 :	11111000;
	669 :	11110110;
	668 :	11110111;
	667 :	00011101;
	666 :	00000011;
	665 :	11110010;
	664 :	00010110;
	663 :	00011000;
	662 :	11011111;
	661 :	11011110;
	660 :	11110101;
	659 :	00000010;
	658 :	11110001;
	657 :	00010001;
	656 :	00010100;
	655 :	00001110;
	654 :	11111000;
	653 :	00001011;
	652 :	00010101;
	651 :	11111000;
	650 :	00010110;
	649 :	00001100;
	648 :	00011101;
	647 :	00001001;
	646 :	00000111;
	645 :	00000000;
	644 :	11110000;
	643 :	11101101;
	642 :	00001110;
	641 :	00000101;
	640 :	11111110;
	639 :	00000001;
	638 :	11101000;
	637 :	11101110;
	636 :	00001001;
	635 :	00000011;
	634 :	00001010;
	633 :	00001001;
	632 :	00000010;
	631 :	00001011;
	630 :	00010010;
	629 :	00000110;
	628 :	00001000;
	627 :	00010011;
	626 :	00010001;
	625 :	11111001;
	624 :	11110011;
	623 :	00011110;
	622 :	11010010;
	621 :	11111000;
	620 :	11011100;
	619 :	11100101;
	618 :	10111100;
	617 :	10101100;
	616 :	00000111;
	615 :	10011000;
	614 :	11100001;
	613 :	11100100;
	612 :	11100011;
	611 :	10111011;
	610 :	10100110;
	609 :	00000111;
	608 :	11011100;
	607 :	11011010;
	606 :	10111100;
	605 :	11000110;
	604 :	11100111;
	603 :	00000110;
	602 :	11111011;
	601 :	00000011;
	600 :	11100111;
	599 :	11110110;
	598 :	11111000;
	597 :	11110010;
	596 :	11111101;
	595 :	11111100;
	594 :	00011001;
	593 :	00000010;
	592 :	00000001;
	591 :	00000100;
	590 :	11111110;
	589 :	00000111;
	588 :	00001011;
	587 :	11111000;
	586 :	11101111;
	585 :	00000011;
	584 :	00000100;
	583 :	00000110;
	582 :	11110111;
	581 :	00000001;
	580 :	11110100;
	579 :	00001111;
	578 :	00011010;
	577 :	00011000;
	576 :	00001010;
	575 :	11110010;
	574 :	00001110;
	573 :	00011000;
	572 :	00011110;
	571 :	11111100;
	570 :	11111100;
	569 :	00000101;
	568 :	00000100;
	567 :	11111010;
	566 :	00000111;
	565 :	00010101;
	564 :	11100111;
	563 :	11101011;
	562 :	00001010;
	561 :	00000101;
	560 :	11101000;
	559 :	00001010;
	558 :	11100100;
	557 :	11011010;
	556 :	11111101;
	555 :	11111000;
	554 :	11011101;
	553 :	11101101;
	552 :	11111100;
	551 :	11110000;
	550 :	11101001;
	549 :	00000010;
	548 :	11110001;
	547 :	11110100;
	546 :	00000111;
	545 :	11110101;
	544 :	11100000;
	543 :	11110001;
	542 :	11011011;
	541 :	11100001;
	540 :	00000111;
	539 :	11110101;
	538 :	11100010;
	537 :	11101001;
	536 :	11111011;
	535 :	11011001;
	534 :	11010010;
	533 :	11111010;
	532 :	00000101;
	531 :	00001110;
	530 :	00000010;
	529 :	00000001;
	528 :	11111010;
	527 :	11111101;
	526 :	11101110;
	525 :	11111111;
	524 :	00100011;
	523 :	00000011;
	522 :	00000011;
	521 :	00000100;
	520 :	00001010;
	519 :	11110011;
	518 :	11100001;
	517 :	00011000;
	516 :	11111110;
	515 :	11011111;
	514 :	00011100;
	513 :	00011111;
	512 :	11100000;
	511 :	11101001;
	510 :	00000101;
	509 :	11100110;
	508 :	11010100;
	507 :	00010110;
	506 :	00000010;
	505 :	11101010;
	504 :	00000000;
	503 :	00000101;
	502 :	11011101;
	501 :	11001010;
	500 :	11110111;
	499 :	11011110;
	498 :	11110001;
	497 :	00010000;
	496 :	00001100;
	495 :	11001010;
	494 :	11001100;
	493 :	11010011;
	492 :	11001001;
	491 :	00000101;
	490 :	00001101;
	489 :	11011101;
	488 :	11100000;
	487 :	11001111;
	486 :	10100100;
	485 :	11001101;
	484 :	11111000;
	483 :	00000100;
	482 :	11111000;
	481 :	11100100;
	480 :	11110110;
	479 :	00010111;
	478 :	00110001;
	477 :	00010010;
	476 :	10111101;
	475 :	00011001;
	474 :	11101110;
	473 :	11111101;
	472 :	00101000;
	471 :	00100100;
	470 :	11101011;
	469 :	11010101;
	468 :	00011110;
	467 :	00000101;
	466 :	00001101;
	465 :	11111111;
	464 :	00001010;
	463 :	00010011;
	462 :	00001111;
	461 :	00010111;
	460 :	00011110;
	459 :	11101001;
	458 :	11100110;
	457 :	00001101;
	456 :	00000100;
	455 :	11101100;
	454 :	11110010;
	453 :	00000100;
	452 :	11111110;
	451 :	11111100;
	450 :	11111101;
	449 :	11101100;
	448 :	11101111;
	447 :	11110010;
	446 :	11111011;
	445 :	00000101;
	444 :	11111111;
	443 :	11111001;
	442 :	11111110;
	441 :	11111010;
	440 :	11111111;
	439 :	11111111;
	438 :	11111110;
	437 :	11111011;
	436 :	11110100;
	435 :	11110000;
	434 :	00000011;
	433 :	00001010;
	432 :	11101100;
	431 :	11110010;
	430 :	11111100;
	429 :	11011111;
	428 :	11110110;
	427 :	11110111;
	426 :	11110110;
	425 :	00010000;
	424 :	11111111;
	423 :	00010000;
	422 :	11111010;
	421 :	00000011;
	420 :	00001010;
	419 :	11010111;
	418 :	00001000;
	417 :	00010010;
	416 :	11101000;
	415 :	00000101;
	414 :	00011110;
	413 :	00001100;
	412 :	11010010;
	411 :	11101001;
	410 :	11011111;
	409 :	11110111;
	408 :	11110111;
	407 :	00000011;
	406 :	00001011;
	405 :	11101110;
	404 :	11110001;
	403 :	00000011;
	402 :	00001101;
	401 :	11111110;
	400 :	11111101;
	399 :	11111100;
	398 :	00001000;
	397 :	11111011;
	396 :	00000010;
	395 :	00000111;
	394 :	00000011;
	393 :	11110100;
	392 :	11101101;
	391 :	11111111;
	390 :	11101011;
	389 :	11011111;
	388 :	11101000;
	387 :	11110001;
	386 :	11111001;
	385 :	11111111;
	384 :	00000110;
	383 :	11101011;
	382 :	11110111;
	381 :	00000001;
	380 :	00001111;
	379 :	00000101;
	378 :	00001011;
	377 :	11111001;
	376 :	00000110;
	375 :	00000100;
	374 :	11111101;
	373 :	00000111;
	372 :	00001001;
	371 :	00010000;
	370 :	00011000;
	369 :	00001000;
	368 :	00011000;
	367 :	11101000;
	366 :	00000000;
	365 :	00010110;
	364 :	11111111;
	363 :	00000000;
	362 :	00001110;
	361 :	00001100;
	360 :	00000011;
	359 :	00010101;
	358 :	00000111;
	357 :	11111100;
	356 :	11101001;
	355 :	11111111;
	354 :	00000111;
	353 :	00000100;
	352 :	11110110;
	351 :	00001010;
	350 :	11111111;
	349 :	11111001;
	348 :	11110001;
	347 :	11101001;
	346 :	11110111;
	345 :	11111010;
	344 :	11101010;
	343 :	11101101;
	342 :	11111110;
	341 :	11011101;
	340 :	10101011;
	339 :	10000001;
	338 :	11001010;
	337 :	11101011;
	336 :	00001001;
	335 :	00010010;
	334 :	11101111;
	333 :	11000001;
	332 :	10001000;
	331 :	00000011;
	330 :	11101011;
	329 :	00001011;
	328 :	00011101;
	327 :	00010110;
	326 :	00010000;
	325 :	11110010;
	324 :	00100111;
	323 :	00010011;
	322 :	00000010;
	321 :	11111000;
	320 :	00101100;
	319 :	00011011;
	318 :	11001010;
	317 :	00011010;
	316 :	00011001;
	315 :	00000011;
	314 :	11110001;
	313 :	00111000;
	312 :	00000110;
	311 :	00001010;
	310 :	11111011;
	309 :	00011100;
	308 :	00010001;
	307 :	00000111;
	306 :	11101010;
	305 :	00001011;
	304 :	00000101;
	303 :	11101011;
	302 :	11111110;
	301 :	11111110;
	300 :	00001101;
	299 :	00010001;
	298 :	11111010;
	297 :	11101011;
	296 :	11110111;
	295 :	11111001;
	294 :	11111010;
	293 :	11100101;
	292 :	11001011;
	291 :	10110100;
	290 :	10011110;
	289 :	11011010;
	288 :	00001010;
	287 :	11110101;
	286 :	11010100;
	285 :	10101010;
	284 :	11001111;
	283 :	00001111;
	282 :	00001111;
	281 :	00001010;
	280 :	11110110;
	279 :	11111000;
	278 :	11100011;
	277 :	00000010;
	276 :	00001100;
	275 :	00010011;
	274 :	00000110;
	273 :	11010100;
	272 :	00001111;
	271 :	00001000;
	270 :	00010101;
	269 :	11100100;
	268 :	00000001;
	267 :	11110011;
	266 :	11010111;
	265 :	00001111;
	264 :	00100011;
	263 :	00100001;
	262 :	00010100;
	261 :	00001100;
	260 :	11111001;
	259 :	11110011;
	258 :	11100111;
	257 :	00001110;
	256 :	00000111;
	255 :	11111011;
	254 :	11011101;
	253 :	11100100;
	252 :	11110111;
	251 :	00001011;
	250 :	00000111;
	249 :	11111101;
	248 :	11110101;
	247 :	11100101;
	246 :	11101010;
	245 :	00000101;
	244 :	11110111;
	243 :	11010101;
	242 :	11010000;
	241 :	11101101;
	240 :	11110100;
	239 :	11101001;
	238 :	11111001;
	237 :	11101100;
	236 :	11110100;
	235 :	11111001;
	234 :	11111001;
	233 :	00000100;
	232 :	00001011;
	231 :	00010011;
	230 :	11100011;
	229 :	11111111;
	228 :	00010010;
	227 :	00000110;
	226 :	00000011;
	225 :	00011100;
	224 :	11110100;
	223 :	00000110;
	222 :	00000011;
	221 :	00010000;
	220 :	00000000;
	219 :	00001100;
	218 :	00011000;
	217 :	11101100;
	216 :	00000110;
	215 :	11111011;
	214 :	00001000;
	213 :	00001011;
	212 :	00000011;
	211 :	11111100;
	210 :	00000011;
	209 :	00000000;
	208 :	00001011;
	207 :	00011100;
	206 :	00000101;
	205 :	11110100;
	204 :	11111000;
	203 :	00001101;
	202 :	00001001;
	201 :	11111000;
	200 :	11110100;
	199 :	11101111;
	198 :	11110000;
	197 :	11100101;
	196 :	11110111;
	195 :	11101111;
	194 :	11111101;
	193 :	00001111;
	192 :	00001111;
	191 :	00000110;
	190 :	00001001;
	189 :	00001011;
	188 :	00001101;
	187 :	00000110;
	186 :	00010000;
	185 :	00001110;
	184 :	00001101;
	183 :	00000000;
	182 :	00001010;
	181 :	00010100;
	180 :	00010000;
	179 :	00001001;
	178 :	11011000;
	177 :	11101011;
	176 :	11111101;
	175 :	11110010;
	174 :	11010111;
	173 :	11101001;
	172 :	11100011;
	171 :	11011010;
	170 :	10111110;
	169 :	10101100;
	168 :	11110011;
	167 :	11101000;
	166 :	11010000;
	165 :	11111011;
	164 :	00001011;
	163 :	11101000;
	162 :	11100111;
	161 :	11111100;
	160 :	11110100;
	159 :	11011110;
	158 :	11101001;
	157 :	11111001;
	156 :	11000110;
	155 :	11010100;
	154 :	00000100;
	153 :	00000010;
	152 :	00001000;
	151 :	00100100;
	150 :	00011000;
	149 :	00100001;
	148 :	00001010;
	147 :	00001100;
	146 :	00000110;
	145 :	11111111;
	144 :	11101001;
	143 :	00001111;
	142 :	00001101;
	141 :	00000111;
	140 :	11111110;
	139 :	11110011;
	138 :	11110111;
	137 :	00001001;
	136 :	11110011;
	135 :	00000011;
	134 :	11110101;
	133 :	11110110;
	132 :	00010010;
	131 :	00000111;
	130 :	00010111;
	129 :	11110011;
	128 :	00000001;
	127 :	00001000;
	126 :	00001010;
	125 :	00001011;
	124 :	00000100;
	123 :	11110000;
	122 :	11011011;
	121 :	11110110;
	120 :	00011010;
	119 :	00000111;
	118 :	00001000;
	117 :	11111110;
	116 :	11011001;
	115 :	11111100;
	114 :	00000100;
	113 :	00001000;
	112 :	00000101;
	111 :	11111110;
	110 :	00000001;
	109 :	00000011;
	108 :	00000000;
	107 :	00001100;
	106 :	00000101;
	105 :	11111000;
	104 :	11111111;
	103 :	00000000;
	102 :	00000111;
	101 :	11111100;
	100 :	00001010;
	99 :	11110110;
	98 :	00001110;
	97 :	11110011;
	96 :	11000111;
	95 :	11001101;
	94 :	11011000;
	93 :	11110111;
	92 :	11111011;
	91 :	11101111;
	90 :	11110000;
	89 :	00000100;
	88 :	00000110;
	87 :	00000100;
	86 :	00001011;
	85 :	00010111;
	84 :	00011001;
	83 :	11110011;
	82 :	00000101;
	81 :	00001000;
	80 :	11110000;
	79 :	00010010;
	78 :	00011010;
	77 :	00001100;
	76 :	11111101;
	75 :	00010000;
	74 :	11110000;
	73 :	11101000;
	72 :	00001110;
	71 :	00100000;
	70 :	00010001;
	69 :	00000011;
	68 :	00001011;
	67 :	11110100;
	66 :	00000011;
	65 :	00001011;
	64 :	00001001;
	63 :	11110100;
	62 :	00010001;
	61 :	00000101;
	60 :	00001011;
	59 :	11111011;
	58 :	11110011;
	57 :	11111100;
	56 :	11011000;
	55 :	00000000;
	54 :	11110011;
	53 :	11111001;
	52 :	00001000;
	51 :	11111100;
	50 :	11110110;
	49 :	11101010;
	48 :	00000100;
	47 :	11111111;
	46 :	00010010;
	45 :	00010110;
	44 :	00000101;
	43 :	00010010;
	42 :	00001101;
	41 :	11011011;
	40 :	11111001;
	39 :	00001111;
	38 :	00010101;
	37 :	11011100;
	36 :	11011011;
	35 :	11110000;
	34 :	11000011;
	33 :	11010100;
	32 :	00001000;
	31 :	11111001;
	30 :	11110000;
	29 :	11011001;
	28 :	00000110;
	27 :	11101111;
	26 :	11011100;
	25 :	10111100;
	24 :	10110101;
	23 :	00000001;
	22 :	11101011;
	21 :	11100110;
	20 :	11111000;
	19 :	00001010;
	18 :	11111111;
	17 :	11111111;
	16 :	00001100;
	15 :	00010001;
	14 :	11110000;
	13 :	00001001;
	12 :	11111110;
	11 :	00001111;
	10 :	00000001;
	9 :	11111000;
	8 :	11110111;
	7 :	11111100;
	6 :	11111100;
	5 :	11111101;
	4 :	11110110;
	3 :	11101100;
	2 :	11111101;
	1 :	11111000;
	0 :	11111000;
END;
